group,classify_why,product_type,handle,status,reason,sizeChart,shadowVisible,box,matched_keyword,match_field,matched_value,is_excluded,excluded_keyword,resolution_source,resolution_collection,reverify,certified,url
footwear,empty-type(brand-default-foot),,sumner-high-school-adult-bundle-crewneck-joggers,FAIL,COVERAGE GAP — no chart/no paint,,false,,,,,true,crewneck,excluded,,,,https://rudis.com/products/sumner-high-school-adult-bundle-crewneck-joggers
footwear,empty-type(brand-default-foot),,sumner-high-school-youth-bundle-crewneck-joggers,FAIL,COVERAGE GAP — no chart/no paint,,false,,,,,true,crewneck,excluded,,,,https://rudis.com/products/sumner-high-school-youth-bundle-crewneck-joggers
footwear,type:Wrestling,Wrestling,kenny-monday-1988-adult-wrestling-shoes-united-purple,PASS,footwear renders (box 230x41),60c59067-044,true,230x41,wrestling,product_title,Kenny Monday 1988 Adult Wrestling Shoes - Purple,false,,keyword_match,,,,https://rudis.com/products/kenny-monday-1988-adult-wrestling-shoes-united-purple
footwear,type:Wrestling,Wrestling,jb1-youth-wrestling-shoes-prowl,PASS,footwear renders (box 230x41),60c59067-044,true,230x41,jb1,product_title,JB1 Youth Wrestling Shoes - Prowl,false,,keyword_match,,,,https://rudis.com/products/jb1-youth-wrestling-shoes-prowl
footwear,empty-type(brand-default-foot),,test-1-kylre,FAIL,COVERAGE GAP — no chart/no paint,,false,,,,,false,,none,,,,https://rudis.com/products/test-1-kylre
footwear,type:Wrestling,Wrestling,jb1-adult-wrestling-shoes-prowl,PASS,footwear renders (box 230x41),60c59067-044,true,230x41,jb1,product_title,JB1 Adult Wrestling Shoes - Prowl,false,,keyword_match,,,,https://rudis.com/products/jb1-adult-wrestling-shoes-prowl
footwear,type:Wrestling,Wrestling,hildebrandt-2-0-girls-wrestling-shoes-leopard,FAIL,COVERAGE GAP — no chart/no paint,,false,,hildebrandt,product_title,Hildebrandt 2.0 Girl's Wrestling Shoes - Leopard,true,bra,excluded,,,,https://rudis.com/products/hildebrandt-2-0-girls-wrestling-shoes-leopard
footwear,type:Wrestling,Wrestling,rudis-samurai-speed-youth-wrestling-shoes-kokoro,PASS,footwear renders (box 230x41),60c59067-044,true,230x41,samurai,product_title,RUDIS Samurai Speed Youth Wrestling Shoes - Kokoro,false,,keyword_match,,,,https://rudis.com/products/rudis-samurai-speed-youth-wrestling-shoes-kokoro
footwear,type:Wrestling,Wrestling,hildebrandt-2-0-womens-wrestling-shoes-leopard,FAIL,COVERAGE GAP — no chart/no paint,,false,,hildebrandt,product_title,Hildebrandt 2.0 Women's Wrestling Shoes - Leopard,true,bra,excluded,,,,https://rudis.com/products/hildebrandt-2-0-womens-wrestling-shoes-leopard
footwear,type:Wrestling,Wrestling,rudis-samurai-speed-adult-wrestling-shoes-kokoro,PASS,footwear renders (box 230x41),60c59067-044,true,230x41,samurai,product_title,RUDIS Samurai Speed Adult Wrestling Shoes - Kokoro,false,,keyword_match,,,,https://rudis.com/products/rudis-samurai-speed-adult-wrestling-shoes-kokoro
footwear,empty-type(brand-default-foot),,saucon-valley-wrestling-club-black-adult,PASS,footwear renders (box 230x41),60c59067-044,true,230x41,wrestling,product_title,Saucon Valley Wrestling Club Black Adult,false,,keyword_match,,,,https://rudis.com/products/saucon-valley-wrestling-club-black-adult
footwear,empty-type(brand-default-foot),,saucon-valley-wrestling-club-black-youth,PASS,footwear renders (box 230x41),60c59067-044,true,230x41,wrestling,product_title,Saucon Valley Wrestling Club Black youth,false,,keyword_match,,,,https://rudis.com/products/saucon-valley-wrestling-club-black-youth
footwear,empty-type(brand-default-foot),,saucon-valley-wrestling-club-red-adult,PASS,footwear renders (box 230x41),60c59067-044,true,230x41,wrestling,product_title,Saucon Valley Wrestling Club RED Adult,false,,keyword_match,,,,https://rudis.com/products/saucon-valley-wrestling-club-red-adult
footwear,empty-type(brand-default-foot),,saucon-valley-wrestling-club-youth-red,PASS,footwear renders (box 230x41),60c59067-044,true,230x41,wrestling,product_title,Saucon Valley Wrestling Club Youth RED,false,,keyword_match,,,,https://rudis.com/products/saucon-valley-wrestling-club-youth-red
footwear,empty-type(brand-default-foot),,hypnosis-youth-bundle,PASS,footwear renders (box 230x41),60c59067-044,true,230x41,ks,collection_title,Gearpacks,false,,keyword_match,,,,https://rudis.com/products/hypnosis-youth-bundle
footwear,empty-type(brand-default-foot),,hypnosis-bundle,PASS,footwear renders (box 230x41),60c59067-044,true,230x41,ks,collection_title,Gearpacks,false,,keyword_match,,,,https://rudis.com/products/hypnosis-bundle
footwear,type:Wrestling,Wrestling,rudis-courage-2-0-youth-wrestling-shoes-pink-glo,PASS,footwear renders (box 230x41),60c59067-044,true,230x41,courage,product_title,RUDIS Courage 2.0 Youth Wrestling Shoes - Pink Glo,false,,keyword_match,,,,https://rudis.com/products/rudis-courage-2-0-youth-wrestling-shoes-pink-glo
footwear,type:Wrestling,Wrestling,rudis-courage-2-0-adult-wrestling-shoes-pink-glo,PASS,footwear renders (box 230x41),60c59067-044,true,230x41,courage,product_title,RUDIS Courage 2.0 Adult Wrestling Shoes - Pink Glo,false,,keyword_match,,,,https://rudis.com/products/rudis-courage-2-0-adult-wrestling-shoes-pink-glo
footwear,type:Wrestling,Wrestling,hildebrandt-2-0-girls-wrestling-shoes-neon-surge,FAIL,COVERAGE GAP — no chart/no paint,,false,,hildebrandt,product_title,Hildebrandt 2.0 Girl's Wrestling Shoes - Neon Surge,true,bra,excluded,,,,https://rudis.com/products/hildebrandt-2-0-girls-wrestling-shoes-neon-surge
footwear,type:Wrestling,Wrestling,hildebrandt-2-0-womens-adult-wrestling-shoes-neon-surge,FAIL,COVERAGE GAP — no chart/no paint,,false,,hildebrandt,product_title,Hildebrandt 2.0 Women's Adult Wrestling Shoes - Neon Surge,true,bra,excluded,,,,https://rudis.com/products/hildebrandt-2-0-womens-adult-wrestling-shoes-neon-surge
footwear,type:Wrestling,Wrestling,hildebrandt-2-0-womens-adult-wrestling-shoes-aurora-black,FAIL,COVERAGE GAP — no chart/no paint,,false,,hildebrandt,product_title,Hildebrandt 2.0 Women's Adult Wrestling Shoes - Aurora Black,true,bra,excluded,,,,https://rudis.com/products/hildebrandt-2-0-womens-adult-wrestling-shoes-aurora-black
footwear,type:Wrestling,Wrestling,hildebrandt-2-0-girls-wrestling-shoes-aurora-black,FAIL,COVERAGE GAP — no chart/no paint,,false,,hildebrandt,product_title,Hildebrandt 2.0 Girl's Wrestling Shoes - Aurora Black,true,bra,excluded,,,,https://rudis.com/products/hildebrandt-2-0-girls-wrestling-shoes-aurora-black
footwear,empty-type(brand-default-foot),,archbishop-murphy-black-youth,FAIL,COVERAGE GAP — no chart/no paint,,false,,,,,false,,none,,,,https://rudis.com/products/archbishop-murphy-black-youth
footwear,empty-type(brand-default-foot),,archbishop-murphy-black,FAIL,COVERAGE GAP — no chart/no paint,,false,,,,,false,,none,,,,https://rudis.com/products/archbishop-murphy-black
footwear,empty-type(brand-default-foot),,archbishop-murphy-red-youth,FAIL,COVERAGE GAP — no chart/no paint,,false,,,,,false,,none,,,,https://rudis.com/products/archbishop-murphy-red-youth
footwear,empty-type(brand-default-foot),,archbishop-murphy-red,FAIL,COVERAGE GAP — no chart/no paint,,false,,,,,false,,none,,,,https://rudis.com/products/archbishop-murphy-red
footwear,type:Wrestling,Wrestling,jb1-youth-wrestling-shoes-white-shark,PASS,footwear renders (box 230x41),60c59067-044,true,230x41,jb1,product_title,JB1 Youth Wrestling Shoes - White Shark,false,,keyword_match,,,,https://rudis.com/products/jb1-youth-wrestling-shoes-white-shark
footwear,type:Wrestling,Wrestling,jb1-adult-wrestling-shoes-white-shark,PASS,footwear renders (box 230x41),60c59067-044,true,230x41,jb1,product_title,JB1 Adult Wrestling Shoes - White Shark,false,,keyword_match,,,,https://rudis.com/products/jb1-adult-wrestling-shoes-white-shark
footwear,type:Wrestling,Wrestling,jb1-youth-wrestling-shoes-dark-shark,PASS,footwear renders (box 230x41),60c59067-044,true,230x41,jb1,product_title,JB1 Youth Wrestling Shoes - Dark Shark,false,,keyword_match,,,,https://rudis.com/products/jb1-youth-wrestling-shoes-dark-shark
footwear,type:Wrestling,Wrestling,jb1-adult-wrestling-shoes-dark-shark,PASS,footwear renders (box 230x41),60c59067-044,true,230x41,jb1,product_title,JB1 Adult Wrestling Shoes - Dark Shark,false,,keyword_match,,,,https://rudis.com/products/jb1-adult-wrestling-shoes-dark-shark
footwear,empty-type(brand-default-foot),,northern-bedford-hs-womens-bundle-1,FAIL,COVERAGE GAP — no chart/no paint,,false,,,,,false,,none,,,,https://rudis.com/products/northern-bedford-hs-womens-bundle-1
footwear,empty-type(brand-default-foot),,northern-bedford-hs-youth-bundle-2,FAIL,COVERAGE GAP — no chart/no paint,,false,,,,,false,,none,,,,https://rudis.com/products/northern-bedford-hs-youth-bundle-2
footwear,empty-type(brand-default-foot),,northern-bedford-hs-youth-bundle-1,FAIL,COVERAGE GAP — no chart/no paint,,false,,,,,false,,none,,,,https://rudis.com/products/northern-bedford-hs-youth-bundle-1
footwear,empty-type(brand-default-foot),,northern-bedford-hs-bundle-1,FAIL,COVERAGE GAP — no chart/no paint,,false,,,,,false,,none,,,,https://rudis.com/products/northern-bedford-hs-bundle-1
footwear,empty-type(brand-default-foot),,jb1-adult-gearpack-bundle-white,PASS,footwear renders (box 230x41),60c59067-044,true,230x41,jb1,product_title,JB1 Adult Gearpack Bundle - White,false,,keyword_match,,,,https://rudis.com/products/jb1-adult-gearpack-bundle-white
footwear,empty-type(brand-default-foot),,colt-4-0-adult-gearpack-bundle-black-night,PASS,footwear renders (box 230x41),60c59067-044,true,230x41,colt,product_title,Colt 4.0 Adult Gearpack Bundle - Black Night,false,,keyword_match,,,,https://rudis.com/products/colt-4-0-adult-gearpack-bundle-black-night
footwear,type:Wrestling,Wrestling,rudis-samurai-speed-youth-wrestling-shoes-wabi-sabi,PASS,footwear renders (box 230x41),60c59067-044,true,230x41,samurai,product_title,RUDIS Samurai Speed Youth Wrestling Shoes - Wabi Sabi,false,,keyword_match,,,,https://rudis.com/products/rudis-samurai-speed-youth-wrestling-shoes-wabi-sabi
footwear,type:Wrestling,Wrestling,rudis-samurai-speed-adult-wrestling-shoes-wabi-sabi,PASS,footwear renders (box 230x41),60c59067-044,true,230x41,samurai,product_title,RUDIS Samurai Speed Adult Wrestling Shoes - Wabi Sabi,false,,keyword_match,,,,https://rudis.com/products/rudis-samurai-speed-adult-wrestling-shoes-wabi-sabi
footwear,empty-type(brand-default-foot),,youth-calabasas-summer-bundle,FAIL,COVERAGE GAP — no chart/no paint,,false,,,,,false,,none,,,,https://rudis.com/products/youth-calabasas-summer-bundle
footwear,empty-type(brand-default-foot),,calabasas-summer-bundle,FAIL,COVERAGE GAP — no chart/no paint,,false,,,,,false,,none,,,,https://rudis.com/products/calabasas-summer-bundle
footwear,type:Wrestling,Wrestling,rudis-courage-2-0-adult-wrestling-shoes-white,PASS,footwear renders (box 230x41),60c59067-044,true,230x41,courage,product_title,RUDIS Courage 2.0 Adult Wrestling Shoes - White,false,,keyword_match,,,,https://rudis.com/products/rudis-courage-2-0-adult-wrestling-shoes-white
footwear,type:Wrestling,Wrestling,rudis-courage-2-0-adult-wrestling-shoes-black,PASS,footwear renders (box 230x41),60c59067-044,true,230x41,courage,product_title,RUDIS Courage 2.0 Adult Wrestling Shoes - Black,false,,keyword_match,,,,https://rudis.com/products/rudis-courage-2-0-adult-wrestling-shoes-black
footwear,type:Wrestling,Wrestling,rudis-courage-2-0-youth-wrestling-shoes-crushwave,PASS,footwear renders (box 230x41),60c59067-044,true,230x41,courage,product_title,RUDIS Courage 2.0 Youth Wrestling Shoes - Crushwave,false,,keyword_match,,,,https://rudis.com/products/rudis-courage-2-0-youth-wrestling-shoes-crushwave
footwear,type:Wrestling,Wrestling,rudis-courage-2-0-adult-wrestling-shoes-crushwave,PASS,footwear renders (box 230x41),60c59067-044,true,230x41,courage,product_title,RUDIS Courage 2.0 Adult Wrestling Shoes - Crushwave,false,,keyword_match,,,,https://rudis.com/products/rudis-courage-2-0-adult-wrestling-shoes-crushwave
footwear,type:Wrestling,Wrestling,rudis-courage-2-0-youth-wrestling-shoes-white,PASS,footwear renders (box 230x41),60c59067-044,true,230x41,courage,product_title,RUDIS Courage 2.0 Youth Wrestling Shoes - White,false,,keyword_match,,,,https://rudis.com/products/rudis-courage-2-0-youth-wrestling-shoes-white
footwear,type:Wrestling,Wrestling,rudis-courage-2-0-youth-wrestling-shoes-black,PASS,footwear renders (box 230x41),60c59067-044,true,230x41,courage,product_title,RUDIS Courage 2.0 Youth Wrestling Shoes - Black,false,,keyword_match,,,,https://rudis.com/products/rudis-courage-2-0-youth-wrestling-shoes-black
footwear,empty-type(brand-default-foot),,youth-old-school-training-bundle,PASS,footwear renders (box 230x41),60c59067-044,true,230x41,training,product_title,Youth Old School Training Bundle,false,,keyword_match,,,,https://rudis.com/products/youth-old-school-training-bundle
footwear,empty-type(brand-default-foot),,old-school-training-bundle,PASS,footwear renders (box 230x41),60c59067-044,true,230x41,training,product_title,Old School Training Bundle,false,,keyword_match,,,,https://rudis.com/products/old-school-training-bundle
footwear,type:Wrestling,Wrestling,ks-infinity-edge-youth-wrestling-shoes-heartbeat,PASS,footwear renders (box 230x41),60c59067-044,true,230x41,infinity,product_title,KS Infinity Edge Youth Wrestling Shoes - Heartbeat,false,,keyword_match,,,,https://rudis.com/products/ks-infinity-edge-youth-wrestling-shoes-heartbeat
footwear,type:Wrestling,Wrestling,hildebrandt-2-0-girls-wrestling-shoes-black-leopard,FAIL,COVERAGE GAP — no chart/no paint,,false,,hildebrandt,product_title,Hildebrandt 2.0 Girl's Wrestling Shoes - Black Leopard,true,bra,excluded,,,,https://rudis.com/products/hildebrandt-2-0-girls-wrestling-shoes-black-leopard
footwear,type:Wrestling,Wrestling,hildebrandt-2-0-womens-wrestling-shoes-black-leopard,FAIL,COVERAGE GAP — no chart/no paint,,false,,hildebrandt,product_title,Hildebrandt 2.0 Women's Wrestling Shoes - Black Leopard,true,bra,excluded,,,,https://rudis.com/products/hildebrandt-2-0-womens-wrestling-shoes-black-leopard
footwear,type:Wrestling,Wrestling,rudis-samurai-speed-youth-wrestling-shoes-pink-cherry-blossom,PASS,footwear renders (box 230x41),60c59067-044,true,230x41,samurai,product_title,RUDIS Samurai Speed Youth Wrestling Shoes - Pink Cherry Blossom,false,,keyword_match,,,,https://rudis.com/products/rudis-samurai-speed-youth-wrestling-shoes-pink-cherry-blossom
footwear,type:Wrestling,Wrestling,hildebrandt-2-0-girls-wrestling-shoes-green-leopard,FAIL,COVERAGE GAP — no chart/no paint,,false,,hildebrandt,product_title,Hildebrandt 2.0 Girl's Wrestling Shoes - Green Leopard,true,bra,excluded,,,,https://rudis.com/products/hildebrandt-2-0-girls-wrestling-shoes-green-leopard
footwear,type:Wrestling,Wrestling,hildebrandt-2-0-womens-wrestling-shoes-green-leopard,FAIL,COVERAGE GAP — no chart/no paint,,false,,hildebrandt,product_title,Hildebrandt 2.0 Women's Wrestling Shoes - Green Leopard,true,bra,excluded,,,,https://rudis.com/products/hildebrandt-2-0-womens-wrestling-shoes-green-leopard
footwear,type:Wrestling,Wrestling,jb1-youth-wrestling-shoes-pink-venom,PASS,footwear renders (box 230x41),60c59067-044,true,230x41,jb1,product_title,JB1 Youth Wrestling Shoes - Pink Venom,false,,keyword_match,,,,https://rudis.com/products/jb1-youth-wrestling-shoes-pink-venom
footwear,type:Wrestling,Wrestling,rudis-colt-4-0-youth-wrestling-shoes-pinknosis,PASS,footwear renders (box 230x41),60c59067-044,true,230x41,colt,product_title,RUDIS Colt 4.0 Youth Wrestling Shoes - Pinknosis,false,,keyword_match,,,,https://rudis.com/products/rudis-colt-4-0-youth-wrestling-shoes-pinknosis
footwear,type:Wrestling,Wrestling,rudis-colt-4-0-youth-wrestling-shoes-hypnosis,PASS,footwear renders (box 230x41),60c59067-044,true,230x41,colt,product_title,RUDIS Colt 4.0 Youth Wrestling Shoes - Hypnosis,false,,keyword_match,,,,https://rudis.com/products/rudis-colt-4-0-youth-wrestling-shoes-hypnosis
footwear,type:Wrestling,Wrestling,rudis-colt-4-0-adult-wrestling-shoes-hypnosis,PASS,footwear renders (box 230x41),60c59067-044,true,230x41,colt,product_title,RUDIS Colt 4.0 Adult Wrestling Shoes - Hypnosis,false,,keyword_match,,,,https://rudis.com/products/rudis-colt-4-0-adult-wrestling-shoes-hypnosis
footwear,type:Wrestling,Wrestling,jb1-adult-wrestling-shoes-pink-venom,PASS,footwear renders (box 230x41),60c59067-044,true,230x41,jb1,product_title,JB1 Adult Wrestling Shoes - Pink Venom,false,,keyword_match,,,,https://rudis.com/products/jb1-adult-wrestling-shoes-pink-venom
footwear,type:Wrestling,Wrestling,rudis-colt-4-0-adult-wrestling-shoes-pinknosis,PASS,footwear renders (box 230x41),60c59067-044,true,230x41,colt,product_title,RUDIS Colt 4.0 Adult Wrestling Shoes - Pinknosis,false,,keyword_match,,,,https://rudis.com/products/rudis-colt-4-0-adult-wrestling-shoes-pinknosis
footwear,type:Wrestling,Wrestling,ks-infinity-edge-adult-wrestling-shoes-heartbeat,PASS,footwear renders (box 230x41),60c59067-044,true,230x41,infinity,product_title,KS Infinity Edge Adult Wrestling Shoes - Heartbeat,false,,keyword_match,,,,https://rudis.com/products/ks-infinity-edge-adult-wrestling-shoes-heartbeat
footwear,type:Wrestling,Wrestling,rudis-samurai-speed-adult-wrestling-shoes-pink-cherry-blossom,PASS,footwear renders (box 230x41),60c59067-044,true,230x41,samurai,product_title,RUDIS Samurai Speed Adult Wrestling Shoes - Pink Cherry Blossom,false,,keyword_match,,,,https://rudis.com/products/rudis-samurai-speed-adult-wrestling-shoes-pink-cherry-blossom
footwear,type:Wrestling,Wrestling,jb1-youth-wrestling-shoes-superman,PASS,footwear renders (box 230x41),60c59067-044,true,230x41,jb1,product_title,JB1 Youth Wrestling Shoes - Superman,false,,keyword_match,,,,https://rudis.com/products/jb1-youth-wrestling-shoes-superman
footwear,empty-type(brand-default-foot),,st-edward-eagles-polos,FAIL,COVERAGE GAP — no chart/no paint,,false,,,,,true,polo,excluded,,,,https://rudis.com/products/st-edward-eagles-polos
footwear,type:Wrestling,Wrestling,jb1-adult-wrestling-shoes-superman,PASS,footwear renders (box 230x41),60c59067-044,true,230x41,jb1,product_title,JB1 Adult Wrestling Shoes - Superman,false,,keyword_match,,,,https://rudis.com/products/jb1-adult-wrestling-shoes-superman
footwear,empty-type(brand-default-foot),,redondo-bundle-mens,FAIL,COVERAGE GAP — no chart/no paint,,false,,,,,false,,none,,,,https://rudis.com/products/redondo-bundle-mens
footwear,empty-type(brand-default-foot),,redondo-bundle-womens,FAIL,COVERAGE GAP — no chart/no paint,,false,,,,,false,,none,,,,https://rudis.com/products/redondo-bundle-womens
footwear,type:Wrestling,Wrestling,ks-infinity-edge-youth-wrestling-shoes-scorpion,PASS,footwear renders (box 230x41),60c59067-044,true,230x41,infinity,product_title,KS Infinity Edge Youth Wrestling Shoes - Scorpion,false,,keyword_match,,,,https://rudis.com/products/ks-infinity-edge-youth-wrestling-shoes-scorpion
footwear,type:Wrestling,Wrestling,ks-infinity-edge-adult-wrestling-shoes-scorpion,PASS,footwear renders (box 230x41),60c59067-044,true,230x41,infinity,product_title,KS Infinity Edge Adult Wrestling Shoes - Scorpion,false,,keyword_match,,,,https://rudis.com/products/ks-infinity-edge-adult-wrestling-shoes-scorpion
footwear,type:Wrestling,Wrestling,rudis-samurai-speed-youth-wrestling-shoes-ikigai,PASS,footwear renders (box 230x41),60c59067-044,true,230x41,samurai,product_title,RUDIS Samurai Speed Youth Wrestling Shoes - Ikigai,false,,keyword_match,,,,https://rudis.com/products/rudis-samurai-speed-youth-wrestling-shoes-ikigai
footwear,type:Wrestling,Wrestling,rudis-samurai-speed-adult-wrestling-shoes-ikigai,PASS,footwear renders (box 230x41),60c59067-044,true,230x41,ks,collection_title,Kayla Miracle's Picks,false,,keyword_match,,,,https://rudis.com/products/rudis-samurai-speed-adult-wrestling-shoes-ikigai
footwear,empty-type(brand-default-foot),,jackrabbit-bundle,FAIL,COVERAGE GAP — no chart/no paint,,false,,,,,false,,none,,,,https://rudis.com/products/jackrabbit-bundle
footwear,type:Wrestling,Wrestling,hildebrandt-2-0-girls-wrestling-shoes-24k,FAIL,COVERAGE GAP — no chart/no paint,,false,,hildebrandt,product_title,Hildebrandt 2.0 Girl's Wrestling Shoes - 24K,true,bra,excluded,,,,https://rudis.com/products/hildebrandt-2-0-girls-wrestling-shoes-24k
footwear,empty-type(brand-default-foot),,ascend-mens-bundle-copy,PASS,footwear renders (box 230x41),60c59067-044,true,230x41,wrestling,collection_title,Ascend Wrestling Club OPP0034978,false,,keyword_match,,,,https://rudis.com/products/ascend-mens-bundle-copy
footwear,type:Wrestling,Wrestling,hildebrandt-2-0-womens-adult-wrestling-shoes-24k,FAIL,COVERAGE GAP — no chart/no paint,,false,,hildebrandt,product_title,Hildebrandt 2.0 Women's Adult Wrestling Shoes - 24K,true,bra,excluded,,,,https://rudis.com/products/hildebrandt-2-0-womens-adult-wrestling-shoes-24k
footwear,empty-type(brand-default-foot),,ascend-mens-bundle,PASS,footwear renders (box 230x41),60c59067-044,true,230x41,wrestling,collection_title,Ascend Wrestling Club OPP0034978,false,,keyword_match,,,,https://rudis.com/products/ascend-mens-bundle
footwear,type:Wrestling,Wrestling,harry-potter-samurai-speed-adult-wrestling-shoes-slytherin,PASS,footwear renders (box 230x41),60c59067-044,true,230x41,samurai,product_title,Harry Potter Samurai Speed Adult Wrestling Shoes - Slytherin,false,,keyword_match,,,,https://rudis.com/products/harry-potter-samurai-speed-adult-wrestling-shoes-slytherin
footwear,type:Wrestling,Wrestling,joker-colt-4-0-youth-wrestling-shoes-the-joker,PASS,footwear renders (box 230x41),60c59067-044,true,230x41,colt,product_title,Joker Colt 4.0 Youth Wrestling Shoes - The Joker,false,,keyword_match,,,,https://rudis.com/products/joker-colt-4-0-youth-wrestling-shoes-the-joker
footwear,type:Wrestling,Wrestling,joker-colt-4-0-adult-wrestling-shoes-the-joker,PASS,footwear renders (box 230x41),60c59067-044,true,230x41,colt,product_title,Joker Colt 4.0 Adult Wrestling Shoes - The Joker,false,,keyword_match,,,,https://rudis.com/products/joker-colt-4-0-adult-wrestling-shoes-the-joker
footwear,type:Wrestling,Wrestling,batman-colt-4-0-youth-wrestling-shoes-gray,PASS,footwear renders (box 230x41),60c59067-044,true,230x41,colt,product_title,Batman Colt 4.0 Youth Wrestling Shoes - Gray,false,,keyword_match,,,,https://rudis.com/products/batman-colt-4-0-youth-wrestling-shoes-gray
footwear,type:Wrestling,Wrestling,harry-potter-samurai-speed-youth-wrestling-shoes-slytherin,PASS,footwear renders (box 230x41),60c59067-044,true,230x41,samurai,product_title,Harry Potter Samurai Speed Youth Wrestling Shoes - Slytherin,false,,keyword_match,,,,https://rudis.com/products/harry-potter-samurai-speed-youth-wrestling-shoes-slytherin
footwear,type:Wrestling,Wrestling,harry-potter-samurai-speed-youth-wrestling-shoes-gryffindor,PASS,footwear renders (box 230x41),60c59067-044,true,230x41,samurai,product_title,Harry Potter Samurai Speed Youth Wrestling Shoes - Gryffindor,false,,keyword_match,,,,https://rudis.com/products/harry-potter-samurai-speed-youth-wrestling-shoes-gryffindor
footwear,type:Wrestling,Wrestling,harry-potter-samurai-speed-adult-wrestling-shoes-gryffindor,PASS,footwear renders (box 230x41),60c59067-044,true,230x41,samurai,product_title,Harry Potter Samurai Speed Adult Wrestling Shoes - Gryffindor,false,,keyword_match,,,,https://rudis.com/products/harry-potter-samurai-speed-adult-wrestling-shoes-gryffindor
footwear,type:Wrestling,Wrestling,batman-colt-4-0-adult-wrestling-shoes-gray,PASS,footwear renders (box 230x41),60c59067-044,true,230x41,colt,product_title,Batman Colt 4.0 Adult Wrestling Shoes - Gray,false,,keyword_match,,,,https://rudis.com/products/batman-colt-4-0-adult-wrestling-shoes-gray
footwear,type:Wrestling,Wrestling,scooby-doo-colt-4-0-youth-wrestling-shoes-mystery-machine,PASS,footwear renders (box 230x41),60c59067-044,true,230x41,colt,product_title,Scooby-Doo Colt 4.0 Youth Wrestling Shoes - Mystery Machine,false,,keyword_match,,,,https://rudis.com/products/scooby-doo-colt-4-0-youth-wrestling-shoes-mystery-machine
footwear,type:Wrestling,Wrestling,scooby-doo-colt-4-0-adult-wrestling-shoes-mystery-machine,PASS,footwear renders (box 230x41),60c59067-044,true,230x41,colt,product_title,Scooby-Doo Colt 4.0 Adult Wrestling Shoes - Mystery Machine,false,,keyword_match,,,,https://rudis.com/products/scooby-doo-colt-4-0-adult-wrestling-shoes-mystery-machine
footwear,empty-type(brand-default-foot),,south-bay-womens-bundle,FAIL,COVERAGE GAP — no chart/no paint,,false,,,,,false,,none,,,,https://rudis.com/products/south-bay-womens-bundle
footwear,empty-type(brand-default-foot),,south-bay-bundle,FAIL,COVERAGE GAP — no chart/no paint,,false,,,,,false,,none,,,,https://rudis.com/products/south-bay-bundle
footwear,type:Wrestling,Wrestling,godzilla-samurai-speed-youth-wrestling-shoes-godzilla,PASS,footwear renders (box 230x41),60c59067-044,true,230x41,samurai,product_title,Godzilla Samurai Speed Youth Wrestling Shoes - Godzilla,false,,keyword_match,,,,https://rudis.com/products/godzilla-samurai-speed-youth-wrestling-shoes-godzilla
footwear,type:Wrestling,Wrestling,godzilla-samurai-speed-adult-wrestling-shoes-godzilla,PASS,footwear renders (box 230x41),60c59067-044,true,230x41,ks,collection_title,Kayla Miracle's Picks,false,,keyword_match,,,,https://rudis.com/products/godzilla-samurai-speed-adult-wrestling-shoes-godzilla
footwear,type:Wrestling,Wrestling,king-kong-samurai-speed-youth-wrestling-shoes-kong,PASS,footwear renders (box 230x41),60c59067-044,true,230x41,samurai,product_title,King Kong Samurai Speed Youth Wrestling Shoes - Kong,false,,keyword_match,,,,https://rudis.com/products/king-kong-samurai-speed-youth-wrestling-shoes-kong
footwear,type:Wrestling,Wrestling,king-kong-samurai-speed-adult-wrestling-shoes-kong,PASS,footwear renders (box 230x41),60c59067-044,true,230x41,ks,collection_title,Spencer Lee's Picks,false,,keyword_match,,,,https://rudis.com/products/king-kong-samurai-speed-adult-wrestling-shoes-kong
footwear,type:Wrestling,Wrestling,wonder-woman-hildebrandt-2-0-girls-wrestling-shoes-wonder-woman,FAIL,COVERAGE GAP — no chart/no paint,,false,,hildebrandt,product_title,Wonder Woman Hildebrandt 2.0 Girl's Wrestling Shoes - Wonder Woman,true,bra,excluded,,,,https://rudis.com/products/wonder-woman-hildebrandt-2-0-girls-wrestling-shoes-wonder-woman
footwear,type:Wrestling,Wrestling,wonder-woman-hildebrandt-2-0-womens-adult-wrestling-shoes-wonder-woman,FAIL,COVERAGE GAP — no chart/no paint,,false,,hildebrandt,product_title,Wonder Woman Hildebrandt 2.0 Women's Adult Wrestling Shoes - Wonder Woman,true,bra,excluded,,,,https://rudis.com/products/wonder-woman-hildebrandt-2-0-womens-adult-wrestling-shoes-wonder-woman
footwear,type:Wrestling,Wrestling,rudis-colt-4-0-youth-wrestling-shoes-batman,PASS,footwear renders (box 230x41),60c59067-044,true,230x41,colt,product_title,Batman Colt 4.0 Youth Wrestling Shoes - Batman,false,,keyword_match,,,,https://rudis.com/products/rudis-colt-4-0-youth-wrestling-shoes-batman
footwear,type:Wrestling,Wrestling,rudis-colt-4-0-adult-wrestling-shoes-batman,PASS,footwear renders (box 230x41),60c59067-044,true,230x41,colt,product_title,Batman Colt 4.0 Adult Wrestling Shoes - Batman,false,,keyword_match,,,,https://rudis.com/products/rudis-colt-4-0-adult-wrestling-shoes-batman
footwear,empty-type(brand-default-foot),,north-carolina-bundle-mens-adult-bundle-copy,FAIL,COVERAGE GAP — no chart/no paint,,false,,,,,false,,none,,,,https://rudis.com/products/north-carolina-bundle-mens-adult-bundle-copy
footwear,empty-type(brand-default-foot),,north-carolina-bundle-womens-adult-bundle-copy,FAIL,COVERAGE GAP — no chart/no paint,,false,,,,,false,,none,,,,https://rudis.com/products/north-carolina-bundle-womens-adult-bundle-copy
footwear,empty-type(brand-default-foot),,north-carolina-bundle-womens-youth-bundle-copy-1,FAIL,COVERAGE GAP — no chart/no paint,,false,,,,,false,,none,,,,https://rudis.com/products/north-carolina-bundle-womens-youth-bundle-copy-1
footwear,empty-type(brand-default-foot),,north-carolina-bundle-1,FAIL,COVERAGE GAP — no chart/no paint,,false,,,,,false,,none,,,,https://rudis.com/products/north-carolina-bundle-1
footwear,empty-type(brand-default-foot),,north-carolina-bundle,FAIL,COVERAGE GAP — no chart/no paint,,false,,,,,false,,none,,,,https://rudis.com/products/north-carolina-bundle
footwear,empty-type(brand-default-foot),,womens-bundle-4-dc-elite,FAIL,COVERAGE GAP — no chart/no paint,,false,,,,,false,,none,,,,https://rudis.com/products/womens-bundle-4-dc-elite
footwear,empty-type(brand-default-foot),,womens-bundle-2-dc-elite,FAIL,COVERAGE GAP — no chart/no paint,,false,,,,,false,,none,,,,https://rudis.com/products/womens-bundle-2-dc-elite
footwear,empty-type(brand-default-foot),,womens-bundle-1-dc-elite,FAIL,COVERAGE GAP — no chart/no paint,,false,,,,,false,,none,,,,https://rudis.com/products/womens-bundle-1-dc-elite
footwear,empty-type(brand-default-foot),,mens-bundle-4-dc-elite,FAIL,COVERAGE GAP — no chart/no paint,,false,,,,,false,,none,,,,https://rudis.com/products/mens-bundle-4-dc-elite
footwear,empty-type(brand-default-foot),,mens-bundle-3-dc-elite,FAIL,COVERAGE GAP — no chart/no paint,,false,,,,,false,,none,,,,https://rudis.com/products/mens-bundle-3-dc-elite
footwear,empty-type(brand-default-foot),,mens-bundle-2-dc-elite,FAIL,COVERAGE GAP — no chart/no paint,,false,,,,,false,,none,,,,https://rudis.com/products/mens-bundle-2-dc-elite
footwear,empty-type(brand-default-foot),,mens-bundle-1,FAIL,COVERAGE GAP — no chart/no paint,,false,,,,,false,,none,,,,https://rudis.com/products/mens-bundle-1
footwear,type:Wrestling,Wrestling,ks-infinity-edge-youth-wrestling-shoes-tactical-gray,PASS,footwear renders (box 230x41),60c59067-044,true,230x41,infinity,product_title,KS Infinity Edge Youth Wrestling Shoes - Tactical Gray,false,,keyword_match,,,,https://rudis.com/products/ks-infinity-edge-youth-wrestling-shoes-tactical-gray
footwear,type:Wrestling,Wrestling,ks-infinity-edge-adult-wrestling-shoes-tactical-gray,PASS,footwear renders (box 230x41),60c59067-044,true,230x41,infinity,product_title,KS Infinity Edge Adult Wrestling Shoes - Tactical Gray,false,,keyword_match,,,,https://rudis.com/products/ks-infinity-edge-adult-wrestling-shoes-tactical-gray
footwear,type:Wrestling,Wrestling,rudis-colt-3-0-adult-wrestling-shoes-blackout,PASS,footwear renders (box 230x41),60c59067-044,true,230x41,colt,product_title,RUDIS Colt 3.0 Adult Wrestling Shoes - Blackout,false,,keyword_match,,,,https://rudis.com/products/rudis-colt-3-0-adult-wrestling-shoes-blackout
footwear,empty-type(brand-default-foot),,nebraska-elite-bundle,FAIL,COVERAGE GAP — no chart/no paint,,false,,,,,true,bra,excluded,,,,https://rudis.com/products/nebraska-elite-bundle
footwear,empty-type(brand-default-foot),,vik-usa-wrestling-map-logo-womens-classic-performance-polo-navy,FAIL,COVERAGE GAP — no chart/no paint,,false,,wrestling,product_title,VIK - USA Wrestling Map Logo Women's Classic Performance Polo - Navy,true,polo,excluded,,,,https://rudis.com/products/vik-usa-wrestling-map-logo-womens-classic-performance-polo-navy
footwear,empty-type(brand-default-foot),,vik-usa-wrestling-map-logo-womens-classic-performance-polo,FAIL,COVERAGE GAP — no chart/no paint,,false,,wrestling,product_title,VIK - USA Wrestling Map Logo Women's Classic Performance Polo,true,polo,excluded,,,,https://rudis.com/products/vik-usa-wrestling-map-logo-womens-classic-performance-polo
footwear,empty-type(brand-default-foot),,vik-usa-wrestling-map-logo-classic-performance-polo-navy,FAIL,COVERAGE GAP — no chart/no paint,,false,,wrestling,product_title,VIK - USA Wrestling Map Logo Classic Performance Polo - Navy,true,polo,excluded,,,,https://rudis.com/products/vik-usa-wrestling-map-logo-classic-performance-polo-navy
footwear,empty-type(brand-default-foot),,vik-usa-wrestling-map-logo-classic-performance-polo-lunar-gray,FAIL,COVERAGE GAP — no chart/no paint,,false,,wrestling,product_title,VIK - USA Wrestling Map Logo Classic Performance Polo - Lunar Gray,true,polo,excluded,,,,https://rudis.com/products/vik-usa-wrestling-map-logo-classic-performance-polo-lunar-gray
footwear,empty-type(brand-default-foot),,vik-usa-wrestling-map-logo-classic-performance-polo-black,FAIL,COVERAGE GAP — no chart/no paint,,false,,wrestling,product_title,VIK - USA Wrestling Map Logo Classic Performance Polo - Black,true,polo,excluded,,,,https://rudis.com/products/vik-usa-wrestling-map-logo-classic-performance-polo-black
footwear,empty-type(brand-default-foot),,vik-usa-wrestling-lightweight-tech-cinch-jogger-navy,FAIL,COVERAGE GAP — no chart/no paint,,false,,wrestling,product_title,VIK - USA Wrestling Lightweight Tech Cinch Jogger - Navy,true,cinch,excluded,,,,https://rudis.com/products/vik-usa-wrestling-lightweight-tech-cinch-jogger-navy
footwear,empty-type(brand-default-foot),,vik-usa-wrestling-lightweight-tech-cinch-jogger-black,FAIL,COVERAGE GAP — no chart/no paint,,false,,wrestling,product_title,VIK - USA Wrestling Lightweight Tech Cinch Jogger - Black,true,cinch,excluded,,,,https://rudis.com/products/vik-usa-wrestling-lightweight-tech-cinch-jogger-black
footwear,empty-type(brand-default-foot),,vik-command-performance-pant,FAIL,COVERAGE GAP — no chart/no paint,,false,,wrestling,collection_title,USA Wrestling VIK Team Store,true,pant,excluded,,,,https://rudis.com/products/vik-command-performance-pant
footwear,empty-type(brand-default-foot),,vik-usa-wrestling-map-logo-womens-victory-1-4-zip-black,FAIL,COVERAGE GAP — no chart/no paint,,false,,wrestling,product_title,VIK - USA Wrestling Map Logo Women's Victory 1/4 Zip - Black,true,1/4 zip,excluded,,,,https://rudis.com/products/vik-usa-wrestling-map-logo-womens-victory-1-4-zip-black
footwear,empty-type(brand-default-foot),,vik-usa-wrestling-map-logo-womens-victory-1-4-zip-navy,FAIL,COVERAGE GAP — no chart/no paint,,false,,wrestling,product_title,VIK - USA Wrestling Map Logo Women's Victory 1/4 Zip - Navy,true,1/4 zip,excluded,,,,https://rudis.com/products/vik-usa-wrestling-map-logo-womens-victory-1-4-zip-navy
footwear,empty-type(brand-default-foot),,vik-usa-wrestling-map-logo-victory-1-4-zip-jacket,FAIL,COVERAGE GAP — no chart/no paint,,false,,wrestling,product_title,VIK - USA Wrestling Map Logo Victory 1/4 Zip Jacket,true,jacket,excluded,,,,https://rudis.com/products/vik-usa-wrestling-map-logo-victory-1-4-zip-jacket
footwear,empty-type(brand-default-foot),,vik-usa-wrestling-genesis-gearpack-iv,PASS,footwear renders (box 230x41),60c59067-044,true,230x41,wrestling,product_title,VIK - USA Wrestling Genesis Gearpack IV,false,,keyword_match,,,,https://rudis.com/products/vik-usa-wrestling-genesis-gearpack-iv
footwear,empty-type(brand-default-foot),,team-nc-womens-bundle,FAIL,COVERAGE GAP — no chart/no paint,,false,,,,,false,,none,,,,https://rudis.com/products/team-nc-womens-bundle
footwear,empty-type(brand-default-foot),,team-nc-bundle,FAIL,COVERAGE GAP — no chart/no paint,,false,,,,,false,,none,,,,https://rudis.com/products/team-nc-bundle
footwear,empty-type(brand-default-foot),,vik-usa-wrestling-map-colorblock-jogger,PASS,footwear renders (box 230x41),60c59067-044,true,230x41,wrestling,product_title,VIK - USA Wrestling Map Colorblock Jogger,false,,keyword_match,,,,https://rudis.com/products/vik-usa-wrestling-map-colorblock-jogger
footwear,empty-type(brand-default-foot),,nyusaw-fargo-mens-bundle,FAIL,COVERAGE GAP — no chart/no paint,,false,,,,,false,,none,,,,https://rudis.com/products/nyusaw-fargo-mens-bundle
footwear,empty-type(brand-default-foot),,nyusaw-fargo-boys-youth-bundle,FAIL,COVERAGE GAP — no chart/no paint,,false,,,,,false,,none,,,,https://rudis.com/products/nyusaw-fargo-boys-youth-bundle
footwear,empty-type(brand-default-foot),,nyusaw-fargo-girls-adult-bundle-copy,FAIL,COVERAGE GAP — no chart/no paint,,false,,,,,false,,none,,,,https://rudis.com/products/nyusaw-fargo-girls-adult-bundle-copy
footwear,empty-type(brand-default-foot),,nyusaw-fargo-girls-adult-bundle-1,FAIL,COVERAGE GAP — no chart/no paint,,false,,,,,false,,none,,,,https://rudis.com/products/nyusaw-fargo-girls-adult-bundle-1
footwear,empty-type(brand-default-foot),,nyusaw-fargo-girls-adult-bundle,FAIL,COVERAGE GAP — no chart/no paint,,false,,,,,false,,none,,,,https://rudis.com/products/nyusaw-fargo-girls-adult-bundle
footwear,empty-type(brand-default-foot),,tc-lax-athlete-bundle-adult,FAIL,COVERAGE GAP — no chart/no paint,,false,,,,,false,,none,,,,https://rudis.com/products/tc-lax-athlete-bundle-adult
footwear,type:Wrestling,Wrestling,usa-wrestling-international-adult-wrestling-shoes-usa-black,PASS,footwear renders (box 230x41),60c59067-044,true,230x41,international,product_title,USA Wrestling International Adult Wrestling Shoes - USA Black,false,,keyword_match,,,,https://rudis.com/products/usa-wrestling-international-adult-wrestling-shoes-usa-black
footwear,type:Wrestling,Wrestling,tmnt-colt-4-0-youth-wrestling-shoes-dark-turtle,PASS,footwear renders (box 230x41),60c59067-044,true,230x41,colt,product_title,TMNT Colt 4.0 Youth Wrestling Shoes - Dark Turtle,false,,keyword_match,,,,https://rudis.com/products/tmnt-colt-4-0-youth-wrestling-shoes-dark-turtle
footwear,empty-type(brand-default-foot),,tc-lax-cool-feel-bundle-adult,FAIL,COVERAGE GAP — no chart/no paint,,false,,,,,false,,none,,,,https://rudis.com/products/tc-lax-cool-feel-bundle-adult
footwear,type:Wrestling,Wrestling,tmnt-colt-4-0-adult-wrestling-shoes-dark-turtle,PASS,footwear renders (box 230x41),60c59067-044,true,230x41,colt,product_title,TMNT Colt 4.0 Adult Wrestling Shoes - Dark Turtle,false,,keyword_match,,,,https://rudis.com/products/tmnt-colt-4-0-adult-wrestling-shoes-dark-turtle
footwear,kw:Runner,Training,usa-wrestling-quest-youth-lifestyle-runner-gray-camo,PASS,footwear renders (box 230x41),60c59067-044,true,230x41,lifestyle,product_title,USA Wrestling Quest Youth Lifestyle Runner - Gray Camo,false,,keyword_match,,,,https://rudis.com/products/usa-wrestling-quest-youth-lifestyle-runner-gray-camo
footwear,kw:Runner,Training,usa-wrestling-quest-adult-lifestyle-runner-gray-camo,PASS,footwear renders (box 230x41),60c59067-044,true,230x41,ks,collection_title,Marcus Blaze's Picks,false,,keyword_match,,,,https://rudis.com/products/usa-wrestling-quest-adult-lifestyle-runner-gray-camo
footwear,type:Wrestling,Wrestling,usa-wrestling-colt-4-0-youth-wrestling-shoes-gray-camo,PASS,footwear renders (box 230x41),60c59067-044,true,230x41,colt,product_title,USA Wrestling Colt 4.0 Youth Wrestling Shoes - Gray Camo,false,,keyword_match,,,,https://rudis.com/products/usa-wrestling-colt-4-0-youth-wrestling-shoes-gray-camo
footwear,type:Wrestling,Wrestling,usa-wrestling-colt-4-0-adult-wrestling-shoes-gray-camo,PASS,footwear renders (box 230x41),60c59067-044,true,230x41,colt,product_title,USA Wrestling Colt 4.0 Adult Wrestling Shoes - Gray Camo,false,,keyword_match,,,,https://rudis.com/products/usa-wrestling-colt-4-0-adult-wrestling-shoes-gray-camo
footwear,type:Wrestling,Wrestling,rudis-ks-power-youth-wrestling-shoes-black-red,PASS,footwear renders (box 230x41),60c59067-044,true,230x41,ks,product_title,RUDIS KS Power Youth Wrestling Shoes - Black/Red,false,,keyword_match,,,,https://rudis.com/products/rudis-ks-power-youth-wrestling-shoes-black-red
footwear,type:Wrestling,Wrestling,rudis-ks-power-adult-wrestling-shoes-black-red,PASS,footwear renders (box 230x41),60c59067-044,true,230x41,ks,product_title,RUDIS KS Power Adult Wrestling Shoes - Black/Red,false,,keyword_match,,,,https://rudis.com/products/rudis-ks-power-adult-wrestling-shoes-black-red
footwear,type:Wrestling,Wrestling,rudis-alpha-2-0-youth-wrestling-shoes-fear-not,PASS,footwear renders (box 230x41),60c59067-044,true,230x41,alpha,product_title,RUDIS Alpha 2.0 Youth Wrestling Shoes - Fear Not,false,,keyword_match,,,,https://rudis.com/products/rudis-alpha-2-0-youth-wrestling-shoes-fear-not
footwear,type:Wrestling,Wrestling,rudis-alpha-2-0-adult-wrestling-shoes-fear-not,PASS,footwear renders (box 230x41),60c59067-044,true,230x41,alpha,product_title,RUDIS Alpha 2.0 Adult Wrestling Shoes - Fear Not,false,,keyword_match,,,,https://rudis.com/products/rudis-alpha-2-0-adult-wrestling-shoes-fear-not
footwear,type:Wrestling,Wrestling,rudis-alpha-2-0-youth-wrestling-shoes-happy-2,PASS,footwear renders (box 230x41),60c59067-044,true,230x41,alpha,product_title,RUDIS Alpha 2.0 Youth Wrestling Shoes - Happy 2.0,false,,keyword_match,,,,https://rudis.com/products/rudis-alpha-2-0-youth-wrestling-shoes-happy-2
footwear,type:Wrestling,Wrestling,rudis-alpha-2-0-adult-wrestling-shoes-happy-2,PASS,footwear renders (box 230x41),60c59067-044,true,230x41,alpha,product_title,RUDIS Alpha 2.0 Adult Wrestling Shoes - Happy 2.0,false,,keyword_match,,,,https://rudis.com/products/rudis-alpha-2-0-adult-wrestling-shoes-happy-2
footwear,type:Wrestling,Wrestling,tmnt-colt-4-0-youth-wrestling-shoes-shredder,PASS,footwear renders (box 230x41),60c59067-044,true,230x41,colt,product_title,TMNT Colt 4.0 Youth Wrestling Shoes - Shredder,false,,keyword_match,,,,https://rudis.com/products/tmnt-colt-4-0-youth-wrestling-shoes-shredder
footwear,type:Wrestling,Wrestling,tmnt-colt-4-0-adult-wrestling-shoes-shredder,PASS,footwear renders (box 230x41),60c59067-044,true,230x41,colt,product_title,TMNT Colt 4.0 Adult Wrestling Shoes - Shredder,false,,keyword_match,,,,https://rudis.com/products/tmnt-colt-4-0-adult-wrestling-shoes-shredder
footwear,empty-type(brand-default-foot),,levittown-rtc3-youth,FAIL,COVERAGE GAP — no chart/no paint,,false,,,,,false,,none,,,,https://rudis.com/products/levittown-rtc3-youth
footwear,empty-type(brand-default-foot),,levittown-rtc2-youth,FAIL,COVERAGE GAP — no chart/no paint,,false,,,,,false,,none,,,,https://rudis.com/products/levittown-rtc2-youth
footwear,empty-type(brand-default-foot),,levittown-rtc1-youth,FAIL,COVERAGE GAP — no chart/no paint,,false,,,,,false,,none,,,,https://rudis.com/products/levittown-rtc1-youth
footwear,empty-type(brand-default-foot),,levittown-rtc3,FAIL,COVERAGE GAP — no chart/no paint,,false,,,,,false,,none,,,,https://rudis.com/products/levittown-rtc3
footwear,empty-type(brand-default-foot),,levittown-rtc1,FAIL,COVERAGE GAP — no chart/no paint,,false,,,,,false,,none,,,,https://rudis.com/products/levittown-rtc1
footwear,empty-type(brand-default-foot),,levittown-rtc2,FAIL,COVERAGE GAP — no chart/no paint,,false,,,,,false,,none,,,,https://rudis.com/products/levittown-rtc2
footwear,type:Wrestling,Wrestling,rudis-ks-infinity-edge-youth-wrestling-shoes-usa,PASS,footwear renders (box 230x41),60c59067-044,true,230x41,infinity,product_title,RUDIS KS Infinity Edge Youth Wrestling Shoes - USA,false,,keyword_match,,,,https://rudis.com/products/rudis-ks-infinity-edge-youth-wrestling-shoes-usa
footwear,type:Wrestling,Wrestling,rudis-ks-infinity-edge-adult-wrestling-shoes-usa,PASS,footwear renders (box 230x41),60c59067-044,true,230x41,infinity,product_title,RUDIS KS Infinity Edge Adult Wrestling Shoes - USA,false,,keyword_match,,,,https://rudis.com/products/rudis-ks-infinity-edge-adult-wrestling-shoes-usa
footwear,empty-type(brand-default-foot),,rtc-bundle,FAIL,COVERAGE GAP — no chart/no paint,,false,,,,,false,,none,,,,https://rudis.com/products/rtc-bundle
footwear,empty-type(brand-default-foot),,bundle,FAIL,COVERAGE GAP — no chart/no paint,,false,,,,,false,,none,,,,https://rudis.com/products/bundle
footwear,empty-type(brand-default-foot),,rudis-vent-quarter-zip-black,FAIL,COVERAGE GAP — no chart/no paint,,false,,ks,collection_title,"Men's Hoodies, Crewnecks, & Zips",true,1/4 zip,excluded,,,,https://rudis.com/products/rudis-vent-quarter-zip-black
footwear,empty-type(brand-default-foot),,rudis-vent-quarter-zip-navy,FAIL,COVERAGE GAP — no chart/no paint,,false,,ks,collection_title,"Men's Hoodies, Crewnecks, & Zips",true,1/4 zip,excluded,,,,https://rudis.com/products/rudis-vent-quarter-zip-navy
footwear,empty-type(brand-default-foot),,rudis-youth-motion-windbreaker-black,FAIL,COVERAGE GAP — no chart/no paint,,false,,,,,false,,none,,,,https://rudis.com/products/rudis-youth-motion-windbreaker-black
footwear,empty-type(brand-default-foot),,rudis-youth-motion-windbreaker-white,FAIL,COVERAGE GAP — no chart/no paint,,false,,,,,false,,none,,,,https://rudis.com/products/rudis-youth-motion-windbreaker-white
footwear,empty-type(brand-default-foot),,rampage-freestyle-bundle-1,FAIL,COVERAGE GAP — no chart/no paint,,false,,,,,false,,none,,,,https://rudis.com/products/rampage-freestyle-bundle-1
footwear,empty-type(brand-default-foot),,rampage-freestyle-bundle,FAIL,COVERAGE GAP — no chart/no paint,,false,,,,,false,,none,,,,https://rudis.com/products/rampage-freestyle-bundle
footwear,type:Wrestling,Wrestling,rudis-elite-airflow-inner-cup,FAIL,COVERAGE GAP — no chart/no paint,,false,,wrestling,product_type,Wrestling,true,cup,excluded,,,,https://rudis.com/products/rudis-elite-airflow-inner-cup
footwear,type:Wrestling,Wrestling,rudis-colt-4-0-youth-wrestling-shoes-pastel,PASS,footwear renders (box 230x41),60c59067-044,true,230x41,colt,product_title,RUDIS Colt 4.0 Youth Wrestling Shoes - Pastel,false,,keyword_match,,,,https://rudis.com/products/rudis-colt-4-0-youth-wrestling-shoes-pastel
footwear,type:Wrestling,Wrestling,rudis-colt-4-0-adult-wrestling-shoes-pastel,PASS,footwear renders (box 230x41),60c59067-044,true,230x41,colt,product_title,RUDIS Colt 4.0 Adult Wrestling Shoes - Pastel,false,,keyword_match,,,,https://rudis.com/products/rudis-colt-4-0-adult-wrestling-shoes-pastel
footwear,type:Wrestling,Wrestling,rudis-ks-power-youth-wrestling-shoes-white-camo,PASS,footwear renders (box 230x41),60c59067-044,true,230x41,ks,product_title,RUDIS KS Power Youth Wrestling Shoes - White/Camo,false,,keyword_match,,,,https://rudis.com/products/rudis-ks-power-youth-wrestling-shoes-white-camo
footwear,type:Wrestling,Wrestling,rudis-ks-power-adult-wrestling-shoes-white-camo,PASS,footwear renders (box 230x41),60c59067-044,true,230x41,ks,product_title,RUDIS KS Power Adult Wrestling Shoes - White/Camo,false,,keyword_match,,,,https://rudis.com/products/rudis-ks-power-adult-wrestling-shoes-white-camo
footwear,type:Wrestling,Wrestling,hildebrandt-girls-wrestling-shoes-pastel,FAIL,COVERAGE GAP — no chart/no paint,,false,,hildebrandt,product_title,Hildebrandt Girl's Wrestling Shoes - Pastel,true,bra,excluded,,,,https://rudis.com/products/hildebrandt-girls-wrestling-shoes-pastel
footwear,type:Wrestling,Wrestling,hildebrandt-womens-adult-wrestling-shoes-pastel,FAIL,COVERAGE GAP — no chart/no paint,,false,,hildebrandt,product_title,Hildebrandt Women's Adult Wrestling Shoes - Pastel,true,bra,excluded,,,,https://rudis.com/products/hildebrandt-womens-adult-wrestling-shoes-pastel
footwear,type:Wrestling,Wrestling,jb1-youth-wrestling-shoes-make-your-own-luck,PASS,footwear renders (box 230x41),60c59067-044,true,230x41,jb1,product_title,JB1 Youth Wrestling Shoes - Make Your Own Luck,false,,keyword_match,,,,https://rudis.com/products/jb1-youth-wrestling-shoes-make-your-own-luck
footwear,type:Wrestling,Wrestling,jb1-youth-wrestling-shoes-neon-surge,PASS,footwear renders (box 230x41),60c59067-044,true,230x41,jb1,product_title,JB1 Youth Wrestling Shoes - Neon Surge,false,,keyword_match,,,,https://rudis.com/products/jb1-youth-wrestling-shoes-neon-surge
footwear,empty-type(brand-default-foot),,rudis-team-store-bundle-test,FAIL,COVERAGE GAP — no chart/no paint,,false,,,,,false,,none,,,,https://rudis.com/products/rudis-team-store-bundle-test
footwear,type:Wrestling,Wrestling,jb1-adult-wrestling-shoes-neon-surge,PASS,footwear renders (box 230x41),60c59067-044,true,230x41,jb1,product_title,JB1 Adult Wrestling Shoes - Neon Surge,false,,keyword_match,,,,https://rudis.com/products/jb1-adult-wrestling-shoes-neon-surge
footwear,type:Wrestling,Wrestling,jb1-adult-wrestling-shoes-make-your-own-luck,PASS,footwear renders (box 230x41),60c59067-044,true,230x41,jb1,product_title,JB1 Adult Wrestling Shoes - Make Your Own Luck,false,,keyword_match,,,,https://rudis.com/products/jb1-adult-wrestling-shoes-make-your-own-luck
footwear,type:Wrestling,Wrestling,rudis-samurai-speed-adult-wrestling-shoes-dswc,PASS,footwear renders (box 230x41),60c59067-044,true,230x41,samurai,product_title,RUDIS Samurai Speed Adult Wrestling Shoes - DSWC,false,,keyword_match,,,,https://rudis.com/products/rudis-samurai-speed-adult-wrestling-shoes-dswc
footwear,type:Wrestling,Wrestling,rudis-samurai-speed-youth-wrestling-shoes-dswc,PASS,footwear renders (box 230x41),60c59067-044,true,230x41,samurai,product_title,RUDIS Samurai Speed Youth Wrestling Shoes - DSWC,false,,keyword_match,,,,https://rudis.com/products/rudis-samurai-speed-youth-wrestling-shoes-dswc
footwear,type:Wrestling,Wrestling,rudis-kolat-youth-wrestling-shoes-volt-pink,PASS,footwear renders (box 230x41),60c59067-044,true,230x41,kolat,product_title,RUDIS Kolat Youth Wrestling Shoes - Volt Pink,false,,keyword_match,,,,https://rudis.com/products/rudis-kolat-youth-wrestling-shoes-volt-pink
footwear,type:Wrestling,Wrestling,rudis-kolat-adult-wrestling-shoes-volt-pink,PASS,footwear renders (box 230x41),60c59067-044,true,230x41,kolat,product_title,RUDIS Kolat Adult Wrestling Shoes - Volt Pink,false,,keyword_match,,,,https://rudis.com/products/rudis-kolat-adult-wrestling-shoes-volt-pink
footwear,kw:Runner,Training,usa-wrestling-quest-youth-lifestyle-runner-usa-white,PASS,footwear renders (box 230x41),60c59067-044,true,230x41,lifestyle,product_title,USA Wrestling Quest Youth Lifestyle Runner - USA White,false,,keyword_match,,,,https://rudis.com/products/usa-wrestling-quest-youth-lifestyle-runner-usa-white
footwear,kw:Runner,Training,usa-wrestling-quest-adult-lifestyle-runner-usa-white,PASS,footwear renders (box 230x41),60c59067-044,true,230x41,ks,collection_title,Marcus Blaze's Picks,false,,keyword_match,,,,https://rudis.com/products/usa-wrestling-quest-adult-lifestyle-runner-usa-white
footwear,type:Wrestling,Wrestling,hildebrandt-girls-wrestling-shoes-all-heart,FAIL,COVERAGE GAP — no chart/no paint,,false,,hildebrandt,product_title,Hildebrandt Girl's Wrestling Shoes - All Heart,true,bra,excluded,,,,https://rudis.com/products/hildebrandt-girls-wrestling-shoes-all-heart
footwear,type:Wrestling,Wrestling,hildebrandt-womens-wrestling-shoes-all-heart,FAIL,COVERAGE GAP — no chart/no paint,,false,,hildebrandt,product_title,Hildebrandt Women's Wrestling Shoes - All Heart,true,bra,excluded,,,,https://rudis.com/products/hildebrandt-womens-wrestling-shoes-all-heart
footwear,type:Wrestling,Wrestling,leroy-neiman-sf-tbilisi-2-0-youth-wrestling-shoes-leroy-neiman,PASS,footwear renders (box 230x41),60c59067-044,true,230x41,sf-tbilisi,product_title,LeRoy Neiman SF-Tbilisi 2.0 Youth Wrestling Shoes - LeRoy Neiman,false,,keyword_match,,,,https://rudis.com/products/leroy-neiman-sf-tbilisi-2-0-youth-wrestling-shoes-leroy-neiman
footwear,empty-type(brand-default-foot),,rudis-elite-airflow-headgear-pink,FAIL,COVERAGE GAP — no chart/no paint,,false,,hildebrandt,collection_title,The Sarah Hildebrandt Collection,true,headgear,excluded,,,,https://rudis.com/products/rudis-elite-airflow-headgear-pink
footwear,type:Wrestling,Wrestling,hildebrandt-girls-wrestling-shoes-clear-sky,FAIL,COVERAGE GAP — no chart/no paint,,false,,hildebrandt,product_title,Hildebrandt Girl's Wrestling Shoes - Clear Sky,true,bra,excluded,,,,https://rudis.com/products/hildebrandt-girls-wrestling-shoes-clear-sky
footwear,type:Wrestling,Wrestling,hildebrandt-womens-adult-wrestling-shoes-clear-sky,FAIL,COVERAGE GAP — no chart/no paint,,false,,hildebrandt,product_title,Hildebrandt Women's Adult Wrestling Shoes - Clear Sky,true,bra,excluded,,,,https://rudis.com/products/hildebrandt-womens-adult-wrestling-shoes-clear-sky
footwear,empty-type(brand-default-foot),,rudis-tech-womens-thermal-olive,FAIL,COVERAGE GAP — no chart/no paint,,false,,,,,true,long sleeve,excluded,,,,https://rudis.com/products/rudis-tech-womens-thermal-olive
footwear,empty-type(brand-default-foot),,rudis-tech-womens-thermal-black,FAIL,COVERAGE GAP — no chart/no paint,,false,,,,,true,long sleeve,excluded,,,,https://rudis.com/products/rudis-tech-womens-thermal-black
footwear,type:Wrestling,Wrestling,size-9-rudis-international-x-wrestlegang-2,FAIL,COVERAGE GAP — chart set but no paint,60c59067-044,false,,international,product_title,Size 9 - RUDIS International X WrestleGang,false,,keyword_match,,,,https://rudis.com/products/size-9-rudis-international-x-wrestlegang-2
footwear,type:Wrestling,Wrestling,size-6-rudis-international-x-wrestlegang-1,FAIL,COVERAGE GAP — chart set but no paint,60c59067-044,false,,international,product_title,Size 6.5 - RUDIS International X WrestleGang,false,,keyword_match,,,,https://rudis.com/products/size-6-rudis-international-x-wrestlegang-1
footwear,type:Wrestling,Wrestling,size-12-rudis-international-x-wrestlegang-1,FAIL,COVERAGE GAP — chart set but no paint,60c59067-044,false,,international,product_title,Size 12 - RUDIS International X WrestleGang,false,,keyword_match,,,,https://rudis.com/products/size-12-rudis-international-x-wrestlegang-1
footwear,type:Wrestling,Wrestling,size-8-rudis-international-x-wrestlegang-1,FAIL,COVERAGE GAP — chart set but no paint,60c59067-044,false,,international,product_title,Size 8 - RUDIS International X WrestleGang,false,,keyword_match,,,,https://rudis.com/products/size-8-rudis-international-x-wrestlegang-1
footwear,type:Wrestling,Wrestling,size-13-rudis-international-x-wrestlegang-1,FAIL,COVERAGE GAP — chart set but no paint,60c59067-044,false,,international,product_title,Size 13 - RUDIS International X WrestleGang,false,,keyword_match,,,,https://rudis.com/products/size-13-rudis-international-x-wrestlegang-1
footwear,empty-type(brand-default-foot),,size-10-5-rudis-international-x-wrestlegang-3,FAIL,COVERAGE GAP — chart set but no paint,60c59067-044,false,,international,product_title,Size 10.5 - RUDIS International X WrestleGang,false,,keyword_match,,,,https://rudis.com/products/size-10-5-rudis-international-x-wrestlegang-3
footwear,type:Wrestling,Wrestling,size-7-rudis-international-x-wrestlegang-1,FAIL,COVERAGE GAP — chart set but no paint,60c59067-044,false,,international,product_title,Size 7.5 - RUDIS International X WrestleGang,false,,keyword_match,,,,https://rudis.com/products/size-7-rudis-international-x-wrestlegang-1
footwear,type:Wrestling,Wrestling,size-10-rudis-international-x-wrestlegang-3,FAIL,COVERAGE GAP — chart set but no paint,60c59067-044,false,,international,product_title,Size 10 - RUDIS International X WrestleGang,false,,keyword_match,,,,https://rudis.com/products/size-10-rudis-international-x-wrestlegang-3
footwear,type:Wrestling,Wrestling,size-11-rudis-international-x-wrestlegang-2,FAIL,COVERAGE GAP — chart set but no paint,60c59067-044,false,,international,product_title,Size 11 - RUDIS International X WrestleGang,false,,keyword_match,,,,https://rudis.com/products/size-11-rudis-international-x-wrestlegang-2
footwear,type:Wrestling,Wrestling,size-14-rudis-international-x-wrestlegang-1,FAIL,COVERAGE GAP — chart set but no paint,60c59067-044,false,,international,product_title,Size 14 - RUDIS International X WrestleGang,false,,keyword_match,,,,https://rudis.com/products/size-14-rudis-international-x-wrestlegang-1
footwear,type:Wrestling,Wrestling,size-9-5-rudis-international-x-wrestlegang-2,FAIL,COVERAGE GAP — chart set but no paint,60c59067-044,false,,international,product_title,Size 9.5 - RUDIS International X WrestleGang,false,,keyword_match,,,,https://rudis.com/products/size-9-5-rudis-international-x-wrestlegang-2
footwear,type:Wrestling,Wrestling,size-11-5-rudis-international-x-wrestlegang-1,FAIL,COVERAGE GAP — chart set but no paint,60c59067-044,false,,international,product_title,Size 11.5 - RUDIS International X WrestleGang,false,,keyword_match,,,,https://rudis.com/products/size-11-5-rudis-international-x-wrestlegang-1
footwear,type:Wrestling,Wrestling,size-8-5-rudis-international-x-wrestlegang-1,FAIL,COVERAGE GAP — chart set but no paint,60c59067-044,false,,international,product_title,Size 8.5 - RUDIS International X WrestleGang,false,,keyword_match,,,,https://rudis.com/products/size-8-5-rudis-international-x-wrestlegang-1
footwear,empty-type(brand-default-foot),,performance-uniform-set,FAIL,COVERAGE GAP — no chart/no paint,,false,,,,,false,,none,,,,https://rudis.com/products/performance-uniform-set
footwear,kw:Shoe,Training,rudis-journey-knit-youth-training-shoes-ben-askren-pink,PASS,footwear renders (box 230x41),60c59067-044,true,230x41,journey,product_title,RUDIS Journey Knit Youth Training Shoes - Ben Askren Pink,false,,keyword_match,,,,https://rudis.com/products/rudis-journey-knit-youth-training-shoes-ben-askren-pink
footwear,kw:Shoe,Training,rudis-journey-knit-adult-training-shoes-ben-askren-pink,PASS,footwear renders (box 230x41),60c59067-044,true,230x41,journey,product_title,RUDIS Journey Knit Adult Training Shoes - Ben Askren Pink,false,,keyword_match,,,,https://rudis.com/products/rudis-journey-knit-adult-training-shoes-ben-askren-pink
footwear,kw:Shoe,Training,rudis-journey-knit-youth-training-shoes-ben-askren-red,PASS,footwear renders (box 230x41),60c59067-044,true,230x41,journey,product_title,RUDIS Journey Knit Youth Training Shoes - Ben Askren Red,false,,keyword_match,,,,https://rudis.com/products/rudis-journey-knit-youth-training-shoes-ben-askren-red
footwear,kw:Shoe,Training,rudis-journey-knit-adult-training-shoes-ben-askren-red,PASS,footwear renders (box 230x41),60c59067-044,true,230x41,journey,product_title,RUDIS Journey Knit Adult Training Shoes - Ben Askren Red,false,,keyword_match,,,,https://rudis.com/products/rudis-journey-knit-adult-training-shoes-ben-askren-red
footwear,empty-type(brand-default-foot),,test-bundle-11-2025,PASS,footwear renders (box 230x41),60c59067-044,true,230x41,wrestling,collection_title,Claymont Wrestling OPP0029695,false,,keyword_match,,,,https://rudis.com/products/test-bundle-11-2025
footwear,type:Wrestling,Wrestling,jb1-signed-youth-wrestling-shoes-signed-naughty-nice,PASS,footwear renders (box 230x41),60c59067-044,true,230x41,jb1,product_title,JB1 Signed Youth Wrestling Shoes - Signed Naughty & Nice,false,,keyword_match,,,,https://rudis.com/products/jb1-signed-youth-wrestling-shoes-signed-naughty-nice
footwear,type:Wrestling,Wrestling,jb1-signed-adult-wrestling-shoes-signed-naughty-nice,PASS,footwear renders (box 230x41),60c59067-044,true,230x41,jb1,product_title,JB1 Signed Adult Wrestling Shoes - Signed Naughty & Nice,false,,keyword_match,,,,https://rudis.com/products/jb1-signed-adult-wrestling-shoes-signed-naughty-nice
footwear,empty-type(brand-default-foot),,samurai-a-way-of-life-youth-bundle,PASS,footwear renders (box 230x41),60c59067-044,true,230x41,ks,collection_title,Socks & Underwear,false,,keyword_match,,,,https://rudis.com/products/samurai-a-way-of-life-youth-bundle
footwear,empty-type(brand-default-foot),,samurai-a-way-of-life-adult-bundle,PASS,footwear renders (box 230x41),60c59067-044,true,230x41,ks,collection_title,Adult Socks & Underwear,false,,keyword_match,,,,https://rudis.com/products/samurai-a-way-of-life-adult-bundle
footwear,empty-type(brand-default-foot),,samurai-all-in-youth-bundle,PASS,footwear renders (box 230x41),60c59067-044,true,230x41,ks,collection_title,Socks & Underwear,false,,keyword_match,,,,https://rudis.com/products/samurai-all-in-youth-bundle
footwear,empty-type(brand-default-foot),,samurai-all-in-adult-bundle,PASS,footwear renders (box 230x41),60c59067-044,true,230x41,ks,collection_title,Adult Socks & Underwear,false,,keyword_match,,,,https://rudis.com/products/samurai-all-in-adult-bundle
footwear,empty-type(brand-default-foot),,kenny-monday-adult-bundle,PASS,footwear renders (box 230x41),60c59067-044,true,230x41,ks,collection_title,Adult Socks & Underwear,false,,keyword_match,,,,https://rudis.com/products/kenny-monday-adult-bundle
footwear,type:Wrestling,Wrestling,jb1-adult-wrestling-shoes-pink-lemonade,PASS,footwear renders (box 230x41),60c59067-044,true,230x41,jb1,product_title,JB1 Adult Wrestling Shoes - Pink Lemonade,false,,keyword_match,,,,https://rudis.com/products/jb1-adult-wrestling-shoes-pink-lemonade
footwear,type:Wrestling,Wrestling,rudis-colt-4-0-adult-wrestling-shoes-usa,PASS,footwear renders (box 230x41),60c59067-044,true,230x41,colt,product_title,RUDIS Colt 4.0 Adult Wrestling Shoes - USA,false,,keyword_match,,,,https://rudis.com/products/rudis-colt-4-0-adult-wrestling-shoes-usa
footwear,type:Wrestling,Wrestling,kenny-monday-adult-wrestling-shoes-black,PASS,footwear renders (box 230x41),60c59067-044,true,230x41,wrestling,product_title,Kenny Monday Adult Wrestling Shoes - Black,false,,keyword_match,,,,https://rudis.com/products/kenny-monday-adult-wrestling-shoes-black
footwear,empty-type(brand-default-foot),,rudis-elite-airflow-headgear-light-speed,FAIL,COVERAGE GAP — no chart/no paint,,false,,kolat,collection_title,Kolat Collection,true,headgear,excluded,,,,https://rudis.com/products/rudis-elite-airflow-headgear-light-speed
footwear,kw:Shoe,Tops,usa-wrestling-sf-tbilisi-2-0-youth-wrestling-shoes-usa-black,PASS,footwear renders (box 230x41),60c59067-044,true,230x41,sf-tbilisi,product_title,USA Wrestling SF-Tbilisi 2.0 Youth Wrestling Shoes - USA Black,false,,keyword_match,,,,https://rudis.com/products/usa-wrestling-sf-tbilisi-2-0-youth-wrestling-shoes-usa-black
footwear,type:Wrestling,Wrestling,usa-wrestling-sf-tbilisi-2-0-adult-wrestling-shoes-usa-black,PASS,footwear renders (box 230x41),60c59067-044,true,230x41,sf-tbilisi,product_title,USA Wrestling SF-Tbilisi 2.0 Adult Wrestling Shoes - USA Black,false,,keyword_match,,,,https://rudis.com/products/usa-wrestling-sf-tbilisi-2-0-adult-wrestling-shoes-usa-black
footwear,kw:Runner,Training,rudis-quest-youth-lifestyle-shoes-sky,PASS,footwear renders (box 230x41),60c59067-044,true,230x41,hildebrandt,collection_title,The Sarah Hildebrandt Collection,false,,keyword_match,,,,https://rudis.com/products/rudis-quest-youth-lifestyle-shoes-sky
footwear,kw:Runner,Training,rudis-quest-adult-lifestyle-shoes-sky,PASS,footwear renders (box 230x41),60c59067-044,true,230x41,hildebrandt,collection_title,The Sarah Hildebrandt Collection,false,,keyword_match,,,,https://rudis.com/products/rudis-quest-adult-lifestyle-shoes-sky
footwear,kw:Runner,Training,rudis-quest-youth-lifestyle-shoes-ranger-white,PASS,footwear renders (box 230x41),60c59067-044,true,230x41,lifestyle,product_title,RUDIS Quest Youth Lifestyle Runner - Ranger White,false,,keyword_match,,,,https://rudis.com/products/rudis-quest-youth-lifestyle-shoes-ranger-white
footwear,kw:Runner,Training,rudis-quest-adult-lifestyle-shoes-ranger-white,PASS,footwear renders (box 230x41),60c59067-044,true,230x41,hildebrandt,collection_title,The Sarah Hildebrandt Collection,false,,keyword_match,,,,https://rudis.com/products/rudis-quest-adult-lifestyle-shoes-ranger-white
footwear,kw:Runner,Training,rudis-quest-youth-lifestyle-shoes-ranger-black,PASS,footwear renders (box 230x41),60c59067-044,true,230x41,lifestyle,product_title,RUDIS Quest Youth Lifestyle Runner - Ranger Black,false,,keyword_match,,,,https://rudis.com/products/rudis-quest-youth-lifestyle-shoes-ranger-black
footwear,kw:Runner,Training,rudis-quest-adult-lifestyle-shoes-ranger-black,PASS,footwear renders (box 230x41),60c59067-044,true,230x41,hildebrandt,collection_title,The Sarah Hildebrandt Collection,false,,keyword_match,,,,https://rudis.com/products/rudis-quest-adult-lifestyle-shoes-ranger-black
footwear,kw:Shoe,Extras,kolat-shoe-keychain,FAIL,COVERAGE GAP — no chart/no paint,,false,,kolat,product_title,Kolat Shoe Keychain,true,keychain,excluded,,,,https://rudis.com/products/kolat-shoe-keychain
footwear,empty-type(brand-default-foot),,rudis-elite-airflow-headgear-inferno,FAIL,COVERAGE GAP — no chart/no paint,,false,,kolat,collection_title,Kolat Collection,true,headgear,excluded,,,,https://rudis.com/products/rudis-elite-airflow-headgear-inferno
footwear,empty-type(brand-default-foot),,rudis-elite-airflow-headgear-legacy,FAIL,COVERAGE GAP — no chart/no paint,,false,,kolat,collection_title,Kolat Collection,true,headgear,excluded,,,,https://rudis.com/products/rudis-elite-airflow-headgear-legacy
footwear,empty-type(brand-default-foot),,rudis-elite-airflow-headgear-potion,FAIL,COVERAGE GAP — no chart/no paint,,false,,kolat,collection_title,Kolat Collection,true,headgear,excluded,,,,https://rudis.com/products/rudis-elite-airflow-headgear-potion
footwear,kw:Shoe,Training,rudis-street-youth-lifestyle-shoes-ranger-green,PASS,footwear renders (box 230x41),60c59067-044,true,230x41,lifestyle,product_title,RUDIS Street Youth Lifestyle Shoes - Ranger Green,false,,keyword_match,,,,https://rudis.com/products/rudis-street-youth-lifestyle-shoes-ranger-green
footwear,kw:Shoe,Training,rudis-street-adult-lifestyle-shoes-ranger-green,PASS,footwear renders (box 230x41),60c59067-044,true,230x41,lifestyle,product_title,RUDIS Street Adult Lifestyle Shoes - Ranger Green,false,,keyword_match,,,,https://rudis.com/products/rudis-street-adult-lifestyle-shoes-ranger-green
footwear,kw:Shoe,Training,rudis-street-youth-lifestyle-shoes-thermal-surge,PASS,footwear renders (box 230x41),60c59067-044,true,230x41,lifestyle,product_title,RUDIS Street Youth Lifestyle Shoes - Thermal Surge,false,,keyword_match,,,,https://rudis.com/products/rudis-street-youth-lifestyle-shoes-thermal-surge
footwear,kw:Shoe,Training,rudis-street-adult-lifestyle-shoes-thermal-surge,PASS,footwear renders (box 230x41),60c59067-044,true,230x41,lifestyle,product_title,RUDIS Street Adult Lifestyle Shoes - Thermal Surge,false,,keyword_match,,,,https://rudis.com/products/rudis-street-adult-lifestyle-shoes-thermal-surge
footwear,kw:Shoe,Training,rudis-street-youth-lifestyle-shoes-metamorphosis,PASS,footwear renders (box 230x41),60c59067-044,true,230x41,hildebrandt,collection_title,The Sarah Hildebrandt Collection,false,,keyword_match,,,,https://rudis.com/products/rudis-street-youth-lifestyle-shoes-metamorphosis
footwear,kw:Shoe,Training,rudis-street-adult-lifestyle-shoes-metamorphosis,PASS,footwear renders (box 230x41),60c59067-044,true,230x41,hildebrandt,collection_title,The Sarah Hildebrandt Collection,false,,keyword_match,,,,https://rudis.com/products/rudis-street-adult-lifestyle-shoes-metamorphosis
footwear,kw:Shoe,Training,rudis-street-youth-lifestyle-shoes-south-beach,PASS,footwear renders (box 230x41),60c59067-044,true,230x41,lifestyle,product_title,RUDIS Street Youth Lifestyle Shoes - South Beach,false,,keyword_match,,,,https://rudis.com/products/rudis-street-youth-lifestyle-shoes-south-beach
footwear,kw:Shoe,Training,rudis-street-adult-lifestyle-shoes-south-beach,PASS,footwear renders (box 230x41),60c59067-044,true,230x41,lifestyle,product_title,RUDIS Street Adult Lifestyle Shoes - South Beach,false,,keyword_match,,,,https://rudis.com/products/rudis-street-adult-lifestyle-shoes-south-beach
footwear,kw:Shoe,Training,rudis-street-youth-lifestyle-shoes-flamingo-pink,PASS,footwear renders (box 230x41),60c59067-044,true,230x41,lifestyle,product_title,RUDIS Street Youth Lifestyle Shoes - Flamingo Pink,false,,keyword_match,,,,https://rudis.com/products/rudis-street-youth-lifestyle-shoes-flamingo-pink
footwear,kw:Shoe,Training,rudis-street-adult-lifestyle-shoes-flamingo-pink,PASS,footwear renders (box 230x41),60c59067-044,true,230x41,lifestyle,product_title,RUDIS Street Adult Lifestyle Shoes - Flamingo Pink,false,,keyword_match,,,,https://rudis.com/products/rudis-street-adult-lifestyle-shoes-flamingo-pink
footwear,empty-type(brand-default-foot),,luxe-terry-sweatpants-lunar,FAIL,COVERAGE GAP — no chart/no paint,,false,,wide,product_title,RUDIS Wide Leg Luxe Terry Sweatpants - Lunar,true,pant,excluded,,,,https://rudis.com/products/luxe-terry-sweatpants-lunar
footwear,empty-type(brand-default-foot),,luxe-terry-youth-sweatpants-lunar,FAIL,COVERAGE GAP — no chart/no paint,,false,,wide,product_title,RUDIS Youth Wide Leg Luxe Terry Sweatpants - Lunar,true,pant,excluded,,,,https://rudis.com/products/luxe-terry-youth-sweatpants-lunar
footwear,type:Wrestling,Wrestling,rudis-kolat-youth-wrestling-shoes-inferno,PASS,footwear renders (box 230x41),60c59067-044,true,230x41,kolat,product_title,RUDIS Kolat Youth Wrestling Shoes - Inferno,false,,keyword_match,,,,https://rudis.com/products/rudis-kolat-youth-wrestling-shoes-inferno
footwear,type:Wrestling,Wrestling,rudis-kolat-adult-wrestling-shoes-inferno,PASS,footwear renders (box 230x41),60c59067-044,true,230x41,kolat,product_title,RUDIS Kolat Adult Wrestling Shoes - Inferno,false,,keyword_match,,,,https://rudis.com/products/rudis-kolat-adult-wrestling-shoes-inferno
footwear,kw:Shoe,Training,rudis-journey-knit-youth-training-shoes-electric-green,PASS,footwear renders (box 230x41),60c59067-044,true,230x41,journey,product_title,RUDIS Journey Knit Youth Training Shoes - Electric Green,false,,keyword_match,,,,https://rudis.com/products/rudis-journey-knit-youth-training-shoes-electric-green
footwear,kw:Shoe,Training,rudis-journey-knit-adult-training-shoes-electric-green,PASS,footwear renders (box 230x41),60c59067-044,true,230x41,journey,product_title,RUDIS Journey Knit Adult Training Shoes - Electric Green,false,,keyword_match,,,,https://rudis.com/products/rudis-journey-knit-adult-training-shoes-electric-green
footwear,kw:Shoe,Training,rudis-journey-knit-youth-training-shoes-electric-pink,PASS,footwear renders (box 230x41),60c59067-044,true,230x41,journey,product_title,RUDIS Journey Knit Youth Training Shoes - Electric Pink,false,,keyword_match,,,,https://rudis.com/products/rudis-journey-knit-youth-training-shoes-electric-pink
footwear,kw:Shoe,Training,rudis-journey-knit-adult-training-shoes-electric-pink,PASS,footwear renders (box 230x41),60c59067-044,true,230x41,hildebrandt,collection_title,The Sarah Hildebrandt Collection,false,,keyword_match,,,,https://rudis.com/products/rudis-journey-knit-adult-training-shoes-electric-pink
footwear,type:Wrestling,Wrestling,rudis-colt-4-0-youth-wrestling-shoes-ghost-division,PASS,footwear renders (box 230x41),60c59067-044,true,230x41,colt,product_title,RUDIS Colt 4.0 Youth Wrestling Shoes - Ghost Division,false,,keyword_match,,,,https://rudis.com/products/rudis-colt-4-0-youth-wrestling-shoes-ghost-division
footwear,type:Wrestling,Wrestling,rudis-colt-4-0-youth-wrestling-shoes-black-night,PASS,footwear renders (box 230x41),60c59067-044,true,230x41,colt,product_title,RUDIS Colt 4.0 Youth Wrestling Shoes - Black Night,false,,keyword_match,,,,https://rudis.com/products/rudis-colt-4-0-youth-wrestling-shoes-black-night
footwear,type:Wrestling,Wrestling,rudis-samurai-speed-youth-wrestling-shoes-all-in,PASS,footwear renders (box 230x41),60c59067-044,true,230x41,samurai,product_title,RUDIS Samurai Speed Youth Wrestling Shoes - All In,false,,keyword_match,,,,https://rudis.com/products/rudis-samurai-speed-youth-wrestling-shoes-all-in
footwear,type:Wrestling,Wrestling,rudis-samurai-speed-adult-wrestling-shoes-all-in,PASS,footwear renders (box 230x41),60c59067-044,true,230x41,ks,collection_title,Kayla Miracle's Picks,false,,keyword_match,,,,https://rudis.com/products/rudis-samurai-speed-adult-wrestling-shoes-all-in
footwear,type:Wrestling,Wrestling,leroy-neiman-sf-tbilisi-2-0-adult-wrestling-shoes-leroy-neiman,PASS,footwear renders (box 230x41),60c59067-044,true,230x41,sf-tbilisi,product_title,LeRoy Neiman SF-Tbilisi 2.0 Adult Wrestling Shoes - LeRoy Neiman,false,,keyword_match,,,,https://rudis.com/products/leroy-neiman-sf-tbilisi-2-0-adult-wrestling-shoes-leroy-neiman
footwear,type:Wrestling,Wrestling,win-rocky-win-sf-tbilisi-2-0-youth-wrestling-shoes-win,PASS,footwear renders (box 230x41),60c59067-044,true,230x41,sf-tbilisi,product_title,"Win ""ROCKY"" Win SF-Tbilisi 2.0 Youth Wrestling Shoes - Win",false,,keyword_match,,,,https://rudis.com/products/win-rocky-win-sf-tbilisi-2-0-youth-wrestling-shoes-win
footwear,type:Wrestling,Wrestling,win-rocky-win-sf-tbilisi-2-0-adult-wrestling-shoes-win,PASS,footwear renders (box 230x41),60c59067-044,true,230x41,sf-tbilisi,product_title,"Win ""ROCKY"" Win SF-Tbilisi 2.0 Adult Wrestling Shoes - Win",false,,keyword_match,,,,https://rudis.com/products/win-rocky-win-sf-tbilisi-2-0-adult-wrestling-shoes-win
footwear,type:Wrestling,Wrestling,hildebrandt-girls-wrestling-shoes-sunset,FAIL,COVERAGE GAP — no chart/no paint,,false,,hildebrandt,product_title,Hildebrandt Girl's Wrestling Shoes - Sunset,true,bra,excluded,,,,https://rudis.com/products/hildebrandt-girls-wrestling-shoes-sunset
footwear,type:Wrestling,Wrestling,rudis-alpha-2-0-adult-wrestling-shoes-pb-j,PASS,footwear renders (box 230x41),60c59067-044,true,230x41,alpha,product_title,RUDIS Alpha 2.0 Adult Wrestling Shoes - PB&J,false,,keyword_match,,,,https://rudis.com/products/rudis-alpha-2-0-adult-wrestling-shoes-pb-j
footwear,type:Wrestling,Wrestling,rudis-alpha-2-0-youth-wrestling-shoes-pb-j,PASS,footwear renders (box 230x41),60c59067-044,true,230x41,alpha,product_title,RUDIS Alpha 2.0 Youth Wrestling Shoes - PB&J,false,,keyword_match,,,,https://rudis.com/products/rudis-alpha-2-0-youth-wrestling-shoes-pb-j
footwear,type:Wrestling,Wrestling,hildebrandt-womens-adult-wrestling-shoes-sunset,FAIL,COVERAGE GAP — no chart/no paint,,false,,hildebrandt,product_title,Hildebrandt Women's Adult Wrestling Shoes - Sunset,true,bra,excluded,,,,https://rudis.com/products/hildebrandt-womens-adult-wrestling-shoes-sunset
footwear,type:Wrestling,Wrestling,rudis-kolat-youth-wrestling-shoes-light-speed,PASS,footwear renders (box 230x41),60c59067-044,true,230x41,kolat,product_title,RUDIS Kolat Youth Wrestling Shoes - Light Speed,false,,keyword_match,,,,https://rudis.com/products/rudis-kolat-youth-wrestling-shoes-light-speed
footwear,type:Wrestling,Wrestling,rudis-kolat-adult-wrestling-shoes-light-speed,PASS,footwear renders (box 230x41),60c59067-044,true,230x41,kolat,product_title,RUDIS Kolat Adult Wrestling Shoes - Light Speed,false,,keyword_match,,,,https://rudis.com/products/rudis-kolat-adult-wrestling-shoes-light-speed
footwear,type:Wrestling,Wrestling,usa-wrestling-sf-tbilisi-2-0-youth-wrestling-shoes-usa-white,PASS,footwear renders (box 230x41),60c59067-044,true,230x41,sf-tbilisi,product_title,USA Wrestling SF-Tbilisi 2.0 Youth Wrestling Shoes - USA White,false,,keyword_match,,,,https://rudis.com/products/usa-wrestling-sf-tbilisi-2-0-youth-wrestling-shoes-usa-white
footwear,type:Wrestling,Wrestling,usa-wrestling-sf-tbilisi-2-0-adult-wrestling-shoes-usa-white,PASS,footwear renders (box 230x41),60c59067-044,true,230x41,ks,collection_title,Kennedy Blades' Picks,false,,keyword_match,,,,https://rudis.com/products/usa-wrestling-sf-tbilisi-2-0-adult-wrestling-shoes-usa-white
footwear,type:Wrestling,Wrestling,rudis-alpha-2-0-youth-wrestling-shoes-jam-time,PASS,footwear renders (box 230x41),60c59067-044,true,230x41,alpha,product_title,RUDIS Alpha 2.0 Youth Wrestling Shoes - Jam Time,false,,keyword_match,,,,https://rudis.com/products/rudis-alpha-2-0-youth-wrestling-shoes-jam-time
footwear,type:Wrestling,Wrestling,rudis-alpha-2-0-adult-wrestling-shoes-jam-time,PASS,footwear renders (box 230x41),60c59067-044,true,230x41,alpha,product_title,RUDIS Alpha 2.0 Adult Wrestling Shoes - Jam Time,false,,keyword_match,,,,https://rudis.com/products/rudis-alpha-2-0-adult-wrestling-shoes-jam-time
footwear,type:Wrestling,Wrestling,jb1-youth-wrestling-shoes-naughty-nice,PASS,footwear renders (box 230x41),60c59067-044,true,230x41,jb1,product_title,JB1 Youth Wrestling Shoes - Naughty & Nice,false,,keyword_match,,,,https://rudis.com/products/jb1-youth-wrestling-shoes-naughty-nice
footwear,type:Wrestling,Wrestling,jb1-adult-wrestling-shoes-naughty-nice,PASS,footwear renders (box 230x41),60c59067-044,true,230x41,jb1,product_title,JB1 Adult Wrestling Shoes - Naughty & Nice,false,,keyword_match,,,,https://rudis.com/products/jb1-adult-wrestling-shoes-naughty-nice
footwear,type:Wrestling,Wrestling,jb1-youth-wrestling-shoes-pink-lemonade,PASS,footwear renders (box 230x41),60c59067-044,true,230x41,jb1,product_title,JB1 Youth Wrestling Shoes - Pink Lemonade,false,,keyword_match,,,,https://rudis.com/products/jb1-youth-wrestling-shoes-pink-lemonade
footwear,type:Wrestling,Wrestling,rudis-alpha-2-0-youth-wrestling-shoes-terrain,PASS,footwear renders (box 230x41),60c59067-044,true,230x41,alpha,product_title,RUDIS Alpha 2.0 Youth Wrestling Shoes - Terrain,false,,keyword_match,,,,https://rudis.com/products/rudis-alpha-2-0-youth-wrestling-shoes-terrain
footwear,type:Wrestling,Wrestling,rudis-jb-ultralite-adult-wrestling-shoes-barely-there,PASS,footwear renders (box 230x41),60c59067-044,true,230x41,jb-ultra,product_title,RUDIS JB-UltraLITE Adult Wrestling Shoes - Barely There,false,,keyword_match,,,,https://rudis.com/products/rudis-jb-ultralite-adult-wrestling-shoes-barely-there
footwear,type:Wrestling,Wrestling,rudis-alpha-2-0-adult-wrestling-shoes-terrain,PASS,footwear renders (box 230x41),60c59067-044,true,230x41,alpha,product_title,RUDIS Alpha 2.0 Adult Wrestling Shoes - Terrain,false,,keyword_match,,,,https://rudis.com/products/rudis-alpha-2-0-adult-wrestling-shoes-terrain
footwear,type:Wrestling,Wrestling,rudis-kolat-adult-wrestling-shoes-potion,PASS,footwear renders (box 230x41),60c59067-044,true,230x41,kolat,product_title,RUDIS Kolat Adult Wrestling Shoes - Potion,false,,keyword_match,,,,https://rudis.com/products/rudis-kolat-adult-wrestling-shoes-potion
footwear,type:Wrestling,Wrestling,rudis-kolat-youth-wrestling-shoes-potion,PASS,footwear renders (box 230x41),60c59067-044,true,230x41,kolat,product_title,RUDIS Kolat Youth Wrestling Shoes - Potion,false,,keyword_match,,,,https://rudis.com/products/rudis-kolat-youth-wrestling-shoes-potion
footwear,empty-type(brand-default-foot),,luxe-terry-sweatpants-black,FAIL,COVERAGE GAP — no chart/no paint,,false,,wide,product_title,RUDIS Wide Leg Luxe Terry Sweatpants - Black,true,pant,excluded,,,,https://rudis.com/products/luxe-terry-sweatpants-black
footwear,empty-type(brand-default-foot),,rudis-womens-training-long-sleeve-shark,FAIL,COVERAGE GAP — no chart/no paint,,false,,training,product_title,RUDIS Women's Training Long Sleeve - Shark,true,long sleeve,excluded,,,,https://rudis.com/products/rudis-womens-training-long-sleeve-shark
footwear,empty-type(brand-default-foot),,rudis-womens-training-long-sleeve-lunar-gray,FAIL,COVERAGE GAP — no chart/no paint,,false,,training,product_title,RUDIS Women's Training Long Sleeve - Lunar Gray,true,long sleeve,excluded,,,,https://rudis.com/products/rudis-womens-training-long-sleeve-lunar-gray
footwear,empty-type(brand-default-foot),,rudis-womens-training-long-sleeve-black,FAIL,COVERAGE GAP — no chart/no paint,,false,,training,product_title,RUDIS Women's Training Long Sleeve - Black,true,long sleeve,excluded,,,,https://rudis.com/products/rudis-womens-training-long-sleeve-black
footwear,type:Wrestling,Wrestling,rudis-kolat-adult-wrestling-shoes-legacy,PASS,footwear renders (box 230x41),60c59067-044,true,230x41,kolat,product_title,RUDIS Kolat Adult Wrestling Shoes - Legacy,false,,keyword_match,,,,https://rudis.com/products/rudis-kolat-adult-wrestling-shoes-legacy
footwear,type:Wrestling,Wrestling,rudis-kolat-youth-wrestling-shoes-legacy,PASS,footwear renders (box 230x41),60c59067-044,true,230x41,kolat,product_title,RUDIS Kolat Youth Wrestling Shoes - Legacy,false,,keyword_match,,,,https://rudis.com/products/rudis-kolat-youth-wrestling-shoes-legacy
footwear,type:Wrestling,Wrestling,rudis-colt-4-0-adult-wrestling-shoes-black-night,PASS,footwear renders (box 230x41),60c59067-044,true,230x41,colt,product_title,RUDIS Colt 4.0 Adult Wrestling Shoes - Black Night,false,,keyword_match,,,,https://rudis.com/products/rudis-colt-4-0-adult-wrestling-shoes-black-night
footwear,type:Wrestling,Wrestling,rudis-colt-4-0-adult-wrestling-shoes-ghost-division,PASS,footwear renders (box 230x41),60c59067-044,true,230x41,colt,product_title,RUDIS Colt 4.0 Adult Wrestling Shoes - Ghost Division,false,,keyword_match,,,,https://rudis.com/products/rudis-colt-4-0-adult-wrestling-shoes-ghost-division
footwear,type:Wrestling,Wrestling,rudis-colt-4-0-wide-adult-wrestling-shoes-ghost-division,PASS,footwear renders (box 230x41),60c59067-044,true,230x41,colt,product_title,RUDIS Colt 4.0 Wide Adult Wrestling Shoes - Ghost Division,false,,keyword_match,,,,https://rudis.com/products/rudis-colt-4-0-wide-adult-wrestling-shoes-ghost-division
footwear,type:Wrestling,Wrestling,rudis-colt-4-0-wide-adult-wrestling-shoes-black-night,PASS,footwear renders (box 230x41),60c59067-044,true,230x41,colt,product_title,RUDIS Colt 4.0 Wide Adult Wrestling Shoes - Black Night,false,,keyword_match,,,,https://rudis.com/products/rudis-colt-4-0-wide-adult-wrestling-shoes-black-night
footwear,type:Wrestling,Wrestling,rudis-colt-4-0-youth-wrestling-shoes-pole-position,PASS,footwear renders (box 230x41),60c59067-044,true,230x41,colt,product_title,RUDIS Colt 4.0 Youth Wrestling Shoes - Pole Position,false,,keyword_match,,,,https://rudis.com/products/rudis-colt-4-0-youth-wrestling-shoes-pole-position
footwear,type:Wrestling,Wrestling,rudis-colt-4-0-adult-wrestling-shoes-pole-position,PASS,footwear renders (box 230x41),60c59067-044,true,230x41,colt,product_title,RUDIS Colt 4.0 Adult Wrestling Shoes - Pole Position,false,,keyword_match,,,,https://rudis.com/products/rudis-colt-4-0-adult-wrestling-shoes-pole-position
footwear,type:Wrestling,Wrestling,jb1-youth-wrestling-shoes-blackbird,PASS,footwear renders (box 230x41),60c59067-044,true,230x41,jb1,product_title,JB1 Youth Wrestling Shoes - Blackbird,false,,keyword_match,,,,https://rudis.com/products/jb1-youth-wrestling-shoes-blackbird
footwear,type:Wrestling,Wrestling,jb1-youth-wrestling-shoes-white-hot,PASS,footwear renders (box 230x41),60c59067-044,true,230x41,jb1,product_title,JB1 Youth Wrestling Shoes - White Hot,false,,keyword_match,,,,https://rudis.com/products/jb1-youth-wrestling-shoes-white-hot
footwear,type:Wrestling,Wrestling,jb1-adult-wrestling-shoes-white-hot,PASS,footwear renders (box 230x41),60c59067-044,true,230x41,jb1,product_title,JB1 Adult Wrestling Shoes - White Hot,false,,keyword_match,,,,https://rudis.com/products/jb1-adult-wrestling-shoes-white-hot
footwear,type:Wrestling,Wrestling,jb1-youth-wrestling-shoes-white,PASS,footwear renders (box 230x41),60c59067-044,true,230x41,jb1,product_title,JB1 Youth Wrestling Shoes - White,false,,keyword_match,,,,https://rudis.com/products/jb1-youth-wrestling-shoes-white
footwear,type:Wrestling,Wrestling,jb1-youth-wrestling-shoes-black-metal,PASS,footwear renders (box 230x41),60c59067-044,true,230x41,alpha,collection_title,Alpha Wrestling Club OPP0030856,false,,keyword_match,,,,https://rudis.com/products/jb1-youth-wrestling-shoes-black-metal
footwear,type:Wrestling,Wrestling,jb1-adult-wrestling-shoes-white,PASS,footwear renders (box 230x41),60c59067-044,true,230x41,jb1,product_title,JB1 Adult Wrestling Shoes - White,false,,keyword_match,,,,https://rudis.com/products/jb1-adult-wrestling-shoes-white
footwear,type:Wrestling,Wrestling,jb1-adult-wrestling-shoes-black-metal,PASS,footwear renders (box 230x41),60c59067-044,true,230x41,alpha,collection_title,Alpha Wrestling Club OPP0030856,false,,keyword_match,,,,https://rudis.com/products/jb1-adult-wrestling-shoes-black-metal
footwear,kw:Shoe,Training,rudis-journey-knit-youth-training-shoes-south-beach,PASS,footwear renders (box 230x41),60c59067-044,true,230x41,hildebrandt,collection_title,The Sarah Hildebrandt Collection,false,,keyword_match,,,,https://rudis.com/products/rudis-journey-knit-youth-training-shoes-south-beach
footwear,kw:Shoe,Training,rudis-journey-knit-adult-training-shoes-south-beach,PASS,footwear renders (box 230x41),60c59067-044,true,230x41,journey,product_title,RUDIS Journey Knit Adult Training Shoes - South Beach,false,,keyword_match,,,,https://rudis.com/products/rudis-journey-knit-adult-training-shoes-south-beach
footwear,kw:Shoe,Training,rudis-journey-knit-adult-training-shoes-ranger-green,PASS,footwear renders (box 230x41),60c59067-044,true,230x41,journey,product_title,RUDIS Journey Knit Adult Training Shoes - Ranger Green,false,,keyword_match,,,,https://rudis.com/products/rudis-journey-knit-adult-training-shoes-ranger-green
footwear,kw:Shoe,Training,rudis-journey-knit-youth-training-shoes-ranger-green,PASS,footwear renders (box 230x41),60c59067-044,true,230x41,journey,product_title,RUDIS Journey Knit Youth Training Shoes - Ranger Green,false,,keyword_match,,,,https://rudis.com/products/rudis-journey-knit-youth-training-shoes-ranger-green
footwear,kw:Shoe,Training,rudis-journey-knit-adult-training-shoes-sandstorm,PASS,footwear renders (box 230x41),60c59067-044,true,230x41,journey,product_title,RUDIS Journey Knit Adult Training Shoes - Sandstorm,false,,keyword_match,,,,https://rudis.com/products/rudis-journey-knit-adult-training-shoes-sandstorm
footwear,kw:Shoe,Training,rudis-journey-knit-youth-training-shoes-sandstorm,PASS,footwear renders (box 230x41),60c59067-044,true,230x41,journey,product_title,RUDIS Journey Knit Youth Training Shoes - Sandstorm,false,,keyword_match,,,,https://rudis.com/products/rudis-journey-knit-youth-training-shoes-sandstorm
footwear,kw:Shoe,Training,rudis-journey-knit-adult-training-shoes-white-hot,PASS,footwear renders (box 230x41),60c59067-044,true,230x41,journey,product_title,RUDIS Journey Knit Adult Training Shoes - White Hot,false,,keyword_match,,,,https://rudis.com/products/rudis-journey-knit-adult-training-shoes-white-hot
footwear,kw:Shoe,Training,rudis-journey-knit-youth-training-shoes-white-hot,PASS,footwear renders (box 230x41),60c59067-044,true,230x41,journey,product_title,RUDIS Journey Knit Youth Training Shoes - White Hot,false,,keyword_match,,,,https://rudis.com/products/rudis-journey-knit-youth-training-shoes-white-hot
footwear,type:Wrestling,Wrestling,rudis-alpha-2-0-youth-wrestling-shoes-cotton-candy,PASS,footwear renders (box 230x41),60c59067-044,true,230x41,alpha,product_title,RUDIS Alpha 2.0 Youth Wrestling Shoes - Cotton Candy,false,,keyword_match,,,,https://rudis.com/products/rudis-alpha-2-0-youth-wrestling-shoes-cotton-candy
footwear,type:Wrestling,Wrestling,rudis-alpha-2-0-adult-wrestling-shoes-cotton-candy,PASS,footwear renders (box 230x41),60c59067-044,true,230x41,alpha,product_title,RUDIS Alpha 2.0 Adult Wrestling Shoes - Cotton Candy,false,,keyword_match,,,,https://rudis.com/products/rudis-alpha-2-0-adult-wrestling-shoes-cotton-candy
footwear,type:Wrestling,Wrestling,rudis-courage-youth-wrestling-shoes-angeles,PASS,footwear renders (box 230x41),60c59067-044,true,230x41,courage,product_title,RUDIS Courage Youth Wrestling Shoes - Angeles,false,,keyword_match,,,,https://rudis.com/products/rudis-courage-youth-wrestling-shoes-angeles
footwear,type:Wrestling,Wrestling,rudis-courage-adult-wrestling-shoes-angeles,PASS,footwear renders (box 230x41),60c59067-044,true,230x41,courage,product_title,RUDIS Courage Adult Wrestling Shoes - Angeles,false,,keyword_match,,,,https://rudis.com/products/rudis-courage-adult-wrestling-shoes-angeles
footwear,type:Wrestling,Wrestling,rudis-colt-4-0-youth-wrestling-shoes-under-the-sea,PASS,footwear renders (box 230x41),60c59067-044,true,230x41,colt,product_title,RUDIS Colt 4.0 Youth Wrestling Shoes - Under the Sea,false,,keyword_match,,,,https://rudis.com/products/rudis-colt-4-0-youth-wrestling-shoes-under-the-sea
footwear,type:Wrestling,Wrestling,rudis-colt-4-0-adult-wrestling-shoes-under-the-sea,PASS,footwear renders (box 230x41),60c59067-044,true,230x41,colt,product_title,RUDIS Colt 4.0 Adult Wrestling Shoes - Under the Sea,false,,keyword_match,,,,https://rudis.com/products/rudis-colt-4-0-adult-wrestling-shoes-under-the-sea
footwear,type:Wrestling,Wrestling,rudis-colt-4-0-youth-wrestling-shoes-pink,PASS,footwear renders (box 230x41),60c59067-044,true,230x41,colt,product_title,RUDIS Colt 4.0 Youth Wrestling Shoes - Pink,false,,keyword_match,,,,https://rudis.com/products/rudis-colt-4-0-youth-wrestling-shoes-pink
footwear,type:Wrestling,Wrestling,rudis-colt-4-0-adult-wrestling-shoes-pink,PASS,footwear renders (box 230x41),60c59067-044,true,230x41,colt,product_title,RUDIS Colt 4.0 Adult Wrestling Shoes - Pink,false,,keyword_match,,,,https://rudis.com/products/rudis-colt-4-0-adult-wrestling-shoes-pink
footwear,type:Wrestling,Wrestling,hildebrandt-girls-wrestling-shoes-usa,FAIL,COVERAGE GAP — no chart/no paint,,false,,hildebrandt,product_title,Hildebrandt Girl's Wrestling Shoes - USA,true,bra,excluded,,,,https://rudis.com/products/hildebrandt-girls-wrestling-shoes-usa
footwear,type:Wrestling,Wrestling,hildebrandt-womens-adult-wrestling-shoes-usa,FAIL,COVERAGE GAP — no chart/no paint,,false,,hildebrandt,product_title,Hildebrandt Women's Adult Wrestling Shoes - USA,true,bra,excluded,,,,https://rudis.com/products/hildebrandt-womens-adult-wrestling-shoes-usa
footwear,type:Wrestling,Wrestling,rudis-jb-ultralite-adult-wrestling-shoes-multiverse,PASS,footwear renders (box 230x41),60c59067-044,true,230x41,jb-ultra,product_title,RUDIS JB-UltraLITE Adult Wrestling Shoes - Multiverse,false,,keyword_match,,,,https://rudis.com/products/rudis-jb-ultralite-adult-wrestling-shoes-multiverse
footwear,type:Wrestling,Wrestling,rudis-jb-ultralite-youth-wrestling-shoes-multiverse,PASS,footwear renders (box 230x41),60c59067-044,true,230x41,jb-ultra,product_title,RUDIS JB-UltraLITE Youth Wrestling Shoes - Multiverse,false,,keyword_match,,,,https://rudis.com/products/rudis-jb-ultralite-youth-wrestling-shoes-multiverse
footwear,type:Wrestling,Wrestling,rudis-alpha-2-0-youth-wrestling-shoes-pink-power,PASS,footwear renders (box 230x41),60c59067-044,true,230x41,alpha,product_title,RUDIS Alpha 2.0 Youth Wrestling Shoes - Pink Power,false,,keyword_match,,,,https://rudis.com/products/rudis-alpha-2-0-youth-wrestling-shoes-pink-power
footwear,type:Wrestling,Wrestling,rudis-alpha-2-0-adult-wrestling-shoes-pink-power,PASS,footwear renders (box 230x41),60c59067-044,true,230x41,alpha,product_title,RUDIS Alpha 2.0 Adult Wrestling Shoes - Pink Power,false,,keyword_match,,,,https://rudis.com/products/rudis-alpha-2-0-adult-wrestling-shoes-pink-power
footwear,type:Wrestling,Wrestling,ks-infinity-edge-youth-wrestling-shoes-winter-warfare,PASS,footwear renders (box 230x41),60c59067-044,true,230x41,infinity,product_title,KS Infinity Edge Youth Wrestling Shoes - Winter Warfare,false,,keyword_match,,,,https://rudis.com/products/ks-infinity-edge-youth-wrestling-shoes-winter-warfare
footwear,type:Wrestling,Wrestling,jb1-adult-wrestling-shoes-south-beach,PASS,footwear renders (box 230x41),60c59067-044,true,230x41,jb1,product_title,JB1 Adult Wrestling Shoes - South Beach,false,,keyword_match,,,,https://rudis.com/products/jb1-adult-wrestling-shoes-south-beach
footwear,type:Wrestling,Wrestling,jb1-youth-wrestling-shoes-south-beach,PASS,footwear renders (box 230x41),60c59067-044,true,230x41,jb1,product_title,JB1 Youth Wrestling Shoes - South Beach,false,,keyword_match,,,,https://rudis.com/products/jb1-youth-wrestling-shoes-south-beach
footwear,type:Wrestling,Wrestling,rudis-colt-4-0-youth-wrestling-shoes-live-wire,PASS,footwear renders (box 230x41),60c59067-044,true,230x41,colt,product_title,RUDIS Colt 4.0 Youth Wrestling Shoes - Live Wire,false,,keyword_match,,,,https://rudis.com/products/rudis-colt-4-0-youth-wrestling-shoes-live-wire
footwear,type:Wrestling,Wrestling,rudis-colt-4-0-adult-wrestling-shoes-live-wire,PASS,footwear renders (box 230x41),60c59067-044,true,230x41,colt,product_title,RUDIS Colt 4.0 Adult Wrestling Shoes - Live Wire,false,,keyword_match,,,,https://rudis.com/products/rudis-colt-4-0-adult-wrestling-shoes-live-wire
footwear,kw:Shoe,Training,rudis-journey-knit-youth-training-shoes-thermal-surge,PASS,footwear renders (box 230x41),60c59067-044,true,230x41,journey,product_title,RUDIS Journey Knit Youth Training Shoes - Thermal Surge,false,,keyword_match,,,,https://rudis.com/products/rudis-journey-knit-youth-training-shoes-thermal-surge
footwear,kw:Shoe,Training,rudis-journey-knit-youth-training-shoes-pink,PASS,footwear renders (box 230x41),60c59067-044,true,230x41,journey,product_title,RUDIS Journey Knit Youth Training Shoes - Pink,false,,keyword_match,,,,https://rudis.com/products/rudis-journey-knit-youth-training-shoes-pink
footwear,kw:Shoe,Training,rudis-journey-knit-adult-training-shoes-pink,PASS,footwear renders (box 230x41),60c59067-044,true,230x41,journey,product_title,RUDIS Journey Knit Adult Training Shoes - Pink,false,,keyword_match,,,,https://rudis.com/products/rudis-journey-knit-adult-training-shoes-pink
footwear,kw:Shoe,Training,rudis-journey-knit-adult-training-shoes-thermal-surge,PASS,footwear renders (box 230x41),60c59067-044,true,230x41,journey,product_title,RUDIS Journey Knit Adult Training Shoes - Thermal Surge,false,,keyword_match,,,,https://rudis.com/products/rudis-journey-knit-adult-training-shoes-thermal-surge
footwear,type:Wrestling,Wrestling,kenny-monday-1988-youth-wrestling-shoes-world-wide-purple,PASS,footwear renders (box 230x41),60c59067-044,true,230x41,wrestling,product_title,Kenny Monday 1988 Youth Wrestling Shoes - Purple,false,,keyword_match,,,,https://rudis.com/products/kenny-monday-1988-youth-wrestling-shoes-world-wide-purple
footwear,type:Wrestling,Wrestling,kenny-monday-1988-youth-wrestling-shoes-black,PASS,footwear renders (box 230x41),60c59067-044,true,230x41,wrestling,product_title,Kenny Monday 1988 Youth Wrestling Shoes - Black,false,,keyword_match,,,,https://rudis.com/products/kenny-monday-1988-youth-wrestling-shoes-black
footwear,type:Wrestling,Wrestling,ks-infinity-edge-youth-wrestling-shoes-black,PASS,footwear renders (box 230x41),60c59067-044,true,230x41,infinity,product_title,KS Infinity Edge Youth Wrestling Shoes - Black,false,,keyword_match,,,,https://rudis.com/products/ks-infinity-edge-youth-wrestling-shoes-black
footwear,type:Wrestling,Wrestling,sf-tbilisi-2-0-youth-wrestling-shoes-tactical-black,PASS,footwear renders (box 230x41),60c59067-044,true,230x41,sf-tbilisi,product_title,SF-Tbilisi 2.0 Youth Wrestling Shoes - Tactical Black,false,,keyword_match,,,,https://rudis.com/products/sf-tbilisi-2-0-youth-wrestling-shoes-tactical-black
footwear,type:Wrestling,Wrestling,ks-infinity-edge-adult-wrestling-shoes-black,PASS,footwear renders (box 230x41),60c59067-044,true,230x41,infinity,product_title,KS Infinity Edge Adult Wrestling Shoes - Black,false,,keyword_match,,,,https://rudis.com/products/ks-infinity-edge-adult-wrestling-shoes-black
footwear,type:Wrestling,Wrestling,jordan-burroughs-alpha-2-0-adult-wrestling-shoes-world-wide-navy,PASS,footwear renders (box 230x41),60c59067-044,true,230x41,alpha,product_title,Jordan Burroughs Alpha 2.0 Adult Wrestling Shoes - World Wide Navy,false,,keyword_match,,,,https://rudis.com/products/jordan-burroughs-alpha-2-0-adult-wrestling-shoes-world-wide-navy
footwear,kw:Shoe,Training,rudis-journey-knit-youth-training-shoes-midnight-white,PASS,footwear renders (box 230x41),60c59067-044,true,230x41,journey,product_title,RUDIS Journey Knit Youth Training Shoes - Midnight White,false,,keyword_match,,,,https://rudis.com/products/rudis-journey-knit-youth-training-shoes-midnight-white
footwear,kw:Shoe,Training,rudis-journey-knit-adult-training-shoes-midnight-white,PASS,footwear renders (box 230x41),60c59067-044,true,230x41,journey,product_title,RUDIS Journey Knit Adult Training Shoes - Midnight White,false,,keyword_match,,,,https://rudis.com/products/rudis-journey-knit-adult-training-shoes-midnight-white
footwear,type:Wrestling,Wrestling,ks-infinity-adult-wrestling-shoes-yang-white-lime,PASS,footwear renders (box 230x41),60c59067-044,true,230x41,infinity,product_title,KS Infinity Adult Wrestling Shoes - Yang White/Lime,false,,keyword_match,,,,https://rudis.com/products/ks-infinity-adult-wrestling-shoes-yang-white-lime
footwear,type:Wrestling,Wrestling,rudis-samurai-speed-adult-wrestling-shoes-cherry-blossom,PASS,footwear renders (box 230x41),60c59067-044,true,230x41,samurai,product_title,RUDIS Samurai Speed Adult Wrestling Shoes - Cherry Blossom,false,,keyword_match,,,,https://rudis.com/products/rudis-samurai-speed-adult-wrestling-shoes-cherry-blossom
footwear,type:Wrestling,Wrestling,rudis-samurai-speed-youth-wrestling-shoes-a-way-of-life,PASS,footwear renders (box 230x41),60c59067-044,true,230x41,samurai,product_title,RUDIS Samurai Speed Youth Wrestling Shoes - A Way of Life,false,,keyword_match,,,,https://rudis.com/products/rudis-samurai-speed-youth-wrestling-shoes-a-way-of-life
footwear,type:Wrestling,Wrestling,rudis-samurai-speed-adult-wrestling-shoes-a-way-of-life,PASS,footwear renders (box 230x41),60c59067-044,true,230x41,ks,collection_title,Marcus Blaze's Picks,false,,keyword_match,,,,https://rudis.com/products/rudis-samurai-speed-adult-wrestling-shoes-a-way-of-life
footwear,type:Wrestling,Wrestling,rudis-colt-4-0-youth-wrestling-shoes-ninja-turtle,PASS,footwear renders (box 230x41),60c59067-044,true,230x41,colt,product_title,RUDIS Colt 4.0 Youth Wrestling Shoes - Ninja Turtle,false,,keyword_match,,,,https://rudis.com/products/rudis-colt-4-0-youth-wrestling-shoes-ninja-turtle
footwear,type:Wrestling,Wrestling,rudis-colt-4-0-youth-wrestling-shoes-neon-cereal-milk,PASS,footwear renders (box 230x41),60c59067-044,true,230x41,colt,product_title,RUDIS Colt 4.0 Youth Wrestling Shoes - Neon Cereal Milk,false,,keyword_match,,,,https://rudis.com/products/rudis-colt-4-0-youth-wrestling-shoes-neon-cereal-milk
footwear,type:Wrestling,Wrestling,rudis-colt-4-0-adult-wrestling-shoes-neon-cereal-milk,PASS,footwear renders (box 230x41),60c59067-044,true,230x41,colt,product_title,RUDIS Colt 4.0 Adult Wrestling Shoes - Neon Cereal Milk,false,,keyword_match,,,,https://rudis.com/products/rudis-colt-4-0-adult-wrestling-shoes-neon-cereal-milk
footwear,type:Wrestling,Wrestling,rudis-samurai-speed-youth-wrestling-shoes-cherry-blossom,PASS,footwear renders (box 230x41),60c59067-044,true,230x41,samurai,product_title,RUDIS Samurai Speed Youth Wrestling Shoes - Cherry Blossom,false,,keyword_match,,,,https://rudis.com/products/rudis-samurai-speed-youth-wrestling-shoes-cherry-blossom
footwear,type:Wrestling,Wrestling,rudis-colt-4-0-adult-wrestling-shoes-energizer,PASS,footwear renders (box 230x41),60c59067-044,true,230x41,colt,product_title,RUDIS Colt 4.0 Adult Wrestling Shoes - Energizer,false,,keyword_match,,,,https://rudis.com/products/rudis-colt-4-0-adult-wrestling-shoes-energizer
footwear,type:Wrestling,Wrestling,rudis-colt-4-0-youth-wrestling-shoes-energizer,PASS,footwear renders (box 230x41),60c59067-044,true,230x41,colt,product_title,RUDIS Colt 4.0 Youth Wrestling Shoes - Energizer,false,,keyword_match,,,,https://rudis.com/products/rudis-colt-4-0-youth-wrestling-shoes-energizer
footwear,type:Wrestling,Wrestling,rudis-colt-4-0-adult-wrestling-shoes-ninja-turtle,PASS,footwear renders (box 230x41),60c59067-044,true,230x41,colt,product_title,RUDIS Colt 4.0 Adult Wrestling Shoes - Ninja Turtle,false,,keyword_match,,,,https://rudis.com/products/rudis-colt-4-0-adult-wrestling-shoes-ninja-turtle
footwear,type:Wrestling,Wrestling,rudis-colt-4-0-youth-wrestling-shoes-neon-edge,PASS,footwear renders (box 230x41),60c59067-044,true,230x41,colt,product_title,RUDIS Colt 4.0 Youth Wrestling Shoes - Neon Edge,false,,keyword_match,,,,https://rudis.com/products/rudis-colt-4-0-youth-wrestling-shoes-neon-edge
footwear,type:Wrestling,Wrestling,rudis-colt-4-0-adult-wrestling-shoes-neon-edge,PASS,footwear renders (box 230x41),60c59067-044,true,230x41,colt,product_title,RUDIS Colt 4.0 Adult Wrestling Shoes - Neon Edge,false,,keyword_match,,,,https://rudis.com/products/rudis-colt-4-0-adult-wrestling-shoes-neon-edge
footwear,type:Wrestling,Wrestling,jb1-youth-wrestling-shoes-flamingo-pink,PASS,footwear renders (box 230x41),60c59067-044,true,230x41,jb1,product_title,JB1 Youth Wrestling Shoes - Flamingo Pink,false,,keyword_match,,,,https://rudis.com/products/jb1-youth-wrestling-shoes-flamingo-pink
footwear,type:Wrestling,Wrestling,jb1-adult-wrestling-shoes-flamingo-pink,PASS,footwear renders (box 230x41),60c59067-044,true,230x41,jb1,product_title,JB1 Adult Wrestling Shoes - Flamingo Pink,false,,keyword_match,,,,https://rudis.com/products/jb1-adult-wrestling-shoes-flamingo-pink
footwear,type:Wrestling,Wrestling,rudis-jb-ultralite-youth-wrestling-shoes-alliseeisgold,PASS,footwear renders (box 230x41),60c59067-044,true,230x41,jb-ultra,product_title,RUDIS JB-UltraLITE Youth Wrestling Shoes - ALLISEEISGOLD,false,,keyword_match,,,,https://rudis.com/products/rudis-jb-ultralite-youth-wrestling-shoes-alliseeisgold
footwear,type:Wrestling,Wrestling,rudis-jb-ultralite-adult-wrestling-shoes-alliseeisgold,PASS,footwear renders (box 230x41),60c59067-044,true,230x41,jb-ultra,product_title,RUDIS JB-UltraLITE Adult Wrestling Shoes - ALLISEEISGOLD,false,,keyword_match,,,,https://rudis.com/products/rudis-jb-ultralite-adult-wrestling-shoes-alliseeisgold
footwear,type:Wrestling,Wrestling,jb-wrestling-youth-mystery-shoes,PASS,footwear renders (box 230x41),60c59067-044,true,230x41,wrestling,product_title,JB Wrestling Youth Mystery Shoes,false,,keyword_match,,,,https://rudis.com/products/jb-wrestling-youth-mystery-shoes
footwear,type:Wrestling,Wrestling,jb-wrestling-mystery-shoes,PASS,footwear renders (box 230x41),60c59067-044,true,230x41,wrestling,product_title,JB Wrestling Mystery Shoes,false,,keyword_match,,,,https://rudis.com/products/jb-wrestling-mystery-shoes
footwear,type:Wrestling,Wrestling,hildebrandt-girls-wrestling-shoes-berry-burst,FAIL,COVERAGE GAP — no chart/no paint,,false,,hildebrandt,product_title,Hildebrandt Girl's Wrestling Shoes - Berry Burst,true,bra,excluded,,,,https://rudis.com/products/hildebrandt-girls-wrestling-shoes-berry-burst
footwear,type:Wrestling,Wrestling,rudis-colt-4-0-youth-wrestling-shoes-usa,PASS,footwear renders (box 230x41),60c59067-044,true,230x41,colt,product_title,RUDIS Colt 4.0 Youth Wrestling Shoes - USA,false,,keyword_match,,,,https://rudis.com/products/rudis-colt-4-0-youth-wrestling-shoes-usa
footwear,type:Wrestling,Wrestling,hildebrandt-womens-adult-wrestling-shoes-berry-burst,FAIL,COVERAGE GAP — no chart/no paint,,false,,hildebrandt,product_title,Hildebrandt Women's Adult Wrestling Shoes - Berry Burst,true,bra,excluded,,,,https://rudis.com/products/hildebrandt-womens-adult-wrestling-shoes-berry-burst
footwear,type:Wrestling,Wrestling,ks-infinity-edge-youth-wrestling-shoes-controlled-chaos,PASS,footwear renders (box 230x41),60c59067-044,true,230x41,infinity,product_title,KS Infinity Edge Youth Wrestling Shoes - Controlled Chaos,false,,keyword_match,,,,https://rudis.com/products/ks-infinity-edge-youth-wrestling-shoes-controlled-chaos
footwear,kw:Shoe,,ks-infinity-edge-youth-wrestling-shoes-carbon-black,PASS,footwear renders (box 230x41),60c59067-044,true,230x41,infinity,product_title,KS Infinity Edge Youth Wrestling Shoes - Carbon Black,false,,keyword_match,,,,https://rudis.com/products/ks-infinity-edge-youth-wrestling-shoes-carbon-black
footwear,type:Wrestling,Wrestling,ks-wrestling-mystery-shoes-1,PASS,footwear renders (box 230x41),60c59067-044,true,230x41,ks,product_title,KS Wrestling Youth Mystery Shoes,false,,keyword_match,,,,https://rudis.com/products/ks-wrestling-mystery-shoes-1
footwear,kw:Shoe,,ks-infinity-edge-youth-wrestling-shoes-the-dream,PASS,footwear renders (box 230x41),60c59067-044,true,230x41,infinity,product_title,KS Infinity Edge Youth Wrestling Shoes - The Dream,false,,keyword_match,,,,https://rudis.com/products/ks-infinity-edge-youth-wrestling-shoes-the-dream
footwear,type:Wrestling,Wrestling,ks-turbine-adult-wrestling-shoes-purple-cosmo,PASS,footwear renders (box 230x41),60c59067-044,true,230x41,ks,product_title,KS Turbine Adult Wrestling Shoes - Purple Cosmo,false,,keyword_match,,,,https://rudis.com/products/ks-turbine-adult-wrestling-shoes-purple-cosmo
footwear,type:Wrestling,Wrestling,ks-turbine-youth-wrestling-shoes-scream,PASS,footwear renders (box 230x41),60c59067-044,true,230x41,ks,product_title,KS Turbine Youth Wrestling Shoes - Scream,false,,keyword_match,,,,https://rudis.com/products/ks-turbine-youth-wrestling-shoes-scream
footwear,type:Wrestling,Wrestling,ks-turbine-youth-wrestling-shoes-purple-cosmo,PASS,footwear renders (box 230x41),60c59067-044,true,230x41,ks,product_title,KS Turbine Youth Wrestling Shoes - Purple Cosmo,false,,keyword_match,,,,https://rudis.com/products/ks-turbine-youth-wrestling-shoes-purple-cosmo
footwear,type:Wrestling,Wrestling,ks-turbine-youth-wrestling-shoes-world-wide-blue,PASS,footwear renders (box 230x41),60c59067-044,true,230x41,ks,product_title,KS Turbine Youth Wrestling Shoes - World Wide Blue,false,,keyword_match,,,,https://rudis.com/products/ks-turbine-youth-wrestling-shoes-world-wide-blue
footwear,type:Wrestling,Wrestling,ks-turbine-youth-wrestling-shoes-poison-green,PASS,footwear renders (box 230x41),60c59067-044,true,230x41,ks,product_title,KS Turbine Youth Wrestling Shoes - Poison Green,false,,keyword_match,,,,https://rudis.com/products/ks-turbine-youth-wrestling-shoes-poison-green
footwear,type:Wrestling,Wrestling,ks-turbine-youth-wrestling-shoes-midnight-chrome,PASS,footwear renders (box 230x41),60c59067-044,true,230x41,ks,product_title,KS Turbine Youth Wrestling Shoes - Midnight Chrome,false,,keyword_match,,,,https://rudis.com/products/ks-turbine-youth-wrestling-shoes-midnight-chrome
footwear,type:Wrestling,Wrestling,ks-turbine-youth-wrestling-shoes-poison-blue,PASS,footwear renders (box 230x41),60c59067-044,true,230x41,ks,product_title,KS Turbine Youth Wrestling Shoes - Poison Blue,false,,keyword_match,,,,https://rudis.com/products/ks-turbine-youth-wrestling-shoes-poison-blue
footwear,type:Wrestling,Wrestling,ks-infinity-youth-wrestling-shoes-pink-glow,PASS,footwear renders (box 230x41),60c59067-044,true,230x41,infinity,product_title,KS Infinity Youth Wrestling Shoes - Pink Glow,false,,keyword_match,,,,https://rudis.com/products/ks-infinity-youth-wrestling-shoes-pink-glow
footwear,type:Wrestling,Wrestling,ks-turbine-adult-wrestling-shoes-midnight-chrome,PASS,footwear renders (box 230x41),60c59067-044,true,230x41,ks,product_title,KS Turbine Adult Wrestling Shoes - Midnight Chrome,false,,keyword_match,,,,https://rudis.com/products/ks-turbine-adult-wrestling-shoes-midnight-chrome
footwear,type:Wrestling,Wrestling,rudis-ks-power-adult-wrestling-shoes-sky,PASS,footwear renders (box 230x41),60c59067-044,true,230x41,ks,product_title,RUDIS KS Power Adult Wrestling Shoes - Sky,false,,keyword_match,,,,https://rudis.com/products/rudis-ks-power-adult-wrestling-shoes-sky
footwear,kw:Shoe,Extras,rudis-ks-gold-shoe-keychain,FAIL,COVERAGE GAP — no chart/no paint,,false,,infinity,collection_title,KS INFINITY CONTROLLED CHAOS COLLECTION,true,keychain,excluded,,,,https://rudis.com/products/rudis-ks-gold-shoe-keychain
footwear,type:Wrestling,Wrestling,ks-infinity-edge-adult-wrestling-shoes-controlled-chaos,PASS,footwear renders (box 230x41),60c59067-044,true,230x41,infinity,product_title,KS Infinity Edge Adult Wrestling Shoes - Controlled Chaos,false,,keyword_match,,,,https://rudis.com/products/ks-infinity-edge-adult-wrestling-shoes-controlled-chaos
footwear,type:Wrestling,Wrestling,rudis-ks-power-adult-wrestling-shoes-heat-seeker,PASS,footwear renders (box 230x41),60c59067-044,true,230x41,ks,product_title,RUDIS KS Power Adult Wrestling Shoes - Heat Seeker,false,,keyword_match,,,,https://rudis.com/products/rudis-ks-power-adult-wrestling-shoes-heat-seeker
footwear,type:Wrestling,Wrestling,rudis-ks-power-adult-wrestling-shoes-imperial-white,PASS,footwear renders (box 230x41),60c59067-044,true,230x41,ks,product_title,RUDIS KS Power Adult Wrestling Shoes - Imperial White,false,,keyword_match,,,,https://rudis.com/products/rudis-ks-power-adult-wrestling-shoes-imperial-white
footwear,type:Wrestling,Wrestling,rudis-ks-power-adult-wrestling-shoes-night-sight,PASS,footwear renders (box 230x41),60c59067-044,true,230x41,ks,product_title,RUDIS KS Power Adult Wrestling Shoes - Night Sights,false,,keyword_match,,,,https://rudis.com/products/rudis-ks-power-adult-wrestling-shoes-night-sight
footwear,kw:Shoe,,ks-infinity-edge-adult-wrestling-shoes-winter-warfare,PASS,footwear renders (box 230x41),60c59067-044,true,230x41,colt,collection_title,Colts Neck HS OPP0030999,false,,keyword_match,,,,https://rudis.com/products/ks-infinity-edge-adult-wrestling-shoes-winter-warfare
footwear,kw:Shoe,,ks-infinity-edge-adult-wrestling-shoes-carbon-black,PASS,footwear renders (box 230x41),60c59067-044,true,230x41,infinity,product_title,KS Infinity Edge Adult Wrestling Shoes - Carbon Black,false,,keyword_match,,,,https://rudis.com/products/ks-infinity-edge-adult-wrestling-shoes-carbon-black
footwear,type:Wrestling,Wrestling,ks-infinity-edge-adult-wrestling-shoes-the-dream,PASS,footwear renders (box 230x41),60c59067-044,true,230x41,infinity,product_title,KS Infinity Edge Adult Wrestling Shoes - The Dream,false,,keyword_match,,,,https://rudis.com/products/ks-infinity-edge-adult-wrestling-shoes-the-dream
footwear,type:Wrestling,Wrestling,ks-wrestling-mystery-shoes,PASS,footwear renders (box 230x41),60c59067-044,true,230x41,ks,product_title,KS Wrestling Mystery Shoes,false,,keyword_match,,,,https://rudis.com/products/ks-wrestling-mystery-shoes
footwear,type:Wrestling,Wrestling,ks-infinity-edge-adult-wrestling-shoes-rio,PASS,footwear renders (box 230x41),60c59067-044,true,230x41,infinity,product_title,KS Infinity Edge Adult Wrestling Shoes - Rio,false,,keyword_match,,,,https://rudis.com/products/ks-infinity-edge-adult-wrestling-shoes-rio
footwear,type:Wrestling,Wrestling,ks-infinity-edge-adult-wrestling-shoes-cowboy,PASS,footwear renders (box 230x41),60c59067-044,true,230x41,infinity,product_title,KS Infinity Edge Adult Wrestling Shoes - Cowboy,false,,keyword_match,,,,https://rudis.com/products/ks-infinity-edge-adult-wrestling-shoes-cowboy
footwear,type:Wrestling,Wrestling,ks-infinity-edge-adult-wrestling-shoes-ammo,PASS,footwear renders (box 230x41),60c59067-044,true,230x41,infinity,product_title,KS Infinity Edge Adult Wrestling Shoes - Ammo,false,,keyword_match,,,,https://rudis.com/products/ks-infinity-edge-adult-wrestling-shoes-ammo
footwear,type:Wrestling,Wrestling,ks-infinity-edge-adult-wrestling-shoes-world-wide,PASS,footwear renders (box 230x41),60c59067-044,true,230x41,infinity,product_title,KS Infinity Edge Adult Wrestling Shoes - World Wide,false,,keyword_match,,,,https://rudis.com/products/ks-infinity-edge-adult-wrestling-shoes-world-wide
footwear,kw:Shoe,Training,rudis-journey-youth-mystery-shoes,PASS,footwear renders (box 230x41),60c59067-044,true,230x41,journey,product_title,RUDIS Journey Youth Mystery Shoes,false,,keyword_match,,,,https://rudis.com/products/rudis-journey-youth-mystery-shoes
footwear,kw:Shoe,Training,rudis-journey-mystery-shoes,PASS,footwear renders (box 230x41),60c59067-044,true,230x41,journey,product_title,RUDIS Journey Mystery Shoes,false,,keyword_match,,,,https://rudis.com/products/rudis-journey-mystery-shoes
footwear,kw:Shoe,Training,vik-rudis-journey-knit-adult-training-shoes-usa,PASS,footwear renders (box 230x41),60c59067-044,true,230x41,journey,product_title,VIK - RUDIS Journey Knit Adult Training Shoes - USA,false,,keyword_match,,,,https://rudis.com/products/vik-rudis-journey-knit-adult-training-shoes-usa
footwear,empty-type(brand-default-foot),,vik-usa-gold-standard-uniform-pants,FAIL,COVERAGE GAP — no chart/no paint,,false,,wrestling,collection_title,USA Wrestling VIK Team Store,true,pant,excluded,,,,https://rudis.com/products/vik-usa-gold-standard-uniform-pants
footwear,kw:Hiker,Bags,usaw-logo-hiker-gearpack,FAIL,COVERAGE GAP — no chart/no paint,,false,,,,,true,logo,excluded,,,,https://rudis.com/products/usaw-logo-hiker-gearpack
footwear,kw:Shoe,Bundle,utility-wrestling-x-street-shoe-bundle-2,PASS,footwear renders (box 230x41),60c59067-044,true,230x41,international,product_title,International + Street Adult Shoe Bundle - Utility,false,,keyword_match,,,,https://rudis.com/products/utility-wrestling-x-street-shoe-bundle-2
footwear,kw:Shoe,Training,rudis-journey-knit-youth-training-shoes-usa,PASS,footwear renders (box 230x41),60c59067-044,true,230x41,journey,product_title,RUDIS Journey Knit Youth Training Shoes - USA,false,,keyword_match,,,,https://rudis.com/products/rudis-journey-knit-youth-training-shoes-usa
footwear,kw:Shoe,Training,rudis-journey-knit-adult-training-shoes-usa,PASS,footwear renders (box 230x41),60c59067-044,true,230x41,journey,product_title,RUDIS Journey Knit Adult Training Shoes - USA,false,,keyword_match,,,,https://rudis.com/products/rudis-journey-knit-adult-training-shoes-usa
footwear,type:Wrestling,Wrestling,rudis-international-adult-wrestling-shoes-black,PASS,footwear renders (box 230x41),60c59067-044,true,230x41,international,product_title,RUDIS International Adult Wrestling Shoes - Black,false,,keyword_match,,,,https://rudis.com/products/rudis-international-adult-wrestling-shoes-black
footwear,type:Wrestling,Wrestling,rudis-international-adult-wrestling-shoes-utility,PASS,footwear renders (box 230x41),60c59067-044,true,230x41,international,product_title,RUDIS International Adult Wrestling Shoes - Utility,false,,keyword_match,,,,https://rudis.com/products/rudis-international-adult-wrestling-shoes-utility
footwear,type:Wrestling,Wrestling,rudis-international-adult-wrestling-shoes-white-black,PASS,footwear renders (box 230x41),60c59067-044,true,230x41,international,product_title,RUDIS International Adult Wrestling Shoes - White/Black,false,,keyword_match,,,,https://rudis.com/products/rudis-international-adult-wrestling-shoes-white-black
footwear,type:Wrestling,Wrestling,rudis-international-adult-wrestling-shoes-black-white,PASS,footwear renders (box 230x41),60c59067-044,true,230x41,international,product_title,RUDIS International Adult Wrestling Shoes - Black/White,false,,keyword_match,,,,https://rudis.com/products/rudis-international-adult-wrestling-shoes-black-white
footwear,type:Wrestling,Wrestling,rudis-alpha-2-0-youth-wrestling-shoes-crimson-ice,PASS,footwear renders (box 230x41),60c59067-044,true,230x41,alpha,product_title,RUDIS Alpha 2.0 Youth Wrestling Shoes - Crimson Ice,false,,keyword_match,,,,https://rudis.com/products/rudis-alpha-2-0-youth-wrestling-shoes-crimson-ice
footwear,type:Wrestling,Wrestling,rudis-alpha-2-0-adult-wrestling-shoes-ghost-white,PASS,footwear renders (box 230x41),60c59067-044,true,230x41,alpha,product_title,RUDIS Alpha 2.0 Adult Wrestling Shoes - Ghost White,false,,keyword_match,,,,https://rudis.com/products/rudis-alpha-2-0-adult-wrestling-shoes-ghost-white
footwear,type:Wrestling,Wrestling,rudis-alpha-2-0-youth-wrestling-shoes-ghost-white,PASS,footwear renders (box 230x41),60c59067-044,true,230x41,alpha,product_title,RUDIS Alpha 2.0 Youth Wrestling Shoes - Ghost White,false,,keyword_match,,,,https://rudis.com/products/rudis-alpha-2-0-youth-wrestling-shoes-ghost-white
footwear,type:Wrestling,Wrestling,rudis-alpha-2-0-adult-wrestling-shoes-phantom-black,PASS,footwear renders (box 230x41),60c59067-044,true,230x41,alpha,product_title,RUDIS Alpha 2.0 Adult Wrestling Shoes - Phantom Black,false,,keyword_match,,,,https://rudis.com/products/rudis-alpha-2-0-adult-wrestling-shoes-phantom-black
footwear,type:Wrestling,Wrestling,rudis-alpha-2-0-youth-wrestling-shoes-phantom-black,PASS,footwear renders (box 230x41),60c59067-044,true,230x41,alpha,product_title,RUDIS Alpha 2.0 Youth Wrestling Shoes - Phantom Black,false,,keyword_match,,,,https://rudis.com/products/rudis-alpha-2-0-youth-wrestling-shoes-phantom-black
footwear,type:Wrestling,Wrestling,jb1-youth-wrestling-shoes-electric-blue,PASS,footwear renders (box 230x41),60c59067-044,true,230x41,jb1,product_title,JB1 Youth Wrestling Shoes - Electric Blue,false,,keyword_match,,,,https://rudis.com/products/jb1-youth-wrestling-shoes-electric-blue
footwear,kw:Shoe,Training,rudis-street-adult-lifestyle-shoes-tactical-tan,PASS,footwear renders (box 230x41),60c59067-044,true,230x41,lifestyle,product_title,RUDIS Street Adult Lifestyle Shoes - Tactical Tan,false,,keyword_match,,,,https://rudis.com/products/rudis-street-adult-lifestyle-shoes-tactical-tan
footwear,kw:Shoe,Training,rudis-street-adult-lifestyle-shoes-utility-green,PASS,footwear renders (box 230x41),60c59067-044,true,230x41,lifestyle,product_title,RUDIS Street Adult Lifestyle Shoes - Utility Green,false,,keyword_match,,,,https://rudis.com/products/rudis-street-adult-lifestyle-shoes-utility-green
footwear,type:Wrestling,Wrestling,jb1-adult-wrestling-shoes-electric-blue,PASS,footwear renders (box 230x41),60c59067-044,true,230x41,jb1,product_title,JB1 Adult Wrestling Shoes - Electric Blue,false,,keyword_match,,,,https://rudis.com/products/jb1-adult-wrestling-shoes-electric-blue
footwear,kw:Shoe,Training,rudis-journey-knit-adult-training-shoes-black,PASS,footwear renders (box 230x41),60c59067-044,true,230x41,alpha,collection_title,Alpha Wrestling Club OPP0030856,false,,keyword_match,,,,https://rudis.com/products/rudis-journey-knit-adult-training-shoes-black
footwear,kw:Shoe,Training,rudis-journey-youth-training-shoes-tropical-storm,PASS,footwear renders (box 230x41),60c59067-044,true,230x41,journey,product_title,RUDIS Journey Youth Training Shoes - Tropical Storm,false,,keyword_match,,,,https://rudis.com/products/rudis-journey-youth-training-shoes-tropical-storm
footwear,empty-type(brand-default-foot),,rudis-elite-terry-crewneck-royal,FAIL,COVERAGE GAP — no chart/no paint,,false,,,,,true,crewneck,excluded,,,,https://rudis.com/products/rudis-elite-terry-crewneck-royal
footwear,kw:Hiker,Bags,rudis-4082-hiker-gearpack-gray,FAIL,COVERAGE GAP — no chart/no paint,,false,,,,,false,,none,,,,https://rudis.com/products/rudis-4082-hiker-gearpack-gray
footwear,type:Wrestling,Wrestling,rudis-alpha-2-0-youth-wrestling-shoes-bounce,PASS,footwear renders (box 230x41),60c59067-044,true,230x41,alpha,product_title,RUDIS Alpha 2.0 Youth Wrestling Shoes - Bounce,false,,keyword_match,,,,https://rudis.com/products/rudis-alpha-2-0-youth-wrestling-shoes-bounce
footwear,kw:Hiker,Bags,rudis-4082-hiker-gearpack-navy,FAIL,COVERAGE GAP — no chart/no paint,,false,,,,,false,,none,,,,https://rudis.com/products/rudis-4082-hiker-gearpack-navy
footwear,type:Wrestling,Wrestling,sf-tbilisi-rocky-champion-adult-wrestling-shoes-white,PASS,footwear renders (box 230x41),60c59067-044,true,230x41,sf-tbilisi,product_title,"SF-Tbilisi ""ROCKY Champion"" Adult Wrestling Shoes",false,,keyword_match,,,,https://rudis.com/products/sf-tbilisi-rocky-champion-adult-wrestling-shoes-white
footwear,kw:Shoe,Training,rudis-journey-knit-youth-training-shoes-navy,PASS,footwear renders (box 230x41),60c59067-044,true,230x41,journey,product_title,RUDIS Journey Knit Youth Training Shoes - Navy,false,,keyword_match,,,,https://rudis.com/products/rudis-journey-knit-youth-training-shoes-navy
footwear,empty-type(brand-default-foot),,navy-rudis-hex-premier-youth-joggers,FAIL,COVERAGE GAP — no chart/no paint,,false,,,,,false,,none,,,,https://rudis.com/products/navy-rudis-hex-premier-youth-joggers
footwear,kw:Shoe,Training,rudis-journey-knit-youth-training-shoes-black-red,PASS,footwear renders (box 230x41),60c59067-044,true,230x41,journey,product_title,RUDIS Journey Knit Youth Training Shoes - Black/Red,false,,keyword_match,,,,https://rudis.com/products/rudis-journey-knit-youth-training-shoes-black-red
footwear,kw:Shoe,Training,rudis-journey-knit-adult-training-shoes-navy,PASS,footwear renders (box 230x41),60c59067-044,true,230x41,journey,product_title,RUDIS Journey Knit Adult Training Shoes - Navy,false,,keyword_match,,,,https://rudis.com/products/rudis-journey-knit-adult-training-shoes-navy
footwear,kw:Shoe,Training,rudis-journey-knit-adult-training-shoes-black-red,PASS,footwear renders (box 230x41),60c59067-044,true,230x41,journey,product_title,RUDIS Journey Knit Adult Training Shoes - Black/Red,false,,keyword_match,,,,https://rudis.com/products/rudis-journey-knit-adult-training-shoes-black-red
footwear,kw:Shoe,Training,rudis-journey-knit-youth-training-shoes-white-neon,PASS,footwear renders (box 230x41),60c59067-044,true,230x41,journey,product_title,RUDIS Journey Knit Youth Training Shoes - White/Neon,false,,keyword_match,,,,https://rudis.com/products/rudis-journey-knit-youth-training-shoes-white-neon
footwear,kw:Shoe,Training,rudis-street-youth-lifestyle-shoes-lunar,PASS,footwear renders (box 230x41),60c59067-044,true,230x41,lifestyle,product_title,RUDIS Street Youth Lifestyle Shoes - Lunar,false,,keyword_match,,,,https://rudis.com/products/rudis-street-youth-lifestyle-shoes-lunar
footwear,kw:Shoe,Training,rudis-street-youth-lifestyle-shoes-black,PASS,footwear renders (box 230x41),60c59067-044,true,230x41,lifestyle,product_title,RUDIS Street Youth Lifestyle Shoes - Black,false,,keyword_match,,,,https://rudis.com/products/rudis-street-youth-lifestyle-shoes-black
footwear,kw:Shoe,Training,rudis-journey-youth-training-shoes-predator,PASS,footwear renders (box 230x41),60c59067-044,true,230x41,journey,product_title,RUDIS Journey Youth Training Shoes - Predator,false,,keyword_match,,,,https://rudis.com/products/rudis-journey-youth-training-shoes-predator
footwear,kw:Shoe,Training,rudis-street-adult-lifestyle-shoes-all-heart,PASS,footwear renders (box 230x41),60c59067-044,true,230x41,lifestyle,product_title,RUDIS Street Adult Lifestyle Shoes - All Heart,false,,keyword_match,,,,https://rudis.com/products/rudis-street-adult-lifestyle-shoes-all-heart
footwear,empty-type(brand-default-foot),,rudis-label-youth-crewneck,FAIL,COVERAGE GAP — no chart/no paint,,false,,,,,true,crewneck,excluded,,,,https://rudis.com/products/rudis-label-youth-crewneck
footwear,kw:Shoe,Training,rudis-street-youth-lifestyle-shoes-all-heart,PASS,footwear renders (box 230x41),60c59067-044,true,230x41,lifestyle,product_title,RUDIS Street Youth Lifestyle Shoes - All Heart,false,,keyword_match,,,,https://rudis.com/products/rudis-street-youth-lifestyle-shoes-all-heart
footwear,type:Wrestling,Wrestling,rudis-alpha-2-0-youth-wrestling-shoes-all-heart,PASS,footwear renders (box 230x41),60c59067-044,true,230x41,alpha,product_title,RUDIS Alpha 2.0 Youth Wrestling Shoes - All Heart,false,,keyword_match,,,,https://rudis.com/products/rudis-alpha-2-0-youth-wrestling-shoes-all-heart
footwear,type:Wrestling,Wrestling,rudis-alpha-2-0-adult-wrestling-shoes-all-heart,PASS,footwear renders (box 230x41),60c59067-044,true,230x41,alpha,product_title,RUDIS Alpha 2.0 Adult Wrestling Shoes - All Heart,false,,keyword_match,,,,https://rudis.com/products/rudis-alpha-2-0-adult-wrestling-shoes-all-heart
footwear,type:Wrestling,Wrestling,rudis-alpha-2-0-youth-wrestling-shoes-martian,PASS,footwear renders (box 230x41),60c59067-044,true,230x41,alpha,product_title,RUDIS Alpha 2.0 Youth Wrestling Shoes - Martian,false,,keyword_match,,,,https://rudis.com/products/rudis-alpha-2-0-youth-wrestling-shoes-martian
footwear,type:Wrestling,Wrestling,rudis-alpha-2-0-adult-wrestling-shoes-martian,PASS,footwear renders (box 230x41),60c59067-044,true,230x41,alpha,product_title,RUDIS Alpha 2.0 Adult Wrestling Shoes - Martian,false,,keyword_match,,,,https://rudis.com/products/rudis-alpha-2-0-adult-wrestling-shoes-martian
footwear,type:Wrestling,Wrestling,rocky-international-youth-wrestling-shoes,PASS,footwear renders (box 230x41),60c59067-044,true,230x41,international,product_title,ROCKY International Youth Wrestling Shoes,false,,keyword_match,,,,https://rudis.com/products/rocky-international-youth-wrestling-shoes
footwear,type:Wrestling,Wrestling,hildebrandt-girls-wrestling-shoes-electric-lilac,FAIL,COVERAGE GAP — no chart/no paint,,false,,hildebrandt,product_title,Hildebrandt Girl's Wrestling Shoes - Electric Lilac,true,bra,excluded,,,,https://rudis.com/products/hildebrandt-girls-wrestling-shoes-electric-lilac
footwear,type:Wrestling,Wrestling,hildebrandt-womens-adult-wrestling-shoes-electric-lilac,FAIL,COVERAGE GAP — no chart/no paint,,false,,hildebrandt,product_title,Hildebrandt Women's Adult Wrestling Shoes - Electric Lilac,true,bra,excluded,,,,https://rudis.com/products/hildebrandt-womens-adult-wrestling-shoes-electric-lilac
footwear,type:Wrestling,Wrestling,rocky-international-adult-wrestling-shoes,PASS,footwear renders (box 230x41),60c59067-044,true,230x41,international,product_title,ROCKY International Adult Wrestling Shoes,false,,keyword_match,,,,https://rudis.com/products/rocky-international-adult-wrestling-shoes
footwear,type:Wrestling,Wrestling,jb1-youth-wrestling-shoes-ice-blue,PASS,footwear renders (box 230x41),60c59067-044,true,230x41,jb1,product_title,JB1 Youth Wrestling Shoes - Ice Blue,false,,keyword_match,,,,https://rudis.com/products/jb1-youth-wrestling-shoes-ice-blue
footwear,type:Wrestling,Wrestling,jb1-youth-wrestling-shoes-fire-red,PASS,footwear renders (box 230x41),60c59067-044,true,230x41,jb1,product_title,JB1 Youth Wrestling Shoes - Fire Red,false,,keyword_match,,,,https://rudis.com/products/jb1-youth-wrestling-shoes-fire-red
footwear,type:Wrestling,Wrestling,jb1-adult-wrestling-shoes-ice-blue,PASS,footwear renders (box 230x41),60c59067-044,true,230x41,jb1,product_title,JB1 Adult Wrestling Shoes - Ice Blue,false,,keyword_match,,,,https://rudis.com/products/jb1-adult-wrestling-shoes-ice-blue
footwear,type:Wrestling,Wrestling,jb1-adult-wrestling-shoes-fire-red,PASS,footwear renders (box 230x41),60c59067-044,true,230x41,jb1,product_title,JB1 Adult Wrestling Shoes - Fire Red,false,,keyword_match,,,,https://rudis.com/products/jb1-adult-wrestling-shoes-fire-red
footwear,type:Wrestling,Wrestling,size-9-5-rudis-international-x-wrestle-gang,FAIL,COVERAGE GAP — chart set but no paint,60c59067-044,false,,international,product_title,SIZE 9.5 - RUDIS International X Wrestle Gang,false,,keyword_match,,,,https://rudis.com/products/size-9-5-rudis-international-x-wrestle-gang
footwear,type:Wrestling,Wrestling,size-6-5-rudis-international-x-wrestle-gang,FAIL,COVERAGE GAP — chart set but no paint,60c59067-044,false,,international,product_title,SIZE 6.5 - RUDIS International X Wrestle Gang,false,,keyword_match,,,,https://rudis.com/products/size-6-5-rudis-international-x-wrestle-gang
footwear,type:Wrestling,Wrestling,size-10-rudis-international-x-wrestle-gang,FAIL,COVERAGE GAP — chart set but no paint,60c59067-044,false,,international,product_title,SIZE 10 - RUDIS International X Wrestle Gang,false,,keyword_match,,,,https://rudis.com/products/size-10-rudis-international-x-wrestle-gang
footwear,type:Wrestling,Wrestling,size-10-rudis-international-x-wrestlegang-2,FAIL,COVERAGE GAP — chart set but no paint,60c59067-044,false,,international,product_title,SIZE 10 - RUDIS International X WrestleGang,false,,keyword_match,,,,https://rudis.com/products/size-10-rudis-international-x-wrestlegang-2
footwear,type:Wrestling,Wrestling,size-9-5-rudis-international-x-wrestle-gang-1,FAIL,COVERAGE GAP — chart set but no paint,60c59067-044,false,,international,product_title,SIZE 9.5 - RUDIS International X Wrestle Gang,false,,keyword_match,,,,https://rudis.com/products/size-9-5-rudis-international-x-wrestle-gang-1
footwear,type:Wrestling,Wrestling,size-9-rudis-international-x-wrestle-gang-1,FAIL,COVERAGE GAP — chart set but no paint,60c59067-044,false,,international,product_title,SIZE 9 - RUDIS International X Wrestle Gang,false,,keyword_match,,,,https://rudis.com/products/size-9-rudis-international-x-wrestle-gang-1
footwear,type:Wrestling,Wrestling,size-8-5-rudis-international-x-wrestle-gang,FAIL,COVERAGE GAP — chart set but no paint,60c59067-044,false,,international,product_title,SIZE 8.5 - RUDIS International X Wrestle Gang,false,,keyword_match,,,,https://rudis.com/products/size-8-5-rudis-international-x-wrestle-gang
footwear,type:Wrestling,Wrestling,size-8-rudis-international-x-wrestle-gang,FAIL,COVERAGE GAP — chart set but no paint,60c59067-044,false,,international,product_title,SIZE 8 - RUDIS International X Wrestle Gang,false,,keyword_match,,,,https://rudis.com/products/size-8-rudis-international-x-wrestle-gang
footwear,type:Wrestling,Wrestling,size-7-5-rudis-international-x-wrestle-gang,FAIL,COVERAGE GAP — chart set but no paint,60c59067-044,false,,international,product_title,SIZE 7.5 - RUDIS International X Wrestle Gang,false,,keyword_match,,,,https://rudis.com/products/size-7-5-rudis-international-x-wrestle-gang
footwear,type:Wrestling,Wrestling,size-11-rudis-international-x-wrestle-gang-1,FAIL,COVERAGE GAP — chart set but no paint,60c59067-044,false,,international,product_title,SIZE 11 - RUDIS International X Wrestle Gang,false,,keyword_match,,,,https://rudis.com/products/size-11-rudis-international-x-wrestle-gang-1
footwear,type:Wrestling,Wrestling,size-11-rudis-international-x-wrestle-gang,FAIL,COVERAGE GAP — chart set but no paint,60c59067-044,false,,international,product_title,SIZE 11 - RUDIS International X Wrestle Gang,false,,keyword_match,,,,https://rudis.com/products/size-11-rudis-international-x-wrestle-gang
footwear,type:Wrestling,Wrestling,size-7-rudis-international-x-wrestle-gang,FAIL,COVERAGE GAP — chart set but no paint,60c59067-044,false,,international,product_title,SIZE 7 - RUDIS International X Wrestle Gang,false,,keyword_match,,,,https://rudis.com/products/size-7-rudis-international-x-wrestle-gang
footwear,type:Wrestling,Wrestling,size-10-5-rudis-international-x-wrestlegang-2,FAIL,COVERAGE GAP — chart set but no paint,60c59067-044,false,,international,product_title,SIZE 10.5 - RUDIS International X WrestleGang,false,,keyword_match,,,,https://rudis.com/products/size-10-5-rudis-international-x-wrestlegang-2
footwear,type:Wrestling,Wrestling,size-6-rudis-international-x-wrestle-gang,FAIL,COVERAGE GAP — chart set but no paint,60c59067-044,false,,international,product_title,SIZE 6 - RUDIS International X Wrestle Gang,false,,keyword_match,,,,https://rudis.com/products/size-6-rudis-international-x-wrestle-gang
footwear,type:Wrestling,Wrestling,size-12-rudis-international-x-wrestle-gang,FAIL,COVERAGE GAP — chart set but no paint,60c59067-044,false,,international,product_title,SIZE 12 - RUDIS International X Wrestle Gang,false,,keyword_match,,,,https://rudis.com/products/size-12-rudis-international-x-wrestle-gang
footwear,type:Wrestling,Wrestling,size-11-5-rudis-international-x-wrestle-gang,FAIL,COVERAGE GAP — chart set but no paint,60c59067-044,false,,international,product_title,SIZE 11.5 - RUDIS International X Wrestle Gang,false,,keyword_match,,,,https://rudis.com/products/size-11-5-rudis-international-x-wrestle-gang
footwear,type:Wrestling,Wrestling,size-13-rudis-international-x-wrestle-gang,FAIL,COVERAGE GAP — chart set but no paint,60c59067-044,false,,international,product_title,SIZE 13 - RUDIS International X Wrestle Gang,false,,keyword_match,,,,https://rudis.com/products/size-13-rudis-international-x-wrestle-gang
footwear,type:Wrestling,Wrestling,size-9-rudis-international-x-wrestle-gang,FAIL,COVERAGE GAP — chart set but no paint,60c59067-044,false,,international,product_title,SIZE 9 - RUDIS International X Wrestle Gang,false,,keyword_match,,,,https://rudis.com/products/size-9-rudis-international-x-wrestle-gang
footwear,type:Wrestling,Wrestling,size-10-5-rudis-international-x-wrestle-gang,FAIL,COVERAGE GAP — chart set but no paint,60c59067-044,false,,international,product_title,SIZE 10.5 - RUDIS International X Wrestle Gang,false,,keyword_match,,,,https://rudis.com/products/size-10-5-rudis-international-x-wrestle-gang
footwear,type:Wrestling,Wrestling,size-14-rudis-international-x-wrestle-gang,FAIL,COVERAGE GAP — chart set but no paint,60c59067-044,false,,international,product_title,SIZE 14 - RUDIS International X Wrestle Gang,false,,keyword_match,,,,https://rudis.com/products/size-14-rudis-international-x-wrestle-gang
footwear,type:Wrestling,Wrestling,rudis-alpha-2-0-youth-wrestling-shoes-alien,PASS,footwear renders (box 230x41),60c59067-044,true,230x41,alpha,product_title,RUDIS Alpha 2.0 Youth Wrestling Shoes - Alien,false,,keyword_match,,,,https://rudis.com/products/rudis-alpha-2-0-youth-wrestling-shoes-alien
footwear,type:Wrestling,Wrestling,rudis-alpha-2-0-adult-wrestling-shoes-alien,PASS,footwear renders (box 230x41),60c59067-044,true,230x41,alpha,product_title,RUDIS Alpha 2.0 Adult Wrestling Shoes - Alien,false,,keyword_match,,,,https://rudis.com/products/rudis-alpha-2-0-adult-wrestling-shoes-alien
footwear,type:Wrestling,Wrestling,hildebrandt-girls-wrestling-shoes-metamorphosis-black,FAIL,COVERAGE GAP — no chart/no paint,,false,,hildebrandt,product_title,Hildebrandt Girl's Wrestling Shoes - Metamorphosis Black,true,bra,excluded,,,,https://rudis.com/products/hildebrandt-girls-wrestling-shoes-metamorphosis-black
footwear,type:Wrestling,Wrestling,hildebrandt-womens-adult-wrestling-shoes-metamorphosis-black,FAIL,COVERAGE GAP — no chart/no paint,,false,,hildebrandt,product_title,Hildebrandt Women's Adult Wrestling Shoes - Metamorphosis Black,true,bra,excluded,,,,https://rudis.com/products/hildebrandt-womens-adult-wrestling-shoes-metamorphosis-black
footwear,type:Wrestling,Wrestling,ninety-5-classic-youth-wrestling-shoe-electric-green,PASS,footwear renders (box 230x41),60c59067-044,true,230x41,wrestling,product_title,Ninety-5 Classic Youth Wrestling Shoe - Electric Green,false,,keyword_match,,,,https://rudis.com/products/ninety-5-classic-youth-wrestling-shoe-electric-green
footwear,kw:Hiker,Bags,rudis-4082-hiker-gearpack-tan,FAIL,COVERAGE GAP — no chart/no paint,,false,,,,,false,,none,,,,https://rudis.com/products/rudis-4082-hiker-gearpack-tan
footwear,type:Wrestling,Wrestling,ninety-5-classic-youth-wrestling-shoe-magic,PASS,footwear renders (box 230x41),60c59067-044,true,230x41,wrestling,product_title,Ninety-5 Classic Youth Wrestling Shoe - Magic,false,,keyword_match,,,,https://rudis.com/products/ninety-5-classic-youth-wrestling-shoe-magic
footwear,kw:Shoe,Training,rudis-journey-knit-adult-training-shoes-morpho-blue,PASS,footwear renders (box 230x41),60c59067-044,true,230x41,journey,product_title,RUDIS Journey Knit Adult Training Shoes - Morpho Blue,false,,keyword_match,,,,https://rudis.com/products/rudis-journey-knit-adult-training-shoes-morpho-blue
footwear,type:Wrestling,Wrestling,size-9-rudis-jb1-x-tkustoms-1,FAIL,COVERAGE GAP — chart set but no paint,60c59067-044,false,,jb1,product_title,SIZE 9 - RUDIS JB1 X TKUSTOMS,false,,keyword_match,,,,https://rudis.com/products/size-9-rudis-jb1-x-tkustoms-1
footwear,type:Wrestling,Wrestling,size-3y-rudis-jb1-x-tkustoms-1,FAIL,COVERAGE GAP — chart set but no paint,60c59067-044,false,,jb1,product_title,SIZE 3Y - RUDIS JB1 X TKUSTOMS,false,,keyword_match,,,,https://rudis.com/products/size-3y-rudis-jb1-x-tkustoms-1
footwear,type:Wrestling,Wrestling,size-11-5-rudis-jb1-x-tkustoms-1,FAIL,COVERAGE GAP — chart set but no paint,60c59067-044,false,,jb1,product_title,SIZE 11.5 - RUDIS JB1 X TKUSTOMS,false,,keyword_match,,,,https://rudis.com/products/size-11-5-rudis-jb1-x-tkustoms-1
footwear,type:Wrestling,Wrestling,size-8-5-rudis-jb1-x-tkustoms-1,FAIL,COVERAGE GAP — chart set but no paint,60c59067-044,false,,jb1,product_title,SIZE 8.5 - RUDIS JB1 X TKUSTOMS,false,,keyword_match,,,,https://rudis.com/products/size-8-5-rudis-jb1-x-tkustoms-1
footwear,type:Wrestling,Wrestling,size-7-rudis-jb1-x-tkustoms-1,FAIL,COVERAGE GAP — chart set but no paint,60c59067-044,false,,jb1,product_title,SIZE 7 - RUDIS JB1 X TKUSTOMS,false,,keyword_match,,,,https://rudis.com/products/size-7-rudis-jb1-x-tkustoms-1
footwear,type:Wrestling,Wrestling,size-6-5-rudis-jb1-x-tkustoms-1,FAIL,COVERAGE GAP — chart set but no paint,60c59067-044,false,,jb1,product_title,SIZE 6.5 - RUDIS JB1 X TKUSTOMS,false,,keyword_match,,,,https://rudis.com/products/size-6-5-rudis-jb1-x-tkustoms-1
footwear,type:Wrestling,Wrestling,size-9-5-rudis-jb1-x-tkustoms-1,FAIL,COVERAGE GAP — chart set but no paint,60c59067-044,false,,jb1,product_title,SIZE 9.5 - RUDIS JB1 X TKUSTOMS,false,,keyword_match,,,,https://rudis.com/products/size-9-5-rudis-jb1-x-tkustoms-1
footwear,type:Wrestling,Wrestling,size-8-rudis-jb1-x-tkustoms-1,FAIL,COVERAGE GAP — chart set but no paint,60c59067-044,false,,jb1,product_title,SIZE 8 - RUDIS JB1 X TKUSTOMS,false,,keyword_match,,,,https://rudis.com/products/size-8-rudis-jb1-x-tkustoms-1
footwear,type:Wrestling,Wrestling,size-7-5-rudis-jb1-x-tkustoms-1,FAIL,COVERAGE GAP — chart set but no paint,60c59067-044,false,,jb1,product_title,SIZE 7.5 - RUDIS JB1 X TKUSTOMS,false,,keyword_match,,,,https://rudis.com/products/size-7-5-rudis-jb1-x-tkustoms-1
footwear,type:Wrestling,Wrestling,size-4y-rudis-jb1-x-tkustoms-1,FAIL,COVERAGE GAP — chart set but no paint,60c59067-044,false,,jb1,product_title,SIZE 4Y - RUDIS JB1 X TKUSTOMS,false,,keyword_match,,,,https://rudis.com/products/size-4y-rudis-jb1-x-tkustoms-1
footwear,type:Wrestling,Wrestling,size-11-rudis-jb1-x-tkustoms-1,FAIL,COVERAGE GAP — chart set but no paint,60c59067-044,false,,jb1,product_title,SIZE 11 - RUDIS JB1 X TKUSTOMS,false,,keyword_match,,,,https://rudis.com/products/size-11-rudis-jb1-x-tkustoms-1
footwear,type:Wrestling,Wrestling,size-10-rudis-jb1-x-tkustoms-1,FAIL,COVERAGE GAP — chart set but no paint,60c59067-044,false,,jb1,product_title,SIZE 10 - RUDIS JB1 X TKUSTOMS,false,,keyword_match,,,,https://rudis.com/products/size-10-rudis-jb1-x-tkustoms-1
footwear,type:Wrestling,Wrestling,size-13-rudis-jb1-x-tkustoms-1,FAIL,COVERAGE GAP — chart set but no paint,60c59067-044,false,,jb1,product_title,SIZE 13 - RUDIS JB1 X TKUSTOMS,false,,keyword_match,,,,https://rudis.com/products/size-13-rudis-jb1-x-tkustoms-1
footwear,type:Wrestling,Wrestling,size-10-5-rudis-jb1-x-tkustoms-1,FAIL,COVERAGE GAP — chart set but no paint,60c59067-044,false,,jb1,product_title,SIZE 10.5 - RUDIS JB1 X TKUSTOMS,false,,keyword_match,,,,https://rudis.com/products/size-10-5-rudis-jb1-x-tkustoms-1
footwear,type:Wrestling,Wrestling,size-12-rudis-jb1-x-tkustoms-1,FAIL,COVERAGE GAP — chart set but no paint,60c59067-044,false,,jb1,product_title,SIZE 12 - RUDIS JB1 X TKUSTOMS,false,,keyword_match,,,,https://rudis.com/products/size-12-rudis-jb1-x-tkustoms-1
footwear,type:Wrestling,Wrestling,size-5-5y-rudis-jb1-x-tkustoms-1,FAIL,COVERAGE GAP — chart set but no paint,60c59067-044,false,,jb1,product_title,SIZE 5.5Y - RUDIS JB1 X TKUSTOMS,false,,keyword_match,,,,https://rudis.com/products/size-5-5y-rudis-jb1-x-tkustoms-1
footwear,type:Wrestling,Wrestling,size-6-rudis-jb1-x-tkustoms-1,FAIL,COVERAGE GAP — chart set but no paint,60c59067-044,false,,jb1,product_title,SIZE 6 - RUDIS JB1 X TKUSTOMS,false,,keyword_match,,,,https://rudis.com/products/size-6-rudis-jb1-x-tkustoms-1
footwear,type:Wrestling,Wrestling,size-14-rudis-jb1-x-tkustoms-1,FAIL,COVERAGE GAP — chart set but no paint,60c59067-044,false,,jb1,product_title,SIZE 14 - RUDIS JB1 X TKUSTOMS,false,,keyword_match,,,,https://rudis.com/products/size-14-rudis-jb1-x-tkustoms-1
footwear,type:Wrestling,Wrestling,size-5y-rudis-jb1-x-tkustoms-1,FAIL,COVERAGE GAP — chart set but no paint,60c59067-044,false,,jb1,product_title,SIZE 5Y - RUDIS JB1 X TKUSTOMS,false,,keyword_match,,,,https://rudis.com/products/size-5y-rudis-jb1-x-tkustoms-1
footwear,kw:Shoe,Extras,rudis-oval-shoe-laces,PASS,footwear renders (box 230x41),60c59067-044,true,230x41,wrestling,product_title,RUDIS Oval Wrestling Shoe Laces,false,,keyword_match,,,,https://rudis.com/products/rudis-oval-shoe-laces
footwear,type:Wrestling,Wrestling,size-15-rudis-jb1-x-tkustoms-1,FAIL,COVERAGE GAP — chart set but no paint,60c59067-044,false,,jb1,product_title,SIZE 15 - RUDIS JB1 X TKUSTOMS,false,,keyword_match,,,,https://rudis.com/products/size-15-rudis-jb1-x-tkustoms-1
footwear,type:Wrestling,Wrestling,jb1-adult-wrestling-shoes-stardust,PASS,footwear renders (box 230x41),60c59067-044,true,230x41,jb1,product_title,JB1 Adult Wrestling Shoes - Stardust,false,,keyword_match,,,,https://rudis.com/products/jb1-adult-wrestling-shoes-stardust
footwear,type:Wrestling,Wrestling,jb1-adult-wrestling-shoes-gum-doubles,PASS,footwear renders (box 230x41),60c59067-044,true,230x41,jb1,product_title,JB1 Adult Wrestling Shoes - Gum Doubles,false,,keyword_match,,,,https://rudis.com/products/jb1-adult-wrestling-shoes-gum-doubles
footwear,type:Wrestling,Wrestling,jb1-youth-wrestling-shoes-miami,PASS,footwear renders (box 230x41),60c59067-044,true,230x41,jb1,product_title,JB1 Youth Wrestling Shoes - Miami,false,,keyword_match,,,,https://rudis.com/products/jb1-youth-wrestling-shoes-miami
footwear,type:Wrestling,Wrestling,rudis-colt-3-0-adult-wrestling-shoes-neon-pink,PASS,footwear renders (box 230x41),60c59067-044,true,230x41,colt,product_title,RUDIS Colt 3.0 Adult Wrestling Shoes - Neon Pink,false,,keyword_match,,,,https://rudis.com/products/rudis-colt-3-0-adult-wrestling-shoes-neon-pink
footwear,type:Wrestling,Wrestling,rudis-sf-tbilisi-adult-wrestling-shoes-heritage,PASS,footwear renders (box 230x41),60c59067-044,true,230x41,sf-tbilisi,product_title,RUDIS SF-Tbilisi Adult Wrestling Shoes - Heritage,false,,keyword_match,,,,https://rudis.com/products/rudis-sf-tbilisi-adult-wrestling-shoes-heritage
footwear,kw:Shoe,Training,rudis-journey-knit-adult-training-shoes-dream-lunar,PASS,footwear renders (box 230x41),60c59067-044,true,230x41,journey,product_title,RUDIS Journey Knit Adult Training Shoes - Dream Lunar,false,,keyword_match,,,,https://rudis.com/products/rudis-journey-knit-adult-training-shoes-dream-lunar
footwear,kw:Shoe,Training,rudis-journey-knit-adult-training-shoes-dream-navy,PASS,footwear renders (box 230x41),60c59067-044,true,230x41,journey,product_title,RUDIS Journey Knit Adult Training Shoes - Dream Navy,false,,keyword_match,,,,https://rudis.com/products/rudis-journey-knit-adult-training-shoes-dream-navy
footwear,type:Wrestling,Wrestling,rudis-jb-ultra-adult-wrestling-shoes-tornado,PASS,footwear renders (box 230x41),60c59067-044,true,230x41,jb1,collection_title,JB1 Wrestling Shoes,false,,keyword_match,,,,https://rudis.com/products/rudis-jb-ultra-adult-wrestling-shoes-tornado
footwear,type:Wrestling,Wrestling,jb1-youth-wrestling-shoes-gum-doubles,PASS,footwear renders (box 230x41),60c59067-044,true,230x41,jb1,product_title,JB1 Youth Wrestling Shoes - Gum Doubles,false,,keyword_match,,,,https://rudis.com/products/jb1-youth-wrestling-shoes-gum-doubles
footwear,type:Wrestling,Wrestling,rudis-colt-3-0-adult-wrestling-shoes-radioactive,PASS,footwear renders (box 230x41),60c59067-044,true,230x41,colt,product_title,RUDIS Colt 3.0 Adult Wrestling Shoes - Radioactive,false,,keyword_match,,,,https://rudis.com/products/rudis-colt-3-0-adult-wrestling-shoes-radioactive
footwear,kw:Shoe,Training,rudis-street-adult-lifestyle-shoes-white,ERROR,page.goto: net::ERR_NAME_NOT_RESOLVED at https://rudis.com/products/rudis-street-adult-lifestyle-shoes-white?realift-debug-console=show Call,,,,,,,,,,,,,https://rudis.com/products/rudis-street-adult-lifestyle-shoes-white
footwear,kw:Shoe,Training,rudis-street-adult-lifestyle-shoes-navy,ERROR,page.goto: net::ERR_NAME_NOT_RESOLVED at https://rudis.com/products/rudis-street-adult-lifestyle-shoes-navy?realift-debug-console=show Call ,,,,,,,,,,,,,https://rudis.com/products/rudis-street-adult-lifestyle-shoes-navy
footwear,type:Wrestling,Wrestling,rudis-jb-ultra-adult-wrestling-shoes-stealth,ERROR,page.goto: net::ERR_NAME_NOT_RESOLVED at https://rudis.com/products/rudis-jb-ultra-adult-wrestling-shoes-stealth?realift-debug-console=show ,,,,,,,,,,,,,https://rudis.com/products/rudis-jb-ultra-adult-wrestling-shoes-stealth
footwear,type:Wrestling,Wrestling,rudis-colt-3-0-youth-wrestling-shoes-neon-pink,ERROR,page.goto: net::ERR_NAME_NOT_RESOLVED at https://rudis.com/products/rudis-colt-3-0-youth-wrestling-shoes-neon-pink?realift-debug-console=sho,,,,,,,,,,,,,https://rudis.com/products/rudis-colt-3-0-youth-wrestling-shoes-neon-pink
footwear,type:Wrestling,Wrestling,jb1-youth-wrestling-shoes-laser-beam,ERROR,page.goto: net::ERR_NAME_NOT_RESOLVED at https://rudis.com/products/jb1-youth-wrestling-shoes-laser-beam?realift-debug-console=show Call log,,,,,,,,,,,,,https://rudis.com/products/jb1-youth-wrestling-shoes-laser-beam
footwear,type:Wrestling,Wrestling,samurai-speed-adult-wrestling-shoes-the-way,ERROR,page.goto: net::ERR_NAME_NOT_RESOLVED at https://rudis.com/products/samurai-speed-adult-wrestling-shoes-the-way?realift-debug-console=show C,,,,,,,,,,,,,https://rudis.com/products/samurai-speed-adult-wrestling-shoes-the-way
footwear,type:Wrestling,Wrestling,ninety-5-classic-youth-wrestling-shoe-pink-sky,PASS,footwear renders (box 230x41),60c59067-044,true,230x41,wrestling,product_title,Ninety-5 Classic Youth Wrestling Shoe - Pink Sky,false,,keyword_match,,,,https://rudis.com/products/ninety-5-classic-youth-wrestling-shoe-pink-sky
footwear,type:Wrestling,Wrestling,sf-tbilisi-rocky-champion-youth-wrestling-shoes-white,PASS,footwear renders (box 230x41),60c59067-044,true,230x41,sf-tbilisi,product_title,"SF-Tbilisi ""ROCKY Champion"" Youth Wrestling Shoes",false,,keyword_match,,,,https://rudis.com/products/sf-tbilisi-rocky-champion-youth-wrestling-shoes-white
footwear,kw:Shoe,,rudis-alpha-2-0-adult-wrestling-shoes-happy-yellow,PASS,footwear renders (box 230x41),60c59067-044,true,230x41,alpha,product_title,RUDIS Alpha 2.0 Adult Wrestling Shoes - Happy Yellow,false,,keyword_match,,,,https://rudis.com/products/rudis-alpha-2-0-adult-wrestling-shoes-happy-yellow
footwear,empty-type(brand-default-foot),,comfort-fleece-teams-crewneck-off-white-custom1,FAIL,COVERAGE GAP — no chart/no paint,,false,,,,,true,crewneck,excluded,,,,https://rudis.com/products/comfort-fleece-teams-crewneck-off-white-custom1
footwear,empty-type(brand-default-foot),,comfort-fleece-teams-crewneck-off-white-custom3,FAIL,COVERAGE GAP — no chart/no paint,,false,,,,,true,crewneck,excluded,,,,https://rudis.com/products/comfort-fleece-teams-crewneck-off-white-custom3
footwear,empty-type(brand-default-foot),,comfort-fleece-teams-crewneck-cream-custom1,FAIL,COVERAGE GAP — no chart/no paint,,false,,,,,true,crewneck,excluded,,,,https://rudis.com/products/comfort-fleece-teams-crewneck-cream-custom1
footwear,empty-type(brand-default-foot),,comfort-fleece-teams-crewneck-off-white-custom2,FAIL,COVERAGE GAP — no chart/no paint,,false,,,,,true,crewneck,excluded,,,,https://rudis.com/products/comfort-fleece-teams-crewneck-off-white-custom2
footwear,empty-type(brand-default-foot),,comfort-fleece-teams-crewneck-cream-custom3,FAIL,COVERAGE GAP — no chart/no paint,,false,,,,,true,crewneck,excluded,,,,https://rudis.com/products/comfort-fleece-teams-crewneck-cream-custom3
footwear,empty-type(brand-default-foot),,comfort-fleece-teams-crewneck-cream-custom2,FAIL,COVERAGE GAP — no chart/no paint,,false,,,,,true,crewneck,excluded,,,,https://rudis.com/products/comfort-fleece-teams-crewneck-cream-custom2
footwear,type:Wrestling,Wrestling,kenny-monday-1988-adult-wrestling-shoes-the-dream,PASS,footwear renders (box 230x41),60c59067-044,true,230x41,wrestling,product_title,RUDIS Kenny Monday Adult Wrestling Shoes - The Dream,false,,keyword_match,,,,https://rudis.com/products/kenny-monday-1988-adult-wrestling-shoes-the-dream
footwear,kw:Shoe,Extras,the-dream-green-shoe-laces,FAIL,COVERAGE GAP — no chart/no paint,,false,,,,,false,,none,,,,https://rudis.com/products/the-dream-green-shoe-laces
footwear,empty-type(brand-default-foot),,rudis-elite-terry-crewneck-athletic-heather-gray,FAIL,COVERAGE GAP — no chart/no paint,,false,,,,,true,crewneck,excluded,,,,https://rudis.com/products/rudis-elite-terry-crewneck-athletic-heather-gray
footwear,type:Wrestling,Wrestling,rudis-sf-tbilisi-adult-wrestling-shoes-white,PASS,footwear renders (box 230x41),60c59067-044,true,230x41,sf-tbilisi,product_title,RUDIS SF-Tbilisi Adult Wrestling Shoes - White,false,,keyword_match,,,,https://rudis.com/products/rudis-sf-tbilisi-adult-wrestling-shoes-white
footwear,type:Wrestling,Wrestling,rudis-sf-tbilisi-adult-wrestling-shoes-black,PASS,footwear renders (box 230x41),60c59067-044,true,230x41,ks,collection_title,Zain Retherford's Picks,false,,keyword_match,,,,https://rudis.com/products/rudis-sf-tbilisi-adult-wrestling-shoes-black
footwear,type:Wrestling,Wrestling,rudis-colt-3-0-youth-wrestling-shoes-teal,PASS,footwear renders (box 230x41),60c59067-044,true,230x41,colt,product_title,RUDIS Colt 3.0 Youth Wrestling Shoes - Teal,false,,keyword_match,,,,https://rudis.com/products/rudis-colt-3-0-youth-wrestling-shoes-teal
footwear,type:Wrestling,Wrestling,rudis-colt-3-0-youth-wrestling-shoes-tactical-gray,PASS,footwear renders (box 230x41),60c59067-044,true,230x41,colt,product_title,RUDIS Colt 3.0 Youth Wrestling Shoes - Tactical Gray,false,,keyword_match,,,,https://rudis.com/products/rudis-colt-3-0-youth-wrestling-shoes-tactical-gray
footwear,kw:Shoe,Extras,jb-gold-shoe-keychain,FAIL,COVERAGE GAP — no chart/no paint,,false,,wrestling,collection_title,Wrestling Gear,true,keychain,excluded,,,,https://rudis.com/products/jb-gold-shoe-keychain
footwear,type:Wrestling,Wrestling,rudis-colt-3-0-adult-wrestling-shoes-starburst,PASS,footwear renders (box 230x41),60c59067-044,true,230x41,colt,product_title,RUDIS Colt 3.0 Adult Wrestling Shoes - Starburst,false,,keyword_match,,,,https://rudis.com/products/rudis-colt-3-0-adult-wrestling-shoes-starburst
footwear,type:Wrestling,Wrestling,rudis-colt-3-0-adult-wrestling-shoes-teal,PASS,footwear renders (box 230x41),60c59067-044,true,230x41,colt,product_title,RUDIS Colt 3.0 Adult Wrestling Shoes - Teal,false,,keyword_match,,,,https://rudis.com/products/rudis-colt-3-0-adult-wrestling-shoes-teal
footwear,type:Wrestling,Wrestling,rudis-colt-3-0-adult-wrestling-shoes-tactical-gray,PASS,footwear renders (box 230x41),60c59067-044,true,230x41,colt,product_title,RUDIS Colt 3.0 Adult Wrestling Shoes - Tactical Gray,false,,keyword_match,,,,https://rudis.com/products/rudis-colt-3-0-adult-wrestling-shoes-tactical-gray
footwear,empty-type(brand-default-foot),,rudis-elite-terry-youth-jogger-athletic-heather-gray,FAIL,COVERAGE GAP — no chart/no paint,,false,,,,,false,,none,,,,https://rudis.com/products/rudis-elite-terry-youth-jogger-athletic-heather-gray
footwear,empty-type(brand-default-foot),,rudis-oblique-wordmark-youth-jogger,FAIL,COVERAGE GAP — no chart/no paint,,false,,,,,false,,none,,,,https://rudis.com/products/rudis-oblique-wordmark-youth-jogger
footwear,empty-type(brand-default-foot),,rudis-wrestler-arched-youth-elite-terry-jogger,FAIL,COVERAGE GAP — no chart/no paint,,false,,,,,false,,none,,,,https://rudis.com/products/rudis-wrestler-arched-youth-elite-terry-jogger
footwear,empty-type(brand-default-foot),,rudis-oblique-wordmark-jogger,FAIL,COVERAGE GAP — no chart/no paint,,false,,,,,false,,none,,,,https://rudis.com/products/rudis-oblique-wordmark-jogger
footwear,empty-type(brand-default-foot),,rudis-wrestling-slanted-youth-jogger,PASS,footwear renders (box 230x41),60c59067-044,true,230x41,training,collection_title,Youth Training,false,,keyword_match,,,,https://rudis.com/products/rudis-wrestling-slanted-youth-jogger
footwear,empty-type(brand-default-foot),,rudis-wrestler-arched-elite-terry-jogger,FAIL,COVERAGE GAP — no chart/no paint,,false,,,,,false,,none,,,,https://rudis.com/products/rudis-wrestler-arched-elite-terry-jogger
footwear,empty-type(brand-default-foot),,rudis-wrestling-slanted-jogger,PASS,footwear renders (box 230x41),60c59067-044,true,230x41,wrestling,product_title,RUDIS Wrestling Slanted Jogger,false,,keyword_match,,,,https://rudis.com/products/rudis-wrestling-slanted-jogger
footwear,empty-type(brand-default-foot),,team-rudis-wrestling-stacked-jogger,PASS,footwear renders (box 230x41),60c59067-044,true,230x41,wrestling,product_title,Team RUDIS Wrestling Stacked Jogger,false,,keyword_match,,,,https://rudis.com/products/team-rudis-wrestling-stacked-jogger
footwear,empty-type(brand-default-foot),,rudis-elite-terry-youth-crewneck-ice,FAIL,COVERAGE GAP — no chart/no paint,,false,,,,,true,crewneck,excluded,,,,https://rudis.com/products/rudis-elite-terry-youth-crewneck-ice
footwear,empty-type(brand-default-foot),,rudis-elite-terry-youth-crewneck-black,FAIL,COVERAGE GAP — no chart/no paint,,false,,,,,true,crewneck,excluded,,,,https://rudis.com/products/rudis-elite-terry-youth-crewneck-black
footwear,kw:Shoe,,rudis-courage-youth-wrestling-shoes-navy-carolina,PASS,footwear renders (box 230x41),60c59067-044,true,230x41,courage,product_title,RUDIS Courage Youth Wrestling Shoes - Navy Carolina,false,,keyword_match,,,,https://rudis.com/products/rudis-courage-youth-wrestling-shoes-navy-carolina
footwear,empty-type(brand-default-foot),,rudis-elite-terry-youth-jogger-black,FAIL,COVERAGE GAP — no chart/no paint,,false,,,,,false,,none,,,,https://rudis.com/products/rudis-elite-terry-youth-jogger-black
footwear,kw:Shoe,,rudis-courage-adult-wrestling-shoes-navy-carolina,PASS,footwear renders (box 230x41),60c59067-044,true,230x41,courage,product_title,RUDIS Courage Adult Wrestling Shoes - Navy Carolina,false,,keyword_match,,,,https://rudis.com/products/rudis-courage-adult-wrestling-shoes-navy-carolina
footwear,type:Wrestling,Wrestling,rudis-samurai-speed-adult-wrestling-shoes-earth,PASS,footwear renders (box 230x41),60c59067-044,true,230x41,samurai,product_title,RUDIS Samurai Speed Adult Wrestling Shoes - Earth,false,,keyword_match,,,,https://rudis.com/products/rudis-samurai-speed-adult-wrestling-shoes-earth
footwear,empty-type(brand-default-foot),,rudis-elite-terry-jogger-black,FAIL,COVERAGE GAP — no chart/no paint,,false,,,,,false,,none,,,,https://rudis.com/products/rudis-elite-terry-jogger-black
footwear,empty-type(brand-default-foot),,the-dream-comfort-fleece-youth-crewneck,FAIL,COVERAGE GAP — no chart/no paint,,false,,,,,true,crewneck,excluded,,,,https://rudis.com/products/the-dream-comfort-fleece-youth-crewneck
footwear,type:Wrestling,Wrestling,jb1-youth-wrestling-shoes-arena,PASS,footwear renders (box 230x41),60c59067-044,true,230x41,jb1,product_title,JB1 Youth Wrestling Shoes - Arena,false,,keyword_match,,,,https://rudis.com/products/jb1-youth-wrestling-shoes-arena
footwear,empty-type(brand-default-foot),,rudis-2-0-elite-headgear-black-1-custom-t-d1,FAIL,COVERAGE GAP — no chart/no paint,,false,,wrestling,collection_title,Jordan Wrestling - OPP0019936 2024,true,headgear,excluded,,,,https://rudis.com/products/rudis-2-0-elite-headgear-black-1-custom-t-d1
footwear,type:Wrestling,Wrestling,jb1-adult-wrestling-shoes-arena,PASS,footwear renders (box 230x41),60c59067-044,true,230x41,jb1,product_title,JB1 Adult Wrestling Shoes - Arena,false,,keyword_match,,,,https://rudis.com/products/jb1-adult-wrestling-shoes-arena
footwear,empty-type(brand-default-foot),,rudis-2-0-elite-headgear-purple,FAIL,COVERAGE GAP — no chart/no paint,,false,,jb1,collection_title,JB1 STARDUST COLLECTION,true,headgear,excluded,,,,https://rudis.com/products/rudis-2-0-elite-headgear-purple
footwear,empty-type(brand-default-foot),,rudis-2-0-elite-headgear-turquoise,FAIL,COVERAGE GAP — no chart/no paint,,false,,infinity,collection_title,KS INFINITY CONTROLLED CHAOS COLLECTION,true,headgear,excluded,,,,https://rudis.com/products/rudis-2-0-elite-headgear-turquoise
footwear,type:Wrestling,Wrestling,rudis-samurai-speed-adult-wrestling-shoes-void,PASS,footwear renders (box 230x41),60c59067-044,true,230x41,ks,collection_title,Bo Bassett's Picks,false,,keyword_match,,,,https://rudis.com/products/rudis-samurai-speed-adult-wrestling-shoes-void
footwear,type:Wrestling,Wrestling,rudis-samurai-speed-youth-wrestling-shoes-fire,PASS,footwear renders (box 230x41),60c59067-044,true,230x41,samurai,product_title,RUDIS Samurai Speed Youth Wrestling Shoes - Fire,false,,keyword_match,,,,https://rudis.com/products/rudis-samurai-speed-youth-wrestling-shoes-fire
footwear,type:Wrestling,Wrestling,rudis-samurai-speed-adult-wrestling-shoes-fire,PASS,footwear renders (box 230x41),60c59067-044,true,230x41,ks,collection_title,Spencer Lee's Picks,false,,keyword_match,,,,https://rudis.com/products/rudis-samurai-speed-adult-wrestling-shoes-fire
footwear,type:Wrestling,Wrestling,rudis-samurai-speed-youth-wrestling-shoes-void,PASS,footwear renders (box 230x41),60c59067-044,true,230x41,samurai,product_title,RUDIS Samurai Speed Youth Wrestling Shoes - Void,false,,keyword_match,,,,https://rudis.com/products/rudis-samurai-speed-youth-wrestling-shoes-void
footwear,type:Wrestling,Wrestling,samurai-speed-youth-wrestling-shoes-water,PASS,footwear renders (box 230x41),60c59067-044,true,230x41,samurai,product_title,RUDIS Samurai Speed Youth Wrestling Shoes - Water,false,,keyword_match,,,,https://rudis.com/products/samurai-speed-youth-wrestling-shoes-water
footwear,kw:Shoe,,samurai-speed-youth-wrestling-shoes-wind,PASS,footwear renders (box 230x41),60c59067-044,true,230x41,samurai,product_title,RUDIS Samurai Speed Youth Wrestling Shoes - Wind,false,,keyword_match,,,,https://rudis.com/products/samurai-speed-youth-wrestling-shoes-wind
footwear,type:Wrestling,Wrestling,rudis-courage-adult-wrestling-shoes-crimson,PASS,footwear renders (box 230x41),60c59067-044,true,230x41,courage,product_title,RUDIS Courage Adult Wrestling Shoes - Crimson,false,,keyword_match,,,,https://rudis.com/products/rudis-courage-adult-wrestling-shoes-crimson
footwear,empty-type(brand-default-foot),,rudis-custom-team-addt-fee,FAIL,COVERAGE GAP — no chart/no paint,,false,,,,,false,,none,,,,https://rudis.com/products/rudis-custom-team-addt-fee
footwear,empty-type(brand-default-foot),,rudis-custom-team-rush-fee,FAIL,COVERAGE GAP — no chart/no paint,,false,,,,,false,,none,,,,https://rudis.com/products/rudis-custom-team-rush-fee
footwear,type:Wrestling,Wrestling,rudis-courage-adult-wrestling-shoes-royal,PASS,footwear renders (box 230x41),60c59067-044,true,230x41,courage,product_title,RUDIS Courage Adult Wrestling Shoes - Royal,false,,keyword_match,,,,https://rudis.com/products/rudis-courage-adult-wrestling-shoes-royal
footwear,type:Wrestling,Wrestling,rudis-courage-adult-wrestling-shoes-white-midnight,PASS,footwear renders (box 230x41),60c59067-044,true,230x41,courage,product_title,RUDIS Courage Adult Wrestling Shoes - White/Midnight,false,,keyword_match,,,,https://rudis.com/products/rudis-courage-adult-wrestling-shoes-white-midnight
footwear,kw:Shoe,,rudis-courage-adult-wrestling-shoes-midnight-smoke,PASS,footwear renders (box 230x41),60c59067-044,true,230x41,courage,product_title,RUDIS Courage Adult Wrestling Shoes - Midnight Smoke,false,,keyword_match,,,,https://rudis.com/products/rudis-courage-adult-wrestling-shoes-midnight-smoke
footwear,empty-type(brand-default-foot),,rudis-2-0-elite-headgear-emerald,FAIL,COVERAGE GAP — no chart/no paint,,false,,colt,collection_title,Colts Neck HS OPP0030999,true,headgear,excluded,,,,https://rudis.com/products/rudis-2-0-elite-headgear-emerald
footwear,kw:Shoe,,rudis-courage-youth-wrestling-shoes-crimson,PASS,footwear renders (box 230x41),60c59067-044,true,230x41,courage,product_title,RUDIS Courage Youth Wrestling Shoes - Crimson,false,,keyword_match,,,,https://rudis.com/products/rudis-courage-youth-wrestling-shoes-crimson
footwear,type:Wrestling,Wrestling,rudis-courage-youth-wrestling-shoes-royal,PASS,footwear renders (box 230x41),60c59067-044,true,230x41,courage,product_title,RUDIS Courage Youth Wrestling Shoes - Royal,false,,keyword_match,,,,https://rudis.com/products/rudis-courage-youth-wrestling-shoes-royal
footwear,kw:Shoe,,rudis-courage-youth-wrestling-shoes-white-midnight,PASS,footwear renders (box 230x41),60c59067-044,true,230x41,courage,product_title,RUDIS Courage Youth Wrestling Shoes - White/Midnight,false,,keyword_match,,,,https://rudis.com/products/rudis-courage-youth-wrestling-shoes-white-midnight
footwear,kw:Shoe,,rudis-courage-youth-wrestling-shoes-midnight-smoke,PASS,footwear renders (box 230x41),60c59067-044,true,230x41,courage,product_title,RUDIS Courage Youth Wrestling Shoes - Midnight Smoke,false,,keyword_match,,,,https://rudis.com/products/rudis-courage-youth-wrestling-shoes-midnight-smoke
footwear,type:Wrestling,Wrestling,samurai-speed-adult-wrestling-shoes-water,PASS,footwear renders (box 230x41),60c59067-044,true,230x41,samurai,product_title,RUDIS Samurai Speed Adult Wrestling Shoes - Water,false,,keyword_match,,,,https://rudis.com/products/samurai-speed-adult-wrestling-shoes-water
footwear,type:Wrestling,Wrestling,rudis-alpha-2-0-adult-wrestling-shoes-metallic-red,PASS,footwear renders (box 230x41),60c59067-044,true,230x41,alpha,product_title,RUDIS Alpha 2.0 Adult Wrestling Shoes - Metallic Red,false,,keyword_match,,,,https://rudis.com/products/rudis-alpha-2-0-adult-wrestling-shoes-metallic-red
footwear,type:Wrestling,Wrestling,samurai-speed-adult-wrestling-shoes-wind,PASS,footwear renders (box 230x41),60c59067-044,true,230x41,ks,collection_title,Spencer Lee's Picks,false,,keyword_match,,,,https://rudis.com/products/samurai-speed-adult-wrestling-shoes-wind
footwear,type:Wrestling,Wrestling,rudis-alpha-2-0-youth-wrestling-shoes-darkness,PASS,footwear renders (box 230x41),60c59067-044,true,230x41,alpha,product_title,RUDIS Alpha 2.0 Youth Wrestling Shoes - Darkness,false,,keyword_match,,,,https://rudis.com/products/rudis-alpha-2-0-youth-wrestling-shoes-darkness
footwear,type:Wrestling,Wrestling,rudis-alpha-2-0-adult-wrestling-shoes-darkness,PASS,footwear renders (box 230x41),60c59067-044,true,230x41,alpha,product_title,RUDIS Alpha 2.0 Adult Wrestling Shoes - Darkness,false,,keyword_match,,,,https://rudis.com/products/rudis-alpha-2-0-adult-wrestling-shoes-darkness
footwear,type:Wrestling,Wrestling,rudis-alpha-2-0-youth-wrestling-shoes-high-vis,PASS,footwear renders (box 230x41),60c59067-044,true,230x41,alpha,product_title,RUDIS Alpha 2.0 Youth Wrestling Shoes - High Vis,false,,keyword_match,,,,https://rudis.com/products/rudis-alpha-2-0-youth-wrestling-shoes-high-vis
footwear,type:Wrestling,Wrestling,rudis-alpha-2-0-adult-wrestling-shoes-glitch,PASS,footwear renders (box 230x41),60c59067-044,true,230x41,alpha,product_title,RUDIS Alpha 2.0 Adult Wrestling Shoes - Glitch,false,,keyword_match,,,,https://rudis.com/products/rudis-alpha-2-0-adult-wrestling-shoes-glitch
footwear,type:Wrestling,Wrestling,rudis-alpha-2-0-adult-wrestling-shoes-high-vis,PASS,footwear renders (box 230x41),60c59067-044,true,230x41,alpha,product_title,RUDIS Alpha 2.0 Adult Wrestling Shoes - High Vis,false,,keyword_match,,,,https://rudis.com/products/rudis-alpha-2-0-adult-wrestling-shoes-high-vis
footwear,type:Wrestling,Wrestling,rudis-wrestling-mystery-shoes-1,PASS,footwear renders (box 230x41),60c59067-044,true,230x41,wrestling,product_title,RUDIS Wrestling Youth Mystery Shoes,false,,keyword_match,,,,https://rudis.com/products/rudis-wrestling-mystery-shoes-1
footwear,empty-type(brand-default-foot),,rudis-tech-thermal-white,FAIL,COVERAGE GAP — no chart/no paint,,false,,,,,false,,none,,,,https://rudis.com/products/rudis-tech-thermal-white
footwear,empty-type(brand-default-foot),,rudis-tech-thermal-moon-rock,FAIL,COVERAGE GAP — no chart/no paint,,false,,samurai,collection_title,SAMURAI SPEED EARTH COLLECTION,true,long sleeve,excluded,,,,https://rudis.com/products/rudis-tech-thermal-moon-rock
footwear,empty-type(brand-default-foot),,rudis-tech-thermal-dark-olive,PASS,footwear renders (box 230x41),60c59067-044,true,230x41,ks,collection_title,Zain Retherford's Picks,false,,keyword_match,,,,https://rudis.com/products/rudis-tech-thermal-dark-olive
footwear,empty-type(brand-default-foot),,rudis-tech-thermal-cedar,FAIL,COVERAGE GAP — no chart/no paint,,false,,,,,true,long sleeve,excluded,,,,https://rudis.com/products/rudis-tech-thermal-cedar
footwear,empty-type(brand-default-foot),,rudis-tech-thermal-black,FAIL,COVERAGE GAP — no chart/no paint,,false,,,,,false,,none,,,,https://rudis.com/products/rudis-tech-thermal-black
footwear,empty-type(brand-default-foot),,rudis-1-4-zip-windbreaker-red-custom3,FAIL,COVERAGE GAP — no chart/no paint,,false,,,,,true,1/4 zip,excluded,,,,https://rudis.com/products/rudis-1-4-zip-windbreaker-red-custom3
footwear,empty-type(brand-default-foot),,rudis-1-4-zip-windbreaker-red-custom2,FAIL,COVERAGE GAP — no chart/no paint,,false,,,,,true,1/4 zip,excluded,,,,https://rudis.com/products/rudis-1-4-zip-windbreaker-red-custom2
footwear,type:Wrestling,Wrestling,jb1-youth-wrestling-shoes-navy,PASS,footwear renders (box 230x41),60c59067-044,true,230x41,jb1,product_title,JB1 Youth Wrestling Shoes - Navy,false,,keyword_match,,,,https://rudis.com/products/jb1-youth-wrestling-shoes-navy
footwear,empty-type(brand-default-foot),,rudis-1-4-zip-windbreaker-red-custom1,FAIL,COVERAGE GAP — no chart/no paint,,false,,wrestling,collection_title,Askren Wrestling Academy OPP0024809 2025,true,1/4 zip,excluded,,,,https://rudis.com/products/rudis-1-4-zip-windbreaker-red-custom1
footwear,type:Wrestling,Wrestling,jb1-adult-wrestling-shoes-navy,PASS,footwear renders (box 230x41),60c59067-044,true,230x41,jb1,product_title,JB1 Adult Wrestling Shoes - Navy,false,,keyword_match,,,,https://rudis.com/products/jb1-adult-wrestling-shoes-navy
footwear,kw:Hiker,Bags,rudis-4082-hiker-gearpack-light-blue,FAIL,COVERAGE GAP — no chart/no paint,,false,,,,,true,gearpack,excluded,,,,https://rudis.com/products/rudis-4082-hiker-gearpack-light-blue
footwear,type:Wrestling,Wrestling,rudis-jb-ultra-adult-wrestling-shoes-the-dream,PASS,footwear renders (box 230x41),60c59067-044,true,230x41,jb1,collection_title,JB1 Wrestling Shoes,false,,keyword_match,,,,https://rudis.com/products/rudis-jb-ultra-adult-wrestling-shoes-the-dream
footwear,type:Wrestling,Wrestling,jb1-youth-wrestling-shoes-beacon,PASS,footwear renders (box 230x41),60c59067-044,true,230x41,jb1,product_title,JB1 Youth Wrestling Shoes - Beacon,false,,keyword_match,,,,https://rudis.com/products/jb1-youth-wrestling-shoes-beacon
footwear,type:Wrestling,Wrestling,jb1-youth-wrestling-shoes-eagle,PASS,footwear renders (box 230x41),60c59067-044,true,230x41,jb1,product_title,JB1 Youth Wrestling Shoes - Eagle,false,,keyword_match,,,,https://rudis.com/products/jb1-youth-wrestling-shoes-eagle
footwear,type:Wrestling,Wrestling,jb1-adult-wrestling-shoes-eagle,PASS,footwear renders (box 230x41),60c59067-044,true,230x41,jb1,product_title,JB1 Adult Wrestling Shoes - Eagle,false,,keyword_match,,,,https://rudis.com/products/jb1-adult-wrestling-shoes-eagle
footwear,kw:Hiker,Bags,rudis-4082-hiker-gearpack-black,FAIL,COVERAGE GAP — no chart/no paint,,false,,,,,true,gearpack,excluded,,,,https://rudis.com/products/rudis-4082-hiker-gearpack-black
footwear,kw:Hiker,Bags,rudis-4082-hiker-gearpack-white,FAIL,COVERAGE GAP — no chart/no paint,,false,,,,,true,gearpack,excluded,,,,https://rudis.com/products/rudis-4082-hiker-gearpack-white
footwear,empty-type(brand-default-foot),,rudis-elite-terry-jogger-lunar-gray-custom1,PASS,footwear renders (box 230x41),60c59067-044,true,230x41,wrestling,collection_title,Berge Elite Wrestling Academy OPP0024297 2025,false,,keyword_match,,,,https://rudis.com/products/rudis-elite-terry-jogger-lunar-gray-custom1
footwear,empty-type(brand-default-foot),,rudis-elite-terry-jogger-lunar-gray-custom3,FAIL,COVERAGE GAP — no chart/no paint,,false,,,,,false,,none,,,,https://rudis.com/products/rudis-elite-terry-jogger-lunar-gray-custom3
footwear,empty-type(brand-default-foot),,rudis-elite-terry-jogger-lunar-gray-custom2,PASS,footwear renders (box 230x41),60c59067-044,true,230x41,wrestling,collection_title,Berge Elite Wrestling Academy OPP0024297 2025,false,,keyword_match,,,,https://rudis.com/products/rudis-elite-terry-jogger-lunar-gray-custom2
footwear,type:Wrestling,Wrestling,jb1-adult-wrestling-shoes-beacon,PASS,footwear renders (box 230x41),60c59067-044,true,230x41,jb1,product_title,JB1 Adult Wrestling Shoes - Beacon,false,,keyword_match,,,,https://rudis.com/products/jb1-adult-wrestling-shoes-beacon
footwear,type:Wrestling,Wrestling,rudis-colt-3-0-adult-wrestling-shoes-freestyle-1,PASS,footwear renders (box 230x41),60c59067-044,true,230x41,colt,product_title,RUDIS Colt 3.0 Adult Wrestling Shoes - Freestyle,false,,keyword_match,,,,https://rudis.com/products/rudis-colt-3-0-adult-wrestling-shoes-freestyle-1
footwear,type:Wrestling,Wrestling,rudis-colt-3-0-youth-wrestling-shoes-freestyle-1,PASS,footwear renders (box 230x41),60c59067-044,true,230x41,colt,product_title,RUDIS Colt 3.0 Youth Wrestling Shoes - Freestyle,false,,keyword_match,,,,https://rudis.com/products/rudis-colt-3-0-youth-wrestling-shoes-freestyle-1
footwear,type:Wrestling,Wrestling,rudis-colt-3-0-youth-wrestling-shoes-bone,PASS,footwear renders (box 230x41),60c59067-044,true,230x41,colt,product_title,RUDIS Colt 3.0 Youth Wrestling Shoes - Bone,false,,keyword_match,,,,https://rudis.com/products/rudis-colt-3-0-youth-wrestling-shoes-bone
footwear,type:Wrestling,Wrestling,rudis-colt-3-0-youth-wrestling-shoes-blackout,PASS,footwear renders (box 230x41),60c59067-044,true,230x41,colt,product_title,RUDIS Colt 3.0 Youth Wrestling Shoes - Blackout,false,,keyword_match,,,,https://rudis.com/products/rudis-colt-3-0-youth-wrestling-shoes-blackout
footwear,empty-type(brand-default-foot),,rudis-2-0-elite-headgear-pink,FAIL,COVERAGE GAP — no chart/no paint,,false,,jb1,collection_title,JB1 GUM DOUBLES COLLECTION,true,headgear,excluded,,,,https://rudis.com/products/rudis-2-0-elite-headgear-pink
footwear,empty-type(brand-default-foot),,rudis-2-0-elite-headgear-royal,FAIL,COVERAGE GAP — no chart/no paint,,false,,ks,collection_title,KS POWER SKY COLLECTION,true,headgear,excluded,,,,https://rudis.com/products/rudis-2-0-elite-headgear-royal
footwear,empty-type(brand-default-foot),,rudis-2-0-elite-headgear-yellow,FAIL,COVERAGE GAP — no chart/no paint,,false,,ks,collection_title,Brecksville Broadview Heights High School,true,headgear,excluded,,,,https://rudis.com/products/rudis-2-0-elite-headgear-yellow
footwear,empty-type(brand-default-foot),,rudis-2-0-elite-headgear-orange,FAIL,COVERAGE GAP — no chart/no paint,,false,,ks,collection_title,Somerset Academy Brooks Wrestling Team,true,headgear,excluded,,,,https://rudis.com/products/rudis-2-0-elite-headgear-orange
footwear,empty-type(brand-default-foot),,rudis-2-0-elite-headgear-red,FAIL,COVERAGE GAP — no chart/no paint,,false,,ks,collection_title,Brookside High School OPP0031274,true,headgear,excluded,,,,https://rudis.com/products/rudis-2-0-elite-headgear-red
footwear,empty-type(brand-default-foot),,rudis-2-0-elite-headgear-white,FAIL,COVERAGE GAP — no chart/no paint,,false,,journey,collection_title,Journeymen WC OPP0029235,true,headgear,excluded,,,,https://rudis.com/products/rudis-2-0-elite-headgear-white
footwear,type:Wrestling,Wrestling,rudis-colt-3-0-adult-wrestling-shoes-bone,PASS,footwear renders (box 230x41),60c59067-044,true,230x41,colt,product_title,RUDIS Colt 3.0 Adult Wrestling Shoes - Bone,false,,keyword_match,,,,https://rudis.com/products/rudis-colt-3-0-adult-wrestling-shoes-bone
footwear,empty-type(brand-default-foot),,u-s-navy-patriot-long-sleeve,FAIL,COVERAGE GAP — no chart/no paint,,false,,,,,true,long sleeve,excluded,,,,https://rudis.com/products/u-s-navy-patriot-long-sleeve
footwear,kw:Shoe,Training,rudis-journey-knit-adult-training-shoes-moonbeam,PASS,footwear renders (box 230x41),60c59067-044,true,230x41,journey,product_title,RUDIS Journey Knit Adult Training Shoes - Moonbeam,false,,keyword_match,,,,https://rudis.com/products/rudis-journey-knit-adult-training-shoes-moonbeam
footwear,kw:Shoe,Training,rudis-journey-knit-adult-training-shoes-coastal-blue,PASS,footwear renders (box 230x41),60c59067-044,true,230x41,journey,product_title,RUDIS Journey Knit Adult Training Shoes - Coastal Blue,false,,keyword_match,,,,https://rudis.com/products/rudis-journey-knit-adult-training-shoes-coastal-blue
footwear,kw:Shoe,Training,rudis-street-adult-lifestyle-shoes-lunar,PASS,footwear renders (box 230x41),60c59067-044,true,230x41,ks,collection_title,Bo Bassett's Picks,false,,keyword_match,,,,https://rudis.com/products/rudis-street-adult-lifestyle-shoes-lunar
footwear,type:Wrestling,Wrestling,rudis-wrestling-mystery-shoes,PASS,footwear renders (box 230x41),60c59067-044,true,230x41,wrestling,product_title,RUDIS Wrestling Mystery Shoes,false,,keyword_match,,,,https://rudis.com/products/rudis-wrestling-mystery-shoes
footwear,kw:Shoe,Training,rudis-street-adult-lifestyle-shoes-black,PASS,footwear renders (box 230x41),60c59067-044,true,230x41,ks,collection_title,Beka Melelashvili's Picks,false,,keyword_match,,,,https://rudis.com/products/rudis-street-adult-lifestyle-shoes-black
footwear,type:Wrestling,Wrestling,rudis-international-adult-wrestling-shoes-white,PASS,footwear renders (box 230x41),60c59067-044,true,230x41,international,product_title,RUDIS International Adult Wrestling Shoes - White,false,,keyword_match,,,,https://rudis.com/products/rudis-international-adult-wrestling-shoes-white
footwear,kw:Shoe,Training,rudis-journey-knit-youth-training-shoes-lavender,PASS,footwear renders (box 230x41),60c59067-044,true,230x41,journey,product_title,RUDIS Journey Knit Youth Training Shoes - Lavender,false,,keyword_match,,,,https://rudis.com/products/rudis-journey-knit-youth-training-shoes-lavender
footwear,type:Wrestling,Wrestling,rudis-international-adult-wrestling-shoes-red,PASS,footwear renders (box 230x41),60c59067-044,true,230x41,international,product_title,RUDIS International Adult Wrestling Shoes - Red,false,,keyword_match,,,,https://rudis.com/products/rudis-international-adult-wrestling-shoes-red
footwear,type:Wrestling,Wrestling,rudis-international-adult-wrestling-shoes-royal,PASS,footwear renders (box 230x41),60c59067-044,true,230x41,international,product_title,RUDIS International Adult Wrestling Shoes - Royal,false,,keyword_match,,,,https://rudis.com/products/rudis-international-adult-wrestling-shoes-royal
footwear,type:Wrestling,Wrestling,rudis-journey-knit-adult-training-shoes-neon,PASS,footwear renders (box 230x41),60c59067-044,true,230x41,journey,product_title,RUDIS Journey Knit Adult Training Shoes - Neon,false,,keyword_match,,,,https://rudis.com/products/rudis-journey-knit-adult-training-shoes-neon
footwear,kw:Shoe,,rudis-journey-knit-adult-training-shoes-red,PASS,footwear renders (box 230x41),60c59067-044,true,230x41,journey,product_title,JB Edition Journey Knit Adult Training Shoes - Red,false,,keyword_match,,,,https://rudis.com/products/rudis-journey-knit-adult-training-shoes-red
footwear,kw:Shoe,Training,rudis-journey-knit-adult-training-shoes-white-neon,PASS,footwear renders (box 230x41),60c59067-044,true,230x41,journey,product_title,RUDIS Journey Knit Adult Training Shoes - White/Neon,false,,keyword_match,,,,https://rudis.com/products/rudis-journey-knit-adult-training-shoes-white-neon
footwear,empty-type(brand-default-foot),,rudis-tech-thermal-lunar-gray,PASS,footwear renders (box 230x41),60c59067-044,true,230x41,ks,collection_title,Bo Bassett's Picks,false,,keyword_match,,,,https://rudis.com/products/rudis-tech-thermal-lunar-gray
footwear,type:Wrestling,Wrestling,kenny-monday-1988-adult-wrestling-shoes-purple,PASS,footwear renders (box 230x41),60c59067-044,true,230x41,wrestling,product_title,Kenny Monday 1988 Adult Wrestling Shoes - Purple,false,,keyword_match,,,,https://rudis.com/products/kenny-monday-1988-adult-wrestling-shoes-purple
footwear,empty-type(brand-default-foot),,iowa-te-jacket,FAIL,COVERAGE GAP — no chart/no paint,,false,,,,,true,jacket,excluded,,,,https://rudis.com/products/iowa-te-jacket
footwear,type:Wrestling,Wrestling,kenny-monday-1988-adult-wrestling-shoes-black,PASS,footwear renders (box 230x41),60c59067-044,true,230x41,wrestling,product_title,Kenny Monday 1988 Adult Wrestling Shoes - Black,false,,keyword_match,,,,https://rudis.com/products/kenny-monday-1988-adult-wrestling-shoes-black
footwear,empty-type(brand-default-foot),,odyssey-crossbody-pack-charcoal,PASS,footwear renders (box 230x41),60c59067-044,true,230x41,samurai,collection_title,SAMURAI SPEED EARTH COLLECTION,false,,keyword_match,,,,https://rudis.com/products/odyssey-crossbody-pack-charcoal
footwear,empty-type(brand-default-foot),,rudis-crest-heavyweight-crewneck,FAIL,COVERAGE GAP — no chart/no paint,,false,,,,,true,crewneck,excluded,,,,https://rudis.com/products/rudis-crest-heavyweight-crewneck
footwear,empty-type(brand-default-foot),,odyssey-crossbody-pack-black,PASS,footwear renders (box 230x41),60c59067-044,true,230x41,ks,collection_title,Gearpacks,false,,keyword_match,,,,https://rudis.com/products/odyssey-crossbody-pack-black
footwear,type:Wrestling,Wrestling,ninety-5-classic-adult-wrestling-shoe-spur,PASS,footwear renders (box 230x41),60c59067-044,true,230x41,wrestling,product_title,Ninety-5 Classic Adult Wrestling Shoe - Spur,false,,keyword_match,,,,https://rudis.com/products/ninety-5-classic-adult-wrestling-shoe-spur
footwear,empty-type(brand-default-foot),,all-day-lunch-cooler,FAIL,COVERAGE GAP — no chart/no paint,,false,,ks,collection_title,Bo Bassett's Picks,true,cooler,excluded,,,,https://rudis.com/products/all-day-lunch-cooler
footwear,type:Wrestling,Wrestling,ninety-5-classic-adult-wrestling-shoe-chili-pepper,PASS,footwear renders (box 230x41),60c59067-044,true,230x41,wrestling,product_title,Ninety-5 Classic Adult Wrestling Shoe - Chili Pepper,false,,keyword_match,,,,https://rudis.com/products/ninety-5-classic-adult-wrestling-shoe-chili-pepper
footwear,type:Wrestling,Wrestling,ninety-5-classic-adult-wrestling-shoe-magic,PASS,footwear renders (box 230x41),60c59067-044,true,230x41,wrestling,product_title,Ninety-5 Classic Adult Wrestling Shoe - Magic,false,,keyword_match,,,,https://rudis.com/products/ninety-5-classic-adult-wrestling-shoe-magic
footwear,type:Wrestling,Wrestling,jb1-youth-wrestling-shoes-alliseeisgold-gold,PASS,footwear renders (box 230x41),60c59067-044,true,230x41,jb1,product_title,JB1 Youth Wrestling Shoes - ALLISEEISGOLD - GOLD,false,,keyword_match,,,,https://rudis.com/products/jb1-youth-wrestling-shoes-alliseeisgold-gold
footwear,type:Wrestling,Wrestling,jb1-adult-wrestling-shoes-alliseeisgold-gold,PASS,footwear renders (box 230x41),60c59067-044,true,230x41,jb1,product_title,JB1 Adult Wrestling Shoes - ALLISEEISGOLD - GOLD,false,,keyword_match,,,,https://rudis.com/products/jb1-adult-wrestling-shoes-alliseeisgold-gold
footwear,type:Wrestling,Wrestling,jb1-youth-wrestling-shoes-king,PASS,footwear renders (box 230x41),60c59067-044,true,230x41,jb1,product_title,JB1 Youth Wrestling Shoes - King,false,,keyword_match,,,,https://rudis.com/products/jb1-youth-wrestling-shoes-king
footwear,empty-type(brand-default-foot),,jordan-burroughs-art-poster,FAIL,COVERAGE GAP — no chart/no paint,,false,,,,,false,,none,,,,https://rudis.com/products/jordan-burroughs-art-poster
footwear,kw:Shoe,Training,rudis-journey-knit-adult-training-shoes-lavender,PASS,footwear renders (box 230x41),60c59067-044,true,230x41,journey,product_title,RUDIS Journey Knit Adult Training Shoes - Lavender,false,,keyword_match,,,,https://rudis.com/products/rudis-journey-knit-adult-training-shoes-lavender
footwear,type:Wrestling,Wrestling,rudis-alpha-2-0-adult-wrestling-shoes-selfish,PASS,footwear renders (box 230x41),60c59067-044,true,230x41,alpha,product_title,RUDIS Alpha 2.0 Adult Wrestling Shoes - Selfish,false,,keyword_match,,,,https://rudis.com/products/rudis-alpha-2-0-adult-wrestling-shoes-selfish
footwear,type:Wrestling,Wrestling,jordan-burroughs-alpha-2-0-adult-wrestling-shoes-world-wide-orange,PASS,footwear renders (box 230x41),60c59067-044,true,230x41,alpha,product_title,Jordan Burroughs Alpha 2.0 Adult Wrestling Shoes - World Wide Orange,false,,keyword_match,,,,https://rudis.com/products/jordan-burroughs-alpha-2-0-adult-wrestling-shoes-world-wide-orange
footwear,kw:Shoe,Training,rudis-journey-youth-training-shoes-tornado-warning,PASS,footwear renders (box 230x41),60c59067-044,true,230x41,journey,product_title,RUDIS Journey Youth Training Shoes - Tornado Warning,false,,keyword_match,,,,https://rudis.com/products/rudis-journey-youth-training-shoes-tornado-warning
footwear,kw:Shoe,Training,rudis-journey-youth-training-shoes-sirus-white,PASS,footwear renders (box 230x41),60c59067-044,true,230x41,journey,product_title,RUDIS Journey Youth Training Shoes - Sirus White,false,,keyword_match,,,,https://rudis.com/products/rudis-journey-youth-training-shoes-sirus-white
footwear,kw:Shoe,Training,rudis-journey-youth-training-shoes-pink-glow,PASS,footwear renders (box 230x41),60c59067-044,true,230x41,journey,product_title,RUDIS Journey Youth Training Shoes - Pink Glow,false,,keyword_match,,,,https://rudis.com/products/rudis-journey-youth-training-shoes-pink-glow
footwear,type:Wrestling,Wrestling,jordan-burroughs-alpha-2-0-youth-wrestling-shoes-lady-liberty,PASS,footwear renders (box 230x41),60c59067-044,true,230x41,alpha,product_title,Jordan Burroughs Alpha 2.0 Youth Wrestling Shoes - Lady Liberty,false,,keyword_match,,,,https://rudis.com/products/jordan-burroughs-alpha-2-0-youth-wrestling-shoes-lady-liberty
footwear,kw:Shoe,Training,rudis-journey-adult-training-shoes-tropical-dusk,PASS,footwear renders (box 230x41),60c59067-044,true,230x41,journey,product_title,RUDIS Journey Adult Training Shoes - Tropical Dusk,false,,keyword_match,,,,https://rudis.com/products/rudis-journey-adult-training-shoes-tropical-dusk
footwear,kw:Shoe,Training,rudis-journey-adult-training-shoes-tornado-warning,PASS,footwear renders (box 230x41),60c59067-044,true,230x41,journey,product_title,RUDIS Journey Adult Training Shoes - Tornado Warning,false,,keyword_match,,,,https://rudis.com/products/rudis-journey-adult-training-shoes-tornado-warning
footwear,kw:Shoe,Training,rudis-journey-adult-training-shoes-sirus-white,PASS,footwear renders (box 230x41),60c59067-044,true,230x41,journey,product_title,RUDIS Journey Adult Training Shoes - Sirus White,false,,keyword_match,,,,https://rudis.com/products/rudis-journey-adult-training-shoes-sirus-white
footwear,kw:Shoe,Training,rudis-journey-adult-training-shoes-pink-glow,PASS,footwear renders (box 230x41),60c59067-044,true,230x41,journey,product_title,RUDIS Journey Adult Training Shoes - Pink Glow,false,,keyword_match,,,,https://rudis.com/products/rudis-journey-adult-training-shoes-pink-glow
footwear,kw:Shoe,Training,rudis-journey-adult-training-shoes-predator,PASS,footwear renders (box 230x41),60c59067-044,true,230x41,journey,product_title,RUDIS Journey Adult Training Shoes - Predator,false,,keyword_match,,,,https://rudis.com/products/rudis-journey-adult-training-shoes-predator
footwear,kw:Shoe,Training,rudis-journey-knit-adult-training-shoes-sky-blue,PASS,footwear renders (box 230x41),60c59067-044,true,230x41,journey,product_title,RUDIS Journey Knit Adult Training Shoes - Sky Blue,false,,keyword_match,,,,https://rudis.com/products/rudis-journey-knit-adult-training-shoes-sky-blue
footwear,kw:Shoe,Training,rudis-journey-knit-adult-training-shoes-volt,PASS,footwear renders (box 230x41),60c59067-044,true,230x41,journey,product_title,RUDIS Journey Knit Adult Training Shoes - Volt,false,,keyword_match,,,,https://rudis.com/products/rudis-journey-knit-adult-training-shoes-volt
footwear,kw:Shoe,Training,rudis-journey-knit-adult-training-shoes-camel,PASS,footwear renders (box 230x41),60c59067-044,true,230x41,journey,product_title,RUDIS Journey Knit Adult Training Shoes - Camel,false,,keyword_match,,,,https://rudis.com/products/rudis-journey-knit-adult-training-shoes-camel
footwear,type:Wrestling,Wrestling,jb1-adult-wrestling-shoes-alliseeisgold,PASS,footwear renders (box 230x41),60c59067-044,true,230x41,jb1,product_title,JB1 Adult Wrestling Shoes - ALLISEEISGOLD,false,,keyword_match,,,,https://rudis.com/products/jb1-adult-wrestling-shoes-alliseeisgold
footwear,kw:Shoe,Training,rudis-journey-knit-youth-training-shoes-sky-blue,PASS,footwear renders (box 230x41),60c59067-044,true,230x41,journey,product_title,RUDIS Journey Knit Youth Training Shoes - Sky Blue,false,,keyword_match,,,,https://rudis.com/products/rudis-journey-knit-youth-training-shoes-sky-blue
footwear,kw:Shoe,Training,rudis-journey-knit-youth-training-shoes-moonbeam,PASS,footwear renders (box 230x41),60c59067-044,true,230x41,journey,product_title,RUDIS Journey Knit Youth Training Shoes - Moonbeam,false,,keyword_match,,,,https://rudis.com/products/rudis-journey-knit-youth-training-shoes-moonbeam
footwear,kw:Shoe,Training,rudis-journey-knit-youth-training-shoes-coastal-blue,PASS,footwear renders (box 230x41),60c59067-044,true,230x41,journey,product_title,RUDIS Journey Knit Youth Training Shoes - Coastal Blue,false,,keyword_match,,,,https://rudis.com/products/rudis-journey-knit-youth-training-shoes-coastal-blue
footwear,kw:Shoe,Training,rudis-journey-knit-youth-training-shoes-camel,PASS,footwear renders (box 230x41),60c59067-044,true,230x41,journey,product_title,RUDIS Journey Knit Youth Training Shoes - Camel,false,,keyword_match,,,,https://rudis.com/products/rudis-journey-knit-youth-training-shoes-camel
footwear,kw:Shoe,Training,rudis-journey-knit-youth-training-shoes-black,PASS,footwear renders (box 230x41),60c59067-044,true,230x41,alpha,collection_title,Alpha Wrestling Club OPP0030856,false,,keyword_match,,,,https://rudis.com/products/rudis-journey-knit-youth-training-shoes-black
footwear,type:Wrestling,Wrestling,rudis-ninety-5-youth-wrestling-shoes-orange,PASS,footwear renders (box 230x41),60c59067-044,true,230x41,wrestling,product_title,RUDIS Ninety-5 Youth Wrestling Shoes - Orange,false,,keyword_match,,,,https://rudis.com/products/rudis-ninety-5-youth-wrestling-shoes-orange
footwear,type:Wrestling,Wrestling,jb1-youth-wrestling-shoes-alliseeisgold,PASS,footwear renders (box 230x41),60c59067-044,true,230x41,jb1,product_title,JB1 Youth Wrestling Shoes - ALLISEEISGOLD,false,,keyword_match,,,,https://rudis.com/products/jb1-youth-wrestling-shoes-alliseeisgold
footwear,type:Wrestling,Wrestling,jordan-burroughs-alpha-2-0-adult-wrestling-shoes-lady-liberty,PASS,footwear renders (box 230x41),60c59067-044,true,230x41,alpha,product_title,Jordan Burroughs Alpha 2.0 Adult Wrestling Shoes - Lady Liberty,false,,keyword_match,,,,https://rudis.com/products/jordan-burroughs-alpha-2-0-adult-wrestling-shoes-lady-liberty
footwear,kw:Shoe,Extras,journey-oval-shoe-laces,PASS,footwear renders (box 230x41),60c59067-044,true,230x41,journey,product_title,Journey Oval Shoe Laces,false,,keyword_match,,,,https://rudis.com/products/journey-oval-shoe-laces
footwear,kw:Shoe,Extras,rudis-multi-flat-shoe-laces,PASS,footwear renders (box 230x41),60c59067-044,true,230x41,jb1,collection_title,JB1 STARDUST COLLECTION,false,,keyword_match,,,,https://rudis.com/products/rudis-multi-flat-shoe-laces
footwear,kw:Shoe,Extras,rudis-script-flat-shoe-laces,PASS,footwear renders (box 230x41),60c59067-044,true,230x41,wrestling,product_title,RUDIS Script Flat Wrestling Shoe Laces,false,,keyword_match,,,,https://rudis.com/products/rudis-script-flat-shoe-laces
footwear,kw:Shoe,Extras,rudis-dotted-shoe-laces,PASS,footwear renders (box 230x41),60c59067-044,true,230x41,wrestling,collection_title,RUDIS Wrestling,false,,keyword_match,,,,https://rudis.com/products/rudis-dotted-shoe-laces
footwear,kw:Shoe,Extras,rudis-flat-shoe-laces,FAIL,COVERAGE GAP — no chart/no paint,,false,,,,,false,,none,,,,https://rudis.com/products/rudis-flat-shoe-laces
footwear,kw:Shoe,Extras,rudis-a-way-of-life-flat-shoe-laces,PASS,footwear renders (box 230x41),60c59067-044,true,230x41,wrestling,product_title,RUDIS A Way of Life Flat Wrestling Shoe Laces,false,,keyword_match,,,,https://rudis.com/products/rudis-a-way-of-life-flat-shoe-laces
footwear,kw:Shoe,Training,rudis-street-adult-lifestyle-shoes-white,PASS,footwear renders (box 230x41),60c59067-044,true,230x41,lifestyle,product_title,RUDIS Street Adult Lifestyle Shoes - White,false,,keyword_match,,,,https://rudis.com/products/rudis-street-adult-lifestyle-shoes-white
footwear,kw:Shoe,Training,rudis-street-adult-lifestyle-shoes-navy,PASS,footwear renders (box 230x41),60c59067-044,true,230x41,lifestyle,product_title,RUDIS Street Adult Lifestyle Shoes - Navy,false,,keyword_match,,,,https://rudis.com/products/rudis-street-adult-lifestyle-shoes-navy
footwear,type:Wrestling,Wrestling,rudis-colt-3-0-youth-wrestling-shoes-neon-pink,PASS,footwear renders (box 230x41),60c59067-044,true,230x41,colt,product_title,RUDIS Colt 3.0 Youth Wrestling Shoes - Neon Pink,false,,keyword_match,,,,https://rudis.com/products/rudis-colt-3-0-youth-wrestling-shoes-neon-pink
footwear,type:Wrestling,Wrestling,rudis-jb-ultra-adult-wrestling-shoes-stealth,PASS,footwear renders (box 230x41),60c59067-044,true,230x41,wrestling,product_title,RUDIS JB Ultra Adult Wrestling Shoes - Stealth,false,,keyword_match,,,,https://rudis.com/products/rudis-jb-ultra-adult-wrestling-shoes-stealth
footwear,type:Wrestling,Wrestling,jb1-youth-wrestling-shoes-laser-beam,PASS,footwear renders (box 230x41),60c59067-044,true,230x41,jb1,product_title,JB1 Youth Wrestling Shoes - Laser Beam,false,,keyword_match,,,,https://rudis.com/products/jb1-youth-wrestling-shoes-laser-beam
footwear,type:Wrestling,Wrestling,samurai-speed-adult-wrestling-shoes-the-way,PASS,footwear renders (box 230x41),60c59067-044,true,230x41,samurai,product_title,Samurai Speed Adult Wrestling Shoes - The Way,false,,keyword_match,,,,https://rudis.com/products/samurai-speed-adult-wrestling-shoes-the-way
footwear,empty-type(brand-default-foot),,sumner-high-school-adult-bundle-crewneck-joggers,FAIL,COVERAGE GAP — no chart/no paint,,false,,,,,true,crewneck,excluded,,suppress|suppress|suppress,CONFIRMED,https://rudis.com/products/sumner-high-school-adult-bundle-crewneck-joggers
footwear,empty-type(brand-default-foot),,sumner-high-school-youth-bundle-crewneck-joggers,FAIL,COVERAGE GAP — no chart/no paint,,false,,,,,true,crewneck,excluded,,suppress|suppress|suppress,CONFIRMED,https://rudis.com/products/sumner-high-school-youth-bundle-crewneck-joggers
footwear,empty-type(brand-default-foot),,test-1-kylre,FAIL,COVERAGE GAP — no chart/no paint,,false,,,,,false,,none,,suppress|suppress|suppress,CONFIRMED,https://rudis.com/products/test-1-kylre
footwear,type:Wrestling,Wrestling,hildebrandt-2-0-girls-wrestling-shoes-leopard,FAIL,COVERAGE GAP — no chart/no paint,,false,,hildebrandt,product_title,Hildebrandt 2.0 Girl's Wrestling Shoes - Leopard,true,bra,excluded,,suppress|suppress|suppress,CONFIRMED,https://rudis.com/products/hildebrandt-2-0-girls-wrestling-shoes-leopard
footwear,type:Wrestling,Wrestling,hildebrandt-2-0-womens-wrestling-shoes-leopard,FAIL,COVERAGE GAP — no chart/no paint,,false,,hildebrandt,product_title,Hildebrandt 2.0 Women's Wrestling Shoes - Leopard,true,bra,excluded,,suppress|suppress|suppress,CONFIRMED,https://rudis.com/products/hildebrandt-2-0-womens-wrestling-shoes-leopard
footwear,type:Wrestling,Wrestling,hildebrandt-2-0-girls-wrestling-shoes-neon-surge,FAIL,COVERAGE GAP — no chart/no paint,,false,,hildebrandt,product_title,Hildebrandt 2.0 Girl's Wrestling Shoes - Neon Surge,true,bra,excluded,,suppress|suppress|suppress,CONFIRMED,https://rudis.com/products/hildebrandt-2-0-girls-wrestling-shoes-neon-surge
footwear,type:Wrestling,Wrestling,hildebrandt-2-0-womens-adult-wrestling-shoes-neon-surge,FAIL,COVERAGE GAP — no chart/no paint,,false,,hildebrandt,product_title,Hildebrandt 2.0 Women's Adult Wrestling Shoes - Neon Surge,true,bra,excluded,,suppress|suppress|suppress,CONFIRMED,https://rudis.com/products/hildebrandt-2-0-womens-adult-wrestling-shoes-neon-surge
footwear,type:Wrestling,Wrestling,hildebrandt-2-0-womens-adult-wrestling-shoes-aurora-black,FAIL,COVERAGE GAP — no chart/no paint,,false,,hildebrandt,product_title,Hildebrandt 2.0 Women's Adult Wrestling Shoes - Aurora Black,true,bra,excluded,,suppress|suppress|suppress,CONFIRMED,https://rudis.com/products/hildebrandt-2-0-womens-adult-wrestling-shoes-aurora-black
footwear,type:Wrestling,Wrestling,hildebrandt-2-0-girls-wrestling-shoes-aurora-black,FAIL,COVERAGE GAP — no chart/no paint,,false,,hildebrandt,product_title,Hildebrandt 2.0 Girl's Wrestling Shoes - Aurora Black,true,bra,excluded,,suppress|suppress|suppress,CONFIRMED,https://rudis.com/products/hildebrandt-2-0-girls-wrestling-shoes-aurora-black
footwear,empty-type(brand-default-foot),,archbishop-murphy-black-youth,FAIL,COVERAGE GAP — no chart/no paint,,false,,,,,false,,none,,suppress|suppress|suppress,CONFIRMED,https://rudis.com/products/archbishop-murphy-black-youth
footwear,empty-type(brand-default-foot),,archbishop-murphy-black,FAIL,COVERAGE GAP — no chart/no paint,,false,,,,,false,,none,,suppress|suppress|suppress,CONFIRMED,https://rudis.com/products/archbishop-murphy-black
footwear,empty-type(brand-default-foot),,archbishop-murphy-red-youth,FAIL,COVERAGE GAP — no chart/no paint,,false,,,,,false,,none,,suppress|suppress|suppress,CONFIRMED,https://rudis.com/products/archbishop-murphy-red-youth
footwear,empty-type(brand-default-foot),,archbishop-murphy-red,FAIL,COVERAGE GAP — no chart/no paint,,false,,,,,false,,none,,suppress|suppress|suppress,CONFIRMED,https://rudis.com/products/archbishop-murphy-red
footwear,empty-type(brand-default-foot),,northern-bedford-hs-womens-bundle-1,FAIL,COVERAGE GAP — no chart/no paint,,false,,,,,false,,none,,suppress|suppress|suppress,CONFIRMED,https://rudis.com/products/northern-bedford-hs-womens-bundle-1
footwear,empty-type(brand-default-foot),,northern-bedford-hs-youth-bundle-2,FAIL,COVERAGE GAP — no chart/no paint,,false,,,,,false,,none,,suppress|suppress|suppress,CONFIRMED,https://rudis.com/products/northern-bedford-hs-youth-bundle-2
footwear,empty-type(brand-default-foot),,northern-bedford-hs-youth-bundle-1,FAIL,COVERAGE GAP — no chart/no paint,,false,,,,,false,,none,,suppress|suppress|suppress,CONFIRMED,https://rudis.com/products/northern-bedford-hs-youth-bundle-1
footwear,empty-type(brand-default-foot),,northern-bedford-hs-bundle-1,FAIL,COVERAGE GAP — no chart/no paint,,false,,,,,false,,none,,suppress|suppress|suppress,CONFIRMED,https://rudis.com/products/northern-bedford-hs-bundle-1
footwear,empty-type(brand-default-foot),,youth-calabasas-summer-bundle,FAIL,COVERAGE GAP — no chart/no paint,,false,,,,,false,,none,,suppress|suppress|suppress,CONFIRMED,https://rudis.com/products/youth-calabasas-summer-bundle
footwear,empty-type(brand-default-foot),,calabasas-summer-bundle,FAIL,COVERAGE GAP — no chart/no paint,,false,,,,,false,,none,,suppress|suppress|suppress,CONFIRMED,https://rudis.com/products/calabasas-summer-bundle
footwear,type:Wrestling,Wrestling,hildebrandt-2-0-girls-wrestling-shoes-black-leopard,FAIL,COVERAGE GAP — no chart/no paint,,false,,hildebrandt,product_title,Hildebrandt 2.0 Girl's Wrestling Shoes - Black Leopard,true,bra,excluded,,suppress|suppress|suppress,CONFIRMED,https://rudis.com/products/hildebrandt-2-0-girls-wrestling-shoes-black-leopard
footwear,type:Wrestling,Wrestling,hildebrandt-2-0-womens-wrestling-shoes-black-leopard,FAIL,COVERAGE GAP — no chart/no paint,,false,,hildebrandt,product_title,Hildebrandt 2.0 Women's Wrestling Shoes - Black Leopard,true,bra,excluded,,suppress|suppress|suppress,CONFIRMED,https://rudis.com/products/hildebrandt-2-0-womens-wrestling-shoes-black-leopard
footwear,type:Wrestling,Wrestling,hildebrandt-2-0-girls-wrestling-shoes-green-leopard,FAIL,COVERAGE GAP — no chart/no paint,,false,,hildebrandt,product_title,Hildebrandt 2.0 Girl's Wrestling Shoes - Green Leopard,true,bra,excluded,,suppress|suppress|suppress,CONFIRMED,https://rudis.com/products/hildebrandt-2-0-girls-wrestling-shoes-green-leopard
footwear,type:Wrestling,Wrestling,hildebrandt-2-0-womens-wrestling-shoes-green-leopard,FAIL,COVERAGE GAP — no chart/no paint,,false,,hildebrandt,product_title,Hildebrandt 2.0 Women's Wrestling Shoes - Green Leopard,true,bra,excluded,,suppress|suppress|suppress,CONFIRMED,https://rudis.com/products/hildebrandt-2-0-womens-wrestling-shoes-green-leopard
footwear,empty-type(brand-default-foot),,st-edward-eagles-polos,FAIL,COVERAGE GAP — no chart/no paint,,false,,,,,true,polo,excluded,,suppress|suppress|suppress,CONFIRMED,https://rudis.com/products/st-edward-eagles-polos
footwear,empty-type(brand-default-foot),,redondo-bundle-mens,FAIL,COVERAGE GAP — no chart/no paint,,false,,,,,false,,none,,suppress|suppress|suppress,CONFIRMED,https://rudis.com/products/redondo-bundle-mens
footwear,empty-type(brand-default-foot),,redondo-bundle-womens,FAIL,COVERAGE GAP — no chart/no paint,,false,,,,,false,,none,,suppress|suppress|suppress,CONFIRMED,https://rudis.com/products/redondo-bundle-womens
footwear,empty-type(brand-default-foot),,jackrabbit-bundle,FAIL,COVERAGE GAP — no chart/no paint,,false,,,,,false,,none,,suppress|suppress|suppress,CONFIRMED,https://rudis.com/products/jackrabbit-bundle
footwear,type:Wrestling,Wrestling,hildebrandt-2-0-girls-wrestling-shoes-24k,FAIL,COVERAGE GAP — no chart/no paint,,false,,hildebrandt,product_title,Hildebrandt 2.0 Girl's Wrestling Shoes - 24K,true,bra,excluded,,suppress|suppress|suppress,CONFIRMED,https://rudis.com/products/hildebrandt-2-0-girls-wrestling-shoes-24k
footwear,type:Wrestling,Wrestling,hildebrandt-2-0-womens-adult-wrestling-shoes-24k,FAIL,COVERAGE GAP — no chart/no paint,,false,,hildebrandt,product_title,Hildebrandt 2.0 Women's Adult Wrestling Shoes - 24K,true,bra,excluded,,suppress|suppress|suppress,CONFIRMED,https://rudis.com/products/hildebrandt-2-0-womens-adult-wrestling-shoes-24k
footwear,empty-type(brand-default-foot),,south-bay-womens-bundle,FAIL,COVERAGE GAP — no chart/no paint,,false,,,,,false,,none,,suppress|suppress|suppress,CONFIRMED,https://rudis.com/products/south-bay-womens-bundle
footwear,empty-type(brand-default-foot),,south-bay-bundle,FAIL,COVERAGE GAP — no chart/no paint,,false,,,,,false,,none,,suppress|suppress|suppress,CONFIRMED,https://rudis.com/products/south-bay-bundle
footwear,type:Wrestling,Wrestling,wonder-woman-hildebrandt-2-0-girls-wrestling-shoes-wonder-woman,FAIL,COVERAGE GAP — no chart/no paint,,false,,hildebrandt,product_title,Wonder Woman Hildebrandt 2.0 Girl's Wrestling Shoes - Wonder Woman,true,bra,excluded,,suppress|suppress|suppress,CONFIRMED,https://rudis.com/products/wonder-woman-hildebrandt-2-0-girls-wrestling-shoes-wonder-woman
footwear,type:Wrestling,Wrestling,wonder-woman-hildebrandt-2-0-womens-adult-wrestling-shoes-wonder-woman,FAIL,COVERAGE GAP — no chart/no paint,,false,,hildebrandt,product_title,Wonder Woman Hildebrandt 2.0 Women's Adult Wrestling Shoes - Wonder Woman,true,bra,excluded,,suppress|suppress|suppress,CONFIRMED,https://rudis.com/products/wonder-woman-hildebrandt-2-0-womens-adult-wrestling-shoes-wonder-woman
footwear,empty-type(brand-default-foot),,north-carolina-bundle-mens-adult-bundle-copy,FAIL,COVERAGE GAP — no chart/no paint,,false,,,,,false,,none,,suppress|suppress|suppress,CONFIRMED,https://rudis.com/products/north-carolina-bundle-mens-adult-bundle-copy
footwear,empty-type(brand-default-foot),,north-carolina-bundle-womens-adult-bundle-copy,FAIL,COVERAGE GAP — no chart/no paint,,false,,,,,false,,none,,suppress|suppress|suppress,CONFIRMED,https://rudis.com/products/north-carolina-bundle-womens-adult-bundle-copy
footwear,empty-type(brand-default-foot),,north-carolina-bundle-womens-youth-bundle-copy-1,FAIL,COVERAGE GAP — no chart/no paint,,false,,,,,false,,none,,suppress|suppress|suppress,CONFIRMED,https://rudis.com/products/north-carolina-bundle-womens-youth-bundle-copy-1
footwear,empty-type(brand-default-foot),,north-carolina-bundle-1,FAIL,COVERAGE GAP — no chart/no paint,,false,,,,,false,,none,,suppress|suppress|suppress,CONFIRMED,https://rudis.com/products/north-carolina-bundle-1
footwear,empty-type(brand-default-foot),,north-carolina-bundle,FAIL,COVERAGE GAP — no chart/no paint,,false,,,,,false,,none,,suppress|suppress|suppress,CONFIRMED,https://rudis.com/products/north-carolina-bundle
footwear,empty-type(brand-default-foot),,womens-bundle-4-dc-elite,FAIL,COVERAGE GAP — no chart/no paint,,false,,,,,false,,none,,suppress|suppress|suppress,CONFIRMED,https://rudis.com/products/womens-bundle-4-dc-elite
footwear,empty-type(brand-default-foot),,womens-bundle-2-dc-elite,FAIL,COVERAGE GAP — no chart/no paint,,false,,,,,false,,none,,suppress|suppress|suppress,CONFIRMED,https://rudis.com/products/womens-bundle-2-dc-elite
footwear,empty-type(brand-default-foot),,womens-bundle-1-dc-elite,FAIL,COVERAGE GAP — no chart/no paint,,false,,,,,false,,none,,suppress|suppress|suppress,CONFIRMED,https://rudis.com/products/womens-bundle-1-dc-elite
footwear,empty-type(brand-default-foot),,mens-bundle-4-dc-elite,FAIL,COVERAGE GAP — no chart/no paint,,false,,,,,false,,none,,suppress|suppress|suppress,CONFIRMED,https://rudis.com/products/mens-bundle-4-dc-elite
footwear,empty-type(brand-default-foot),,mens-bundle-3-dc-elite,FAIL,COVERAGE GAP — no chart/no paint,,false,,,,,false,,none,,suppress|suppress|suppress,CONFIRMED,https://rudis.com/products/mens-bundle-3-dc-elite
footwear,empty-type(brand-default-foot),,mens-bundle-2-dc-elite,FAIL,COVERAGE GAP — no chart/no paint,,false,,,,,false,,none,,suppress|suppress|suppress,CONFIRMED,https://rudis.com/products/mens-bundle-2-dc-elite
footwear,empty-type(brand-default-foot),,mens-bundle-1,FAIL,COVERAGE GAP — no chart/no paint,,false,,,,,false,,none,,suppress|suppress|suppress,CONFIRMED,https://rudis.com/products/mens-bundle-1
footwear,empty-type(brand-default-foot),,nebraska-elite-bundle,FAIL,COVERAGE GAP — no chart/no paint,,false,,,,,true,bra,excluded,,suppress|suppress|suppress,CONFIRMED,https://rudis.com/products/nebraska-elite-bundle
footwear,empty-type(brand-default-foot),,vik-usa-wrestling-map-logo-womens-classic-performance-polo-navy,FAIL,COVERAGE GAP — no chart/no paint,,false,,wrestling,product_title,VIK - USA Wrestling Map Logo Women's Classic Performance Polo - Navy,true,polo,excluded,,suppress|suppress|suppress,CONFIRMED,https://rudis.com/products/vik-usa-wrestling-map-logo-womens-classic-performance-polo-navy
footwear,empty-type(brand-default-foot),,vik-usa-wrestling-map-logo-womens-classic-performance-polo,FAIL,COVERAGE GAP — no chart/no paint,,false,,wrestling,product_title,VIK - USA Wrestling Map Logo Women's Classic Performance Polo,true,polo,excluded,,suppress|suppress|suppress,CONFIRMED,https://rudis.com/products/vik-usa-wrestling-map-logo-womens-classic-performance-polo
footwear,empty-type(brand-default-foot),,vik-usa-wrestling-map-logo-classic-performance-polo-navy,FAIL,COVERAGE GAP — no chart/no paint,,false,,wrestling,product_title,VIK - USA Wrestling Map Logo Classic Performance Polo - Navy,true,polo,excluded,,suppress|suppress|suppress,CONFIRMED,https://rudis.com/products/vik-usa-wrestling-map-logo-classic-performance-polo-navy
footwear,empty-type(brand-default-foot),,vik-usa-wrestling-map-logo-classic-performance-polo-lunar-gray,FAIL,COVERAGE GAP — no chart/no paint,,false,,wrestling,product_title,VIK - USA Wrestling Map Logo Classic Performance Polo - Lunar Gray,true,polo,excluded,,suppress|suppress|suppress,CONFIRMED,https://rudis.com/products/vik-usa-wrestling-map-logo-classic-performance-polo-lunar-gray
footwear,empty-type(brand-default-foot),,vik-usa-wrestling-map-logo-classic-performance-polo-black,FAIL,COVERAGE GAP — no chart/no paint,,false,,wrestling,product_title,VIK - USA Wrestling Map Logo Classic Performance Polo - Black,true,polo,excluded,,suppress|suppress|suppress,CONFIRMED,https://rudis.com/products/vik-usa-wrestling-map-logo-classic-performance-polo-black
footwear,empty-type(brand-default-foot),,vik-usa-wrestling-lightweight-tech-cinch-jogger-navy,FAIL,COVERAGE GAP — no chart/no paint,,false,,wrestling,product_title,VIK - USA Wrestling Lightweight Tech Cinch Jogger - Navy,true,cinch,excluded,,suppress|suppress|suppress,CONFIRMED,https://rudis.com/products/vik-usa-wrestling-lightweight-tech-cinch-jogger-navy
footwear,empty-type(brand-default-foot),,vik-usa-wrestling-lightweight-tech-cinch-jogger-black,FAIL,COVERAGE GAP — no chart/no paint,,false,,wrestling,product_title,VIK - USA Wrestling Lightweight Tech Cinch Jogger - Black,true,cinch,excluded,,suppress|suppress|suppress,CONFIRMED,https://rudis.com/products/vik-usa-wrestling-lightweight-tech-cinch-jogger-black
footwear,empty-type(brand-default-foot),,vik-command-performance-pant,FAIL,COVERAGE GAP — no chart/no paint,,false,,wrestling,collection_title,USA Wrestling VIK Team Store,true,pant,excluded,,suppress|suppress|suppress,CONFIRMED,https://rudis.com/products/vik-command-performance-pant
footwear,empty-type(brand-default-foot),,vik-usa-wrestling-map-logo-womens-victory-1-4-zip-black,FAIL,COVERAGE GAP — no chart/no paint,,false,,wrestling,product_title,VIK - USA Wrestling Map Logo Women's Victory 1/4 Zip - Black,true,1/4 zip,excluded,,suppress|suppress|suppress,CONFIRMED,https://rudis.com/products/vik-usa-wrestling-map-logo-womens-victory-1-4-zip-black
footwear,empty-type(brand-default-foot),,vik-usa-wrestling-map-logo-womens-victory-1-4-zip-navy,FAIL,COVERAGE GAP — no chart/no paint,,false,,wrestling,product_title,VIK - USA Wrestling Map Logo Women's Victory 1/4 Zip - Navy,true,1/4 zip,excluded,,suppress|suppress|suppress,CONFIRMED,https://rudis.com/products/vik-usa-wrestling-map-logo-womens-victory-1-4-zip-navy
footwear,empty-type(brand-default-foot),,vik-usa-wrestling-map-logo-victory-1-4-zip-jacket,FAIL,COVERAGE GAP — no chart/no paint,,false,,wrestling,product_title,VIK - USA Wrestling Map Logo Victory 1/4 Zip Jacket,true,jacket,excluded,,suppress|suppress|suppress,CONFIRMED,https://rudis.com/products/vik-usa-wrestling-map-logo-victory-1-4-zip-jacket
footwear,empty-type(brand-default-foot),,team-nc-womens-bundle,FAIL,COVERAGE GAP — no chart/no paint,,false,,,,,false,,none,,suppress|suppress|suppress,CONFIRMED,https://rudis.com/products/team-nc-womens-bundle
footwear,empty-type(brand-default-foot),,team-nc-bundle,FAIL,COVERAGE GAP — no chart/no paint,,false,,,,,false,,none,,suppress|suppress|suppress,CONFIRMED,https://rudis.com/products/team-nc-bundle
footwear,empty-type(brand-default-foot),,nyusaw-fargo-mens-bundle,FAIL,COVERAGE GAP — no chart/no paint,,false,,,,,false,,none,,suppress|suppress|suppress,CONFIRMED,https://rudis.com/products/nyusaw-fargo-mens-bundle
footwear,empty-type(brand-default-foot),,nyusaw-fargo-boys-youth-bundle,FAIL,COVERAGE GAP — no chart/no paint,,false,,,,,false,,none,,suppress|suppress|suppress,CONFIRMED,https://rudis.com/products/nyusaw-fargo-boys-youth-bundle
footwear,empty-type(brand-default-foot),,nyusaw-fargo-girls-adult-bundle-copy,FAIL,COVERAGE GAP — no chart/no paint,,false,,,,,false,,none,,suppress|suppress|suppress,CONFIRMED,https://rudis.com/products/nyusaw-fargo-girls-adult-bundle-copy
footwear,empty-type(brand-default-foot),,nyusaw-fargo-girls-adult-bundle-1,FAIL,COVERAGE GAP — no chart/no paint,,false,,,,,false,,none,,suppress|suppress|suppress,CONFIRMED,https://rudis.com/products/nyusaw-fargo-girls-adult-bundle-1
footwear,empty-type(brand-default-foot),,nyusaw-fargo-girls-adult-bundle,FAIL,COVERAGE GAP — no chart/no paint,,false,,,,,false,,none,,suppress|suppress|suppress,CONFIRMED,https://rudis.com/products/nyusaw-fargo-girls-adult-bundle
footwear,empty-type(brand-default-foot),,tc-lax-athlete-bundle-adult,FAIL,COVERAGE GAP — no chart/no paint,,false,,,,,false,,none,,suppress|suppress|suppress,CONFIRMED,https://rudis.com/products/tc-lax-athlete-bundle-adult
footwear,empty-type(brand-default-foot),,tc-lax-cool-feel-bundle-adult,FAIL,COVERAGE GAP — no chart/no paint,,false,,,,,false,,none,,suppress|suppress|suppress,CONFIRMED,https://rudis.com/products/tc-lax-cool-feel-bundle-adult
footwear,empty-type(brand-default-foot),,levittown-rtc3-youth,FAIL,COVERAGE GAP — no chart/no paint,,false,,,,,false,,none,,suppress|suppress|suppress,CONFIRMED,https://rudis.com/products/levittown-rtc3-youth
footwear,empty-type(brand-default-foot),,levittown-rtc2-youth,FAIL,COVERAGE GAP — no chart/no paint,,false,,,,,false,,none,,suppress|suppress|suppress,CONFIRMED,https://rudis.com/products/levittown-rtc2-youth
footwear,empty-type(brand-default-foot),,levittown-rtc1-youth,FAIL,COVERAGE GAP — no chart/no paint,,false,,,,,false,,none,,suppress|suppress|suppress,CONFIRMED,https://rudis.com/products/levittown-rtc1-youth
footwear,empty-type(brand-default-foot),,levittown-rtc3,FAIL,COVERAGE GAP — no chart/no paint,,false,,,,,false,,none,,suppress|suppress|suppress,CONFIRMED,https://rudis.com/products/levittown-rtc3
footwear,empty-type(brand-default-foot),,levittown-rtc1,FAIL,COVERAGE GAP — no chart/no paint,,false,,,,,false,,none,,suppress|suppress|suppress,CONFIRMED,https://rudis.com/products/levittown-rtc1
footwear,empty-type(brand-default-foot),,levittown-rtc2,FAIL,COVERAGE GAP — no chart/no paint,,false,,,,,false,,none,,suppress|suppress|suppress,CONFIRMED,https://rudis.com/products/levittown-rtc2
footwear,empty-type(brand-default-foot),,rtc-bundle,FAIL,COVERAGE GAP — no chart/no paint,,false,,,,,false,,none,,suppress|suppress|suppress,CONFIRMED,https://rudis.com/products/rtc-bundle
footwear,empty-type(brand-default-foot),,bundle,FAIL,COVERAGE GAP — no chart/no paint,,false,,,,,false,,none,,suppress|suppress|suppress,CONFIRMED,https://rudis.com/products/bundle
footwear,empty-type(brand-default-foot),,rudis-vent-quarter-zip-black,FAIL,COVERAGE GAP — no chart/no paint,,false,,ks,collection_title,"Men's Hoodies, Crewnecks, & Zips",true,1/4 zip,excluded,,suppress|suppress|suppress,CONFIRMED,https://rudis.com/products/rudis-vent-quarter-zip-black
footwear,empty-type(brand-default-foot),,rudis-vent-quarter-zip-navy,FAIL,COVERAGE GAP — no chart/no paint,,false,,ks,collection_title,"Men's Hoodies, Crewnecks, & Zips",true,1/4 zip,excluded,,suppress|suppress|suppress,CONFIRMED,https://rudis.com/products/rudis-vent-quarter-zip-navy
footwear,empty-type(brand-default-foot),,rudis-youth-motion-windbreaker-black,FAIL,COVERAGE GAP — no chart/no paint,,false,,,,,false,,none,,suppress|suppress|suppress,CONFIRMED,https://rudis.com/products/rudis-youth-motion-windbreaker-black
footwear,empty-type(brand-default-foot),,rudis-youth-motion-windbreaker-white,FAIL,COVERAGE GAP — no chart/no paint,,false,,,,,false,,none,,suppress|suppress|suppress,CONFIRMED,https://rudis.com/products/rudis-youth-motion-windbreaker-white
footwear,empty-type(brand-default-foot),,rampage-freestyle-bundle-1,FAIL,COVERAGE GAP — no chart/no paint,,false,,,,,false,,none,,suppress|suppress|suppress,CONFIRMED,https://rudis.com/products/rampage-freestyle-bundle-1
footwear,empty-type(brand-default-foot),,rampage-freestyle-bundle,FAIL,COVERAGE GAP — no chart/no paint,,false,,,,,false,,none,,suppress|suppress|suppress,CONFIRMED,https://rudis.com/products/rampage-freestyle-bundle
footwear,type:Wrestling,Wrestling,rudis-elite-airflow-inner-cup,FAIL,COVERAGE GAP — no chart/no paint,,false,,wrestling,product_type,Wrestling,true,cup,excluded,,suppress|suppress|suppress,CONFIRMED,https://rudis.com/products/rudis-elite-airflow-inner-cup
footwear,type:Wrestling,Wrestling,hildebrandt-girls-wrestling-shoes-pastel,FAIL,COVERAGE GAP — no chart/no paint,,false,,hildebrandt,product_title,Hildebrandt Girl's Wrestling Shoes - Pastel,true,bra,excluded,,suppress|suppress|suppress,CONFIRMED,https://rudis.com/products/hildebrandt-girls-wrestling-shoes-pastel
footwear,type:Wrestling,Wrestling,hildebrandt-womens-adult-wrestling-shoes-pastel,FAIL,COVERAGE GAP — no chart/no paint,,false,,hildebrandt,product_title,Hildebrandt Women's Adult Wrestling Shoes - Pastel,true,bra,excluded,,suppress|suppress|suppress,CONFIRMED,https://rudis.com/products/hildebrandt-womens-adult-wrestling-shoes-pastel
footwear,empty-type(brand-default-foot),,rudis-team-store-bundle-test,FAIL,COVERAGE GAP — no chart/no paint,,false,,,,,false,,none,,suppress|suppress|suppress,CONFIRMED,https://rudis.com/products/rudis-team-store-bundle-test
footwear,type:Wrestling,Wrestling,hildebrandt-girls-wrestling-shoes-all-heart,FAIL,COVERAGE GAP — no chart/no paint,,false,,hildebrandt,product_title,Hildebrandt Girl's Wrestling Shoes - All Heart,true,bra,excluded,,suppress|suppress|suppress,CONFIRMED,https://rudis.com/products/hildebrandt-girls-wrestling-shoes-all-heart
footwear,type:Wrestling,Wrestling,hildebrandt-womens-wrestling-shoes-all-heart,FAIL,COVERAGE GAP — no chart/no paint,,false,,hildebrandt,product_title,Hildebrandt Women's Wrestling Shoes - All Heart,true,bra,excluded,,suppress|suppress|suppress,CONFIRMED,https://rudis.com/products/hildebrandt-womens-wrestling-shoes-all-heart
footwear,empty-type(brand-default-foot),,rudis-elite-airflow-headgear-pink,FAIL,COVERAGE GAP — no chart/no paint,,false,,hildebrandt,collection_title,The Sarah Hildebrandt Collection,true,headgear,excluded,,suppress|suppress|suppress,CONFIRMED,https://rudis.com/products/rudis-elite-airflow-headgear-pink
footwear,type:Wrestling,Wrestling,hildebrandt-girls-wrestling-shoes-clear-sky,FAIL,COVERAGE GAP — no chart/no paint,,false,,hildebrandt,product_title,Hildebrandt Girl's Wrestling Shoes - Clear Sky,true,bra,excluded,,suppress|suppress|suppress,CONFIRMED,https://rudis.com/products/hildebrandt-girls-wrestling-shoes-clear-sky
footwear,type:Wrestling,Wrestling,hildebrandt-womens-adult-wrestling-shoes-clear-sky,FAIL,COVERAGE GAP — no chart/no paint,,false,,hildebrandt,product_title,Hildebrandt Women's Adult Wrestling Shoes - Clear Sky,true,bra,excluded,,suppress|suppress|suppress,CONFIRMED,https://rudis.com/products/hildebrandt-womens-adult-wrestling-shoes-clear-sky
footwear,empty-type(brand-default-foot),,rudis-tech-womens-thermal-olive,FAIL,COVERAGE GAP — no chart/no paint,,false,,,,,true,long sleeve,excluded,,suppress|suppress|suppress,CONFIRMED,https://rudis.com/products/rudis-tech-womens-thermal-olive
footwear,empty-type(brand-default-foot),,rudis-tech-womens-thermal-black,FAIL,COVERAGE GAP — no chart/no paint,,false,,,,,true,long sleeve,excluded,,suppress|suppress|suppress,CONFIRMED,https://rudis.com/products/rudis-tech-womens-thermal-black
footwear,type:Wrestling,Wrestling,size-9-rudis-international-x-wrestlegang-2,FAIL,COVERAGE GAP — chart set but no paint,60c59067-044,false,,international,product_title,Size 9 - RUDIS International X WrestleGang,false,,keyword_match,,suppress|suppress|suppress,CONFIRMED,https://rudis.com/products/size-9-rudis-international-x-wrestlegang-2
footwear,type:Wrestling,Wrestling,size-6-rudis-international-x-wrestlegang-1,FAIL,COVERAGE GAP — chart set but no paint,60c59067-044,false,,international,product_title,Size 6.5 - RUDIS International X WrestleGang,false,,keyword_match,,suppress|suppress|suppress,CONFIRMED,https://rudis.com/products/size-6-rudis-international-x-wrestlegang-1
footwear,type:Wrestling,Wrestling,size-12-rudis-international-x-wrestlegang-1,FAIL,COVERAGE GAP — chart set but no paint,60c59067-044,false,,international,product_title,Size 12 - RUDIS International X WrestleGang,false,,keyword_match,,suppress|suppress|suppress,CONFIRMED,https://rudis.com/products/size-12-rudis-international-x-wrestlegang-1
footwear,type:Wrestling,Wrestling,size-8-rudis-international-x-wrestlegang-1,FAIL,COVERAGE GAP — chart set but no paint,60c59067-044,false,,international,product_title,Size 8 - RUDIS International X WrestleGang,false,,keyword_match,,suppress|suppress|suppress,CONFIRMED,https://rudis.com/products/size-8-rudis-international-x-wrestlegang-1
footwear,type:Wrestling,Wrestling,size-13-rudis-international-x-wrestlegang-1,FAIL,COVERAGE GAP — chart set but no paint,60c59067-044,false,,international,product_title,Size 13 - RUDIS International X WrestleGang,false,,keyword_match,,suppress|suppress|suppress,CONFIRMED,https://rudis.com/products/size-13-rudis-international-x-wrestlegang-1
footwear,empty-type(brand-default-foot),,size-10-5-rudis-international-x-wrestlegang-3,FAIL,COVERAGE GAP — chart set but no paint,60c59067-044,false,,international,product_title,Size 10.5 - RUDIS International X WrestleGang,false,,keyword_match,,suppress|suppress|suppress,CONFIRMED,https://rudis.com/products/size-10-5-rudis-international-x-wrestlegang-3
footwear,type:Wrestling,Wrestling,size-7-rudis-international-x-wrestlegang-1,FAIL,COVERAGE GAP — chart set but no paint,60c59067-044,false,,international,product_title,Size 7.5 - RUDIS International X WrestleGang,false,,keyword_match,,suppress|suppress|suppress,CONFIRMED,https://rudis.com/products/size-7-rudis-international-x-wrestlegang-1
footwear,type:Wrestling,Wrestling,size-10-rudis-international-x-wrestlegang-3,FAIL,COVERAGE GAP — chart set but no paint,60c59067-044,false,,international,product_title,Size 10 - RUDIS International X WrestleGang,false,,keyword_match,,suppress|suppress|suppress,CONFIRMED,https://rudis.com/products/size-10-rudis-international-x-wrestlegang-3
footwear,type:Wrestling,Wrestling,size-11-rudis-international-x-wrestlegang-2,FAIL,COVERAGE GAP — chart set but no paint,60c59067-044,false,,international,product_title,Size 11 - RUDIS International X WrestleGang,false,,keyword_match,,suppress|suppress|suppress,CONFIRMED,https://rudis.com/products/size-11-rudis-international-x-wrestlegang-2
footwear,type:Wrestling,Wrestling,size-14-rudis-international-x-wrestlegang-1,FAIL,COVERAGE GAP — chart set but no paint,60c59067-044,false,,international,product_title,Size 14 - RUDIS International X WrestleGang,false,,keyword_match,,suppress|suppress|suppress,CONFIRMED,https://rudis.com/products/size-14-rudis-international-x-wrestlegang-1
footwear,type:Wrestling,Wrestling,size-9-5-rudis-international-x-wrestlegang-2,FAIL,COVERAGE GAP — chart set but no paint,60c59067-044,false,,international,product_title,Size 9.5 - RUDIS International X WrestleGang,false,,keyword_match,,suppress|suppress|suppress,CONFIRMED,https://rudis.com/products/size-9-5-rudis-international-x-wrestlegang-2
footwear,type:Wrestling,Wrestling,size-11-5-rudis-international-x-wrestlegang-1,FAIL,COVERAGE GAP — chart set but no paint,60c59067-044,false,,international,product_title,Size 11.5 - RUDIS International X WrestleGang,false,,keyword_match,,suppress|suppress|suppress,CONFIRMED,https://rudis.com/products/size-11-5-rudis-international-x-wrestlegang-1
footwear,type:Wrestling,Wrestling,size-8-5-rudis-international-x-wrestlegang-1,FAIL,COVERAGE GAP — chart set but no paint,60c59067-044,false,,international,product_title,Size 8.5 - RUDIS International X WrestleGang,false,,keyword_match,,suppress|suppress|suppress,CONFIRMED,https://rudis.com/products/size-8-5-rudis-international-x-wrestlegang-1
footwear,empty-type(brand-default-foot),,performance-uniform-set,FAIL,COVERAGE GAP — no chart/no paint,,false,,,,,false,,none,,suppress|suppress|suppress,CONFIRMED,https://rudis.com/products/performance-uniform-set
footwear,empty-type(brand-default-foot),,rudis-elite-airflow-headgear-light-speed,FAIL,COVERAGE GAP — no chart/no paint,,false,,kolat,collection_title,Kolat Collection,true,headgear,excluded,,suppress|suppress|suppress,CONFIRMED,https://rudis.com/products/rudis-elite-airflow-headgear-light-speed
footwear,kw:Shoe,Extras,kolat-shoe-keychain,FAIL,COVERAGE GAP — no chart/no paint,,false,,kolat,product_title,Kolat Shoe Keychain,true,keychain,excluded,,suppress|suppress|suppress,CONFIRMED,https://rudis.com/products/kolat-shoe-keychain
footwear,empty-type(brand-default-foot),,rudis-elite-airflow-headgear-inferno,FAIL,COVERAGE GAP — no chart/no paint,,false,,kolat,collection_title,Kolat Collection,true,headgear,excluded,,suppress|suppress|suppress,CONFIRMED,https://rudis.com/products/rudis-elite-airflow-headgear-inferno
footwear,empty-type(brand-default-foot),,rudis-elite-airflow-headgear-legacy,FAIL,COVERAGE GAP — no chart/no paint,,false,,kolat,collection_title,Kolat Collection,true,headgear,excluded,,suppress|suppress|suppress,CONFIRMED,https://rudis.com/products/rudis-elite-airflow-headgear-legacy
footwear,empty-type(brand-default-foot),,rudis-elite-airflow-headgear-potion,FAIL,COVERAGE GAP — no chart/no paint,,false,,kolat,collection_title,Kolat Collection,true,headgear,excluded,,suppress|suppress|suppress,CONFIRMED,https://rudis.com/products/rudis-elite-airflow-headgear-potion
footwear,empty-type(brand-default-foot),,luxe-terry-sweatpants-lunar,FAIL,COVERAGE GAP — no chart/no paint,,false,,wide,product_title,RUDIS Wide Leg Luxe Terry Sweatpants - Lunar,true,pant,excluded,,suppress|suppress|suppress,CONFIRMED,https://rudis.com/products/luxe-terry-sweatpants-lunar
footwear,empty-type(brand-default-foot),,luxe-terry-youth-sweatpants-lunar,FAIL,COVERAGE GAP — no chart/no paint,,false,,wide,product_title,RUDIS Youth Wide Leg Luxe Terry Sweatpants - Lunar,true,pant,excluded,,suppress|suppress|suppress,CONFIRMED,https://rudis.com/products/luxe-terry-youth-sweatpants-lunar
footwear,type:Wrestling,Wrestling,hildebrandt-girls-wrestling-shoes-sunset,FAIL,COVERAGE GAP — no chart/no paint,,false,,hildebrandt,product_title,Hildebrandt Girl's Wrestling Shoes - Sunset,true,bra,excluded,,suppress|suppress|suppress,CONFIRMED,https://rudis.com/products/hildebrandt-girls-wrestling-shoes-sunset
footwear,type:Wrestling,Wrestling,hildebrandt-womens-adult-wrestling-shoes-sunset,FAIL,COVERAGE GAP — no chart/no paint,,false,,hildebrandt,product_title,Hildebrandt Women's Adult Wrestling Shoes - Sunset,true,bra,excluded,,suppress|suppress|suppress,CONFIRMED,https://rudis.com/products/hildebrandt-womens-adult-wrestling-shoes-sunset
footwear,empty-type(brand-default-foot),,luxe-terry-sweatpants-black,FAIL,COVERAGE GAP — no chart/no paint,,false,,wide,product_title,RUDIS Wide Leg Luxe Terry Sweatpants - Black,true,pant,excluded,,suppress|suppress|suppress,CONFIRMED,https://rudis.com/products/luxe-terry-sweatpants-black
footwear,empty-type(brand-default-foot),,rudis-womens-training-long-sleeve-shark,FAIL,COVERAGE GAP — no chart/no paint,,false,,training,product_title,RUDIS Women's Training Long Sleeve - Shark,true,long sleeve,excluded,,suppress|suppress|suppress,CONFIRMED,https://rudis.com/products/rudis-womens-training-long-sleeve-shark
footwear,empty-type(brand-default-foot),,rudis-womens-training-long-sleeve-lunar-gray,FAIL,COVERAGE GAP — no chart/no paint,,false,,training,product_title,RUDIS Women's Training Long Sleeve - Lunar Gray,true,long sleeve,excluded,,suppress|suppress|suppress,CONFIRMED,https://rudis.com/products/rudis-womens-training-long-sleeve-lunar-gray
footwear,empty-type(brand-default-foot),,rudis-womens-training-long-sleeve-black,FAIL,COVERAGE GAP — no chart/no paint,,false,,training,product_title,RUDIS Women's Training Long Sleeve - Black,true,long sleeve,excluded,,suppress|suppress|suppress,CONFIRMED,https://rudis.com/products/rudis-womens-training-long-sleeve-black
footwear,type:Wrestling,Wrestling,hildebrandt-girls-wrestling-shoes-usa,FAIL,COVERAGE GAP — no chart/no paint,,false,,hildebrandt,product_title,Hildebrandt Girl's Wrestling Shoes - USA,true,bra,excluded,,suppress|suppress|suppress,CONFIRMED,https://rudis.com/products/hildebrandt-girls-wrestling-shoes-usa
footwear,type:Wrestling,Wrestling,hildebrandt-womens-adult-wrestling-shoes-usa,FAIL,COVERAGE GAP — no chart/no paint,,false,,hildebrandt,product_title,Hildebrandt Women's Adult Wrestling Shoes - USA,true,bra,excluded,,suppress|suppress|suppress,CONFIRMED,https://rudis.com/products/hildebrandt-womens-adult-wrestling-shoes-usa
footwear,type:Wrestling,Wrestling,hildebrandt-girls-wrestling-shoes-berry-burst,FAIL,COVERAGE GAP — no chart/no paint,,false,,hildebrandt,product_title,Hildebrandt Girl's Wrestling Shoes - Berry Burst,true,bra,excluded,,suppress|suppress|suppress,CONFIRMED,https://rudis.com/products/hildebrandt-girls-wrestling-shoes-berry-burst
footwear,type:Wrestling,Wrestling,hildebrandt-womens-adult-wrestling-shoes-berry-burst,FAIL,COVERAGE GAP — no chart/no paint,,false,,hildebrandt,product_title,Hildebrandt Women's Adult Wrestling Shoes - Berry Burst,true,bra,excluded,,suppress|suppress|suppress,CONFIRMED,https://rudis.com/products/hildebrandt-womens-adult-wrestling-shoes-berry-burst
footwear,kw:Shoe,Extras,rudis-ks-gold-shoe-keychain,FAIL,COVERAGE GAP — no chart/no paint,,false,,infinity,collection_title,KS INFINITY CONTROLLED CHAOS COLLECTION,true,keychain,excluded,,suppress|suppress|suppress,CONFIRMED,https://rudis.com/products/rudis-ks-gold-shoe-keychain
footwear,empty-type(brand-default-foot),,vik-usa-gold-standard-uniform-pants,FAIL,COVERAGE GAP — no chart/no paint,,false,,wrestling,collection_title,USA Wrestling VIK Team Store,true,pant,excluded,,suppress|suppress|suppress,CONFIRMED,https://rudis.com/products/vik-usa-gold-standard-uniform-pants
footwear,kw:Hiker,Bags,usaw-logo-hiker-gearpack,FAIL,COVERAGE GAP — no chart/no paint,,false,,,,,true,logo,excluded,,suppress|suppress|suppress,CONFIRMED,https://rudis.com/products/usaw-logo-hiker-gearpack
footwear,empty-type(brand-default-foot),,rudis-elite-terry-crewneck-royal,FAIL,COVERAGE GAP — no chart/no paint,,false,,,,,true,crewneck,excluded,,suppress|suppress|suppress,CONFIRMED,https://rudis.com/products/rudis-elite-terry-crewneck-royal
footwear,kw:Hiker,Bags,rudis-4082-hiker-gearpack-gray,FAIL,COVERAGE GAP — no chart/no paint,,false,,,,,false,,none,,suppress|suppress|suppress,CONFIRMED,https://rudis.com/products/rudis-4082-hiker-gearpack-gray
footwear,kw:Hiker,Bags,rudis-4082-hiker-gearpack-navy,FAIL,COVERAGE GAP — no chart/no paint,,false,,,,,false,,none,,suppress|suppress|suppress,CONFIRMED,https://rudis.com/products/rudis-4082-hiker-gearpack-navy
footwear,empty-type(brand-default-foot),,navy-rudis-hex-premier-youth-joggers,FAIL,COVERAGE GAP — no chart/no paint,,false,,,,,false,,none,,suppress|suppress|suppress,CONFIRMED,https://rudis.com/products/navy-rudis-hex-premier-youth-joggers
footwear,empty-type(brand-default-foot),,rudis-label-youth-crewneck,FAIL,COVERAGE GAP — no chart/no paint,,false,,,,,true,crewneck,excluded,,suppress|suppress|suppress,CONFIRMED,https://rudis.com/products/rudis-label-youth-crewneck
footwear,type:Wrestling,Wrestling,hildebrandt-girls-wrestling-shoes-electric-lilac,FAIL,COVERAGE GAP — no chart/no paint,,false,,hildebrandt,product_title,Hildebrandt Girl's Wrestling Shoes - Electric Lilac,true,bra,excluded,,suppress|suppress|suppress,CONFIRMED,https://rudis.com/products/hildebrandt-girls-wrestling-shoes-electric-lilac
footwear,type:Wrestling,Wrestling,hildebrandt-womens-adult-wrestling-shoes-electric-lilac,FAIL,COVERAGE GAP — no chart/no paint,,false,,hildebrandt,product_title,Hildebrandt Women's Adult Wrestling Shoes - Electric Lilac,true,bra,excluded,,suppress|suppress|suppress,CONFIRMED,https://rudis.com/products/hildebrandt-womens-adult-wrestling-shoes-electric-lilac
footwear,type:Wrestling,Wrestling,size-9-5-rudis-international-x-wrestle-gang,FAIL,COVERAGE GAP — chart set but no paint,60c59067-044,false,,international,product_title,SIZE 9.5 - RUDIS International X Wrestle Gang,false,,keyword_match,,suppress|suppress|suppress,CONFIRMED,https://rudis.com/products/size-9-5-rudis-international-x-wrestle-gang
footwear,type:Wrestling,Wrestling,size-6-5-rudis-international-x-wrestle-gang,FAIL,COVERAGE GAP — chart set but no paint,60c59067-044,false,,international,product_title,SIZE 6.5 - RUDIS International X Wrestle Gang,false,,keyword_match,,suppress|suppress|suppress,CONFIRMED,https://rudis.com/products/size-6-5-rudis-international-x-wrestle-gang
footwear,type:Wrestling,Wrestling,size-10-rudis-international-x-wrestle-gang,FAIL,COVERAGE GAP — chart set but no paint,60c59067-044,false,,international,product_title,SIZE 10 - RUDIS International X Wrestle Gang,false,,keyword_match,,suppress|suppress|suppress,CONFIRMED,https://rudis.com/products/size-10-rudis-international-x-wrestle-gang
footwear,type:Wrestling,Wrestling,size-10-rudis-international-x-wrestlegang-2,FAIL,COVERAGE GAP — chart set but no paint,60c59067-044,false,,international,product_title,SIZE 10 - RUDIS International X WrestleGang,false,,keyword_match,,suppress|suppress|suppress,CONFIRMED,https://rudis.com/products/size-10-rudis-international-x-wrestlegang-2
footwear,type:Wrestling,Wrestling,size-9-5-rudis-international-x-wrestle-gang-1,FAIL,COVERAGE GAP — chart set but no paint,60c59067-044,false,,international,product_title,SIZE 9.5 - RUDIS International X Wrestle Gang,false,,keyword_match,,suppress|suppress|suppress,CONFIRMED,https://rudis.com/products/size-9-5-rudis-international-x-wrestle-gang-1
footwear,type:Wrestling,Wrestling,size-9-rudis-international-x-wrestle-gang-1,FAIL,COVERAGE GAP — chart set but no paint,60c59067-044,false,,international,product_title,SIZE 9 - RUDIS International X Wrestle Gang,false,,keyword_match,,suppress|suppress|suppress,CONFIRMED,https://rudis.com/products/size-9-rudis-international-x-wrestle-gang-1
footwear,type:Wrestling,Wrestling,size-8-5-rudis-international-x-wrestle-gang,FAIL,COVERAGE GAP — chart set but no paint,60c59067-044,false,,international,product_title,SIZE 8.5 - RUDIS International X Wrestle Gang,false,,keyword_match,,suppress|suppress|suppress,CONFIRMED,https://rudis.com/products/size-8-5-rudis-international-x-wrestle-gang
footwear,type:Wrestling,Wrestling,size-8-rudis-international-x-wrestle-gang,FAIL,COVERAGE GAP — chart set but no paint,60c59067-044,false,,international,product_title,SIZE 8 - RUDIS International X Wrestle Gang,false,,keyword_match,,suppress|suppress|suppress,CONFIRMED,https://rudis.com/products/size-8-rudis-international-x-wrestle-gang
footwear,type:Wrestling,Wrestling,size-7-5-rudis-international-x-wrestle-gang,FAIL,COVERAGE GAP — chart set but no paint,60c59067-044,false,,international,product_title,SIZE 7.5 - RUDIS International X Wrestle Gang,false,,keyword_match,,suppress|suppress|suppress,CONFIRMED,https://rudis.com/products/size-7-5-rudis-international-x-wrestle-gang
footwear,type:Wrestling,Wrestling,size-11-rudis-international-x-wrestle-gang-1,FAIL,COVERAGE GAP — chart set but no paint,60c59067-044,false,,international,product_title,SIZE 11 - RUDIS International X Wrestle Gang,false,,keyword_match,,suppress|suppress|suppress,CONFIRMED,https://rudis.com/products/size-11-rudis-international-x-wrestle-gang-1
footwear,type:Wrestling,Wrestling,size-11-rudis-international-x-wrestle-gang,FAIL,COVERAGE GAP — chart set but no paint,60c59067-044,false,,international,product_title,SIZE 11 - RUDIS International X Wrestle Gang,false,,keyword_match,,suppress|suppress|suppress,CONFIRMED,https://rudis.com/products/size-11-rudis-international-x-wrestle-gang
footwear,type:Wrestling,Wrestling,size-7-rudis-international-x-wrestle-gang,FAIL,COVERAGE GAP — chart set but no paint,60c59067-044,false,,international,product_title,SIZE 7 - RUDIS International X Wrestle Gang,false,,keyword_match,,suppress|suppress|suppress,CONFIRMED,https://rudis.com/products/size-7-rudis-international-x-wrestle-gang
footwear,type:Wrestling,Wrestling,size-10-5-rudis-international-x-wrestlegang-2,FAIL,COVERAGE GAP — chart set but no paint,60c59067-044,false,,international,product_title,SIZE 10.5 - RUDIS International X WrestleGang,false,,keyword_match,,suppress|suppress|suppress,CONFIRMED,https://rudis.com/products/size-10-5-rudis-international-x-wrestlegang-2
footwear,type:Wrestling,Wrestling,size-6-rudis-international-x-wrestle-gang,FAIL,COVERAGE GAP — chart set but no paint,60c59067-044,false,,international,product_title,SIZE 6 - RUDIS International X Wrestle Gang,false,,keyword_match,,suppress|suppress|suppress,CONFIRMED,https://rudis.com/products/size-6-rudis-international-x-wrestle-gang
footwear,type:Wrestling,Wrestling,size-12-rudis-international-x-wrestle-gang,FAIL,COVERAGE GAP — chart set but no paint,60c59067-044,false,,international,product_title,SIZE 12 - RUDIS International X Wrestle Gang,false,,keyword_match,,suppress|suppress|suppress,CONFIRMED,https://rudis.com/products/size-12-rudis-international-x-wrestle-gang
footwear,type:Wrestling,Wrestling,size-11-5-rudis-international-x-wrestle-gang,FAIL,COVERAGE GAP — chart set but no paint,60c59067-044,false,,international,product_title,SIZE 11.5 - RUDIS International X Wrestle Gang,false,,keyword_match,,suppress|suppress|suppress,CONFIRMED,https://rudis.com/products/size-11-5-rudis-international-x-wrestle-gang
footwear,type:Wrestling,Wrestling,size-13-rudis-international-x-wrestle-gang,FAIL,COVERAGE GAP — chart set but no paint,60c59067-044,false,,international,product_title,SIZE 13 - RUDIS International X Wrestle Gang,false,,keyword_match,,suppress|suppress|suppress,CONFIRMED,https://rudis.com/products/size-13-rudis-international-x-wrestle-gang
footwear,type:Wrestling,Wrestling,size-9-rudis-international-x-wrestle-gang,FAIL,COVERAGE GAP — chart set but no paint,60c59067-044,false,,international,product_title,SIZE 9 - RUDIS International X Wrestle Gang,false,,keyword_match,,suppress|suppress|suppress,CONFIRMED,https://rudis.com/products/size-9-rudis-international-x-wrestle-gang
footwear,type:Wrestling,Wrestling,size-10-5-rudis-international-x-wrestle-gang,FAIL,COVERAGE GAP — chart set but no paint,60c59067-044,false,,international,product_title,SIZE 10.5 - RUDIS International X Wrestle Gang,false,,keyword_match,,suppress|suppress|suppress,CONFIRMED,https://rudis.com/products/size-10-5-rudis-international-x-wrestle-gang
footwear,type:Wrestling,Wrestling,size-14-rudis-international-x-wrestle-gang,FAIL,COVERAGE GAP — chart set but no paint,60c59067-044,false,,international,product_title,SIZE 14 - RUDIS International X Wrestle Gang,false,,keyword_match,,suppress|suppress|suppress,CONFIRMED,https://rudis.com/products/size-14-rudis-international-x-wrestle-gang
footwear,type:Wrestling,Wrestling,hildebrandt-girls-wrestling-shoes-metamorphosis-black,FAIL,COVERAGE GAP — no chart/no paint,,false,,hildebrandt,product_title,Hildebrandt Girl's Wrestling Shoes - Metamorphosis Black,true,bra,excluded,,suppress|suppress|suppress,CONFIRMED,https://rudis.com/products/hildebrandt-girls-wrestling-shoes-metamorphosis-black
footwear,type:Wrestling,Wrestling,hildebrandt-womens-adult-wrestling-shoes-metamorphosis-black,FAIL,COVERAGE GAP — no chart/no paint,,false,,hildebrandt,product_title,Hildebrandt Women's Adult Wrestling Shoes - Metamorphosis Black,true,bra,excluded,,suppress|suppress|suppress,CONFIRMED,https://rudis.com/products/hildebrandt-womens-adult-wrestling-shoes-metamorphosis-black
footwear,kw:Hiker,Bags,rudis-4082-hiker-gearpack-tan,FAIL,COVERAGE GAP — no chart/no paint,,false,,,,,false,,none,,suppress|suppress|suppress,CONFIRMED,https://rudis.com/products/rudis-4082-hiker-gearpack-tan
footwear,type:Wrestling,Wrestling,size-9-rudis-jb1-x-tkustoms-1,FAIL,COVERAGE GAP — chart set but no paint,60c59067-044,false,,jb1,product_title,SIZE 9 - RUDIS JB1 X TKUSTOMS,false,,keyword_match,,suppress|suppress|suppress,CONFIRMED,https://rudis.com/products/size-9-rudis-jb1-x-tkustoms-1
footwear,type:Wrestling,Wrestling,size-3y-rudis-jb1-x-tkustoms-1,FAIL,COVERAGE GAP — chart set but no paint,60c59067-044,false,,jb1,product_title,SIZE 3Y - RUDIS JB1 X TKUSTOMS,false,,keyword_match,,suppress|suppress|suppress,CONFIRMED,https://rudis.com/products/size-3y-rudis-jb1-x-tkustoms-1
footwear,type:Wrestling,Wrestling,size-11-5-rudis-jb1-x-tkustoms-1,FAIL,COVERAGE GAP — chart set but no paint,60c59067-044,false,,jb1,product_title,SIZE 11.5 - RUDIS JB1 X TKUSTOMS,false,,keyword_match,,suppress|suppress|suppress,CONFIRMED,https://rudis.com/products/size-11-5-rudis-jb1-x-tkustoms-1
footwear,type:Wrestling,Wrestling,size-8-5-rudis-jb1-x-tkustoms-1,FAIL,COVERAGE GAP — chart set but no paint,60c59067-044,false,,jb1,product_title,SIZE 8.5 - RUDIS JB1 X TKUSTOMS,false,,keyword_match,,suppress|suppress|suppress,CONFIRMED,https://rudis.com/products/size-8-5-rudis-jb1-x-tkustoms-1
footwear,type:Wrestling,Wrestling,size-7-rudis-jb1-x-tkustoms-1,FAIL,COVERAGE GAP — chart set but no paint,60c59067-044,false,,jb1,product_title,SIZE 7 - RUDIS JB1 X TKUSTOMS,false,,keyword_match,,suppress|suppress|suppress,CONFIRMED,https://rudis.com/products/size-7-rudis-jb1-x-tkustoms-1
footwear,type:Wrestling,Wrestling,size-6-5-rudis-jb1-x-tkustoms-1,FAIL,COVERAGE GAP — chart set but no paint,60c59067-044,false,,jb1,product_title,SIZE 6.5 - RUDIS JB1 X TKUSTOMS,false,,keyword_match,,suppress|suppress|suppress,CONFIRMED,https://rudis.com/products/size-6-5-rudis-jb1-x-tkustoms-1
footwear,type:Wrestling,Wrestling,size-9-5-rudis-jb1-x-tkustoms-1,FAIL,COVERAGE GAP — chart set but no paint,60c59067-044,false,,jb1,product_title,SIZE 9.5 - RUDIS JB1 X TKUSTOMS,false,,keyword_match,,suppress|suppress|suppress,CONFIRMED,https://rudis.com/products/size-9-5-rudis-jb1-x-tkustoms-1
footwear,type:Wrestling,Wrestling,size-8-rudis-jb1-x-tkustoms-1,FAIL,COVERAGE GAP — chart set but no paint,60c59067-044,false,,jb1,product_title,SIZE 8 - RUDIS JB1 X TKUSTOMS,false,,keyword_match,,suppress|suppress|suppress,CONFIRMED,https://rudis.com/products/size-8-rudis-jb1-x-tkustoms-1
footwear,type:Wrestling,Wrestling,size-7-5-rudis-jb1-x-tkustoms-1,FAIL,COVERAGE GAP — chart set but no paint,60c59067-044,false,,jb1,product_title,SIZE 7.5 - RUDIS JB1 X TKUSTOMS,false,,keyword_match,,suppress|suppress|suppress,CONFIRMED,https://rudis.com/products/size-7-5-rudis-jb1-x-tkustoms-1
footwear,type:Wrestling,Wrestling,size-4y-rudis-jb1-x-tkustoms-1,FAIL,COVERAGE GAP — chart set but no paint,60c59067-044,false,,jb1,product_title,SIZE 4Y - RUDIS JB1 X TKUSTOMS,false,,keyword_match,,suppress|suppress|suppress,CONFIRMED,https://rudis.com/products/size-4y-rudis-jb1-x-tkustoms-1
footwear,type:Wrestling,Wrestling,size-11-rudis-jb1-x-tkustoms-1,FAIL,COVERAGE GAP — chart set but no paint,60c59067-044,false,,jb1,product_title,SIZE 11 - RUDIS JB1 X TKUSTOMS,false,,keyword_match,,suppress|suppress|suppress,CONFIRMED,https://rudis.com/products/size-11-rudis-jb1-x-tkustoms-1
footwear,type:Wrestling,Wrestling,size-10-rudis-jb1-x-tkustoms-1,FAIL,COVERAGE GAP — chart set but no paint,60c59067-044,false,,jb1,product_title,SIZE 10 - RUDIS JB1 X TKUSTOMS,false,,keyword_match,,suppress|suppress|suppress,CONFIRMED,https://rudis.com/products/size-10-rudis-jb1-x-tkustoms-1
footwear,type:Wrestling,Wrestling,size-13-rudis-jb1-x-tkustoms-1,FAIL,COVERAGE GAP — chart set but no paint,60c59067-044,false,,jb1,product_title,SIZE 13 - RUDIS JB1 X TKUSTOMS,false,,keyword_match,,suppress|suppress|suppress,CONFIRMED,https://rudis.com/products/size-13-rudis-jb1-x-tkustoms-1
footwear,type:Wrestling,Wrestling,size-10-5-rudis-jb1-x-tkustoms-1,FAIL,COVERAGE GAP — chart set but no paint,60c59067-044,false,,jb1,product_title,SIZE 10.5 - RUDIS JB1 X TKUSTOMS,false,,keyword_match,,suppress|suppress|suppress,CONFIRMED,https://rudis.com/products/size-10-5-rudis-jb1-x-tkustoms-1
footwear,type:Wrestling,Wrestling,size-12-rudis-jb1-x-tkustoms-1,FAIL,COVERAGE GAP — chart set but no paint,60c59067-044,false,,jb1,product_title,SIZE 12 - RUDIS JB1 X TKUSTOMS,false,,keyword_match,,suppress|suppress|suppress,CONFIRMED,https://rudis.com/products/size-12-rudis-jb1-x-tkustoms-1
footwear,type:Wrestling,Wrestling,size-5-5y-rudis-jb1-x-tkustoms-1,FAIL,COVERAGE GAP — chart set but no paint,60c59067-044,false,,jb1,product_title,SIZE 5.5Y - RUDIS JB1 X TKUSTOMS,false,,keyword_match,,suppress|suppress|suppress,CONFIRMED,https://rudis.com/products/size-5-5y-rudis-jb1-x-tkustoms-1
footwear,type:Wrestling,Wrestling,size-6-rudis-jb1-x-tkustoms-1,FAIL,COVERAGE GAP — chart set but no paint,60c59067-044,false,,jb1,product_title,SIZE 6 - RUDIS JB1 X TKUSTOMS,false,,keyword_match,,suppress|suppress|suppress,CONFIRMED,https://rudis.com/products/size-6-rudis-jb1-x-tkustoms-1
footwear,type:Wrestling,Wrestling,size-14-rudis-jb1-x-tkustoms-1,FAIL,COVERAGE GAP — chart set but no paint,60c59067-044,false,,jb1,product_title,SIZE 14 - RUDIS JB1 X TKUSTOMS,false,,keyword_match,,suppress|suppress|suppress,CONFIRMED,https://rudis.com/products/size-14-rudis-jb1-x-tkustoms-1
footwear,type:Wrestling,Wrestling,size-5y-rudis-jb1-x-tkustoms-1,FAIL,COVERAGE GAP — chart set but no paint,60c59067-044,false,,jb1,product_title,SIZE 5Y - RUDIS JB1 X TKUSTOMS,false,,keyword_match,,suppress|suppress|suppress,CONFIRMED,https://rudis.com/products/size-5y-rudis-jb1-x-tkustoms-1
footwear,type:Wrestling,Wrestling,size-15-rudis-jb1-x-tkustoms-1,FAIL,COVERAGE GAP — chart set but no paint,60c59067-044,false,,jb1,product_title,SIZE 15 - RUDIS JB1 X TKUSTOMS,false,,keyword_match,,suppress|suppress|suppress,CONFIRMED,https://rudis.com/products/size-15-rudis-jb1-x-tkustoms-1
footwear,empty-type(brand-default-foot),,comfort-fleece-teams-crewneck-off-white-custom1,FAIL,COVERAGE GAP — no chart/no paint,,false,,,,,true,crewneck,excluded,,suppress|suppress|suppress,CONFIRMED,https://rudis.com/products/comfort-fleece-teams-crewneck-off-white-custom1
footwear,empty-type(brand-default-foot),,comfort-fleece-teams-crewneck-off-white-custom3,FAIL,COVERAGE GAP — no chart/no paint,,false,,,,,true,crewneck,excluded,,suppress|suppress|suppress,CONFIRMED,https://rudis.com/products/comfort-fleece-teams-crewneck-off-white-custom3
footwear,empty-type(brand-default-foot),,comfort-fleece-teams-crewneck-cream-custom1,FAIL,COVERAGE GAP — no chart/no paint,,false,,,,,true,crewneck,excluded,,suppress|suppress|suppress,CONFIRMED,https://rudis.com/products/comfort-fleece-teams-crewneck-cream-custom1
footwear,empty-type(brand-default-foot),,comfort-fleece-teams-crewneck-off-white-custom2,FAIL,COVERAGE GAP — no chart/no paint,,false,,,,,true,crewneck,excluded,,suppress|suppress|suppress,CONFIRMED,https://rudis.com/products/comfort-fleece-teams-crewneck-off-white-custom2
footwear,empty-type(brand-default-foot),,comfort-fleece-teams-crewneck-cream-custom3,FAIL,COVERAGE GAP — no chart/no paint,,false,,,,,true,crewneck,excluded,,suppress|suppress|suppress,CONFIRMED,https://rudis.com/products/comfort-fleece-teams-crewneck-cream-custom3
footwear,empty-type(brand-default-foot),,comfort-fleece-teams-crewneck-cream-custom2,FAIL,COVERAGE GAP — no chart/no paint,,false,,,,,true,crewneck,excluded,,suppress|suppress|suppress,CONFIRMED,https://rudis.com/products/comfort-fleece-teams-crewneck-cream-custom2
footwear,kw:Shoe,Extras,the-dream-green-shoe-laces,FAIL,COVERAGE GAP — no chart/no paint,,false,,,,,false,,none,,suppress|suppress|suppress,CONFIRMED,https://rudis.com/products/the-dream-green-shoe-laces
footwear,empty-type(brand-default-foot),,rudis-elite-terry-crewneck-athletic-heather-gray,FAIL,COVERAGE GAP — no chart/no paint,,false,,,,,true,crewneck,excluded,,suppress|suppress|suppress,CONFIRMED,https://rudis.com/products/rudis-elite-terry-crewneck-athletic-heather-gray
footwear,kw:Shoe,Extras,jb-gold-shoe-keychain,FAIL,COVERAGE GAP — no chart/no paint,,false,,wrestling,collection_title,Wrestling Gear,true,keychain,excluded,,suppress|suppress|suppress,CONFIRMED,https://rudis.com/products/jb-gold-shoe-keychain
footwear,empty-type(brand-default-foot),,rudis-elite-terry-youth-jogger-athletic-heather-gray,FAIL,COVERAGE GAP — no chart/no paint,,false,,,,,false,,none,,suppress|suppress|suppress,CONFIRMED,https://rudis.com/products/rudis-elite-terry-youth-jogger-athletic-heather-gray
footwear,empty-type(brand-default-foot),,rudis-oblique-wordmark-youth-jogger,FAIL,COVERAGE GAP — no chart/no paint,,false,,,,,false,,none,,suppress|suppress|suppress,CONFIRMED,https://rudis.com/products/rudis-oblique-wordmark-youth-jogger
footwear,empty-type(brand-default-foot),,rudis-wrestler-arched-youth-elite-terry-jogger,FAIL,COVERAGE GAP — no chart/no paint,,false,,,,,false,,none,,suppress|suppress|suppress,CONFIRMED,https://rudis.com/products/rudis-wrestler-arched-youth-elite-terry-jogger
footwear,empty-type(brand-default-foot),,rudis-oblique-wordmark-jogger,FAIL,COVERAGE GAP — no chart/no paint,,false,,,,,false,,none,,suppress|suppress|suppress,CONFIRMED,https://rudis.com/products/rudis-oblique-wordmark-jogger
footwear,empty-type(brand-default-foot),,rudis-wrestler-arched-elite-terry-jogger,FAIL,COVERAGE GAP — no chart/no paint,,false,,,,,false,,none,,suppress|ERROR|suppress,FLAKY,https://rudis.com/products/rudis-wrestler-arched-elite-terry-jogger
footwear,empty-type(brand-default-foot),,rudis-elite-terry-youth-crewneck-ice,FAIL,COVERAGE GAP — no chart/no paint,,false,,,,,true,crewneck,excluded,,suppress|suppress|suppress,CONFIRMED,https://rudis.com/products/rudis-elite-terry-youth-crewneck-ice
footwear,empty-type(brand-default-foot),,rudis-elite-terry-youth-crewneck-black,FAIL,COVERAGE GAP — no chart/no paint,,false,,,,,true,crewneck,excluded,,suppress|suppress|suppress,CONFIRMED,https://rudis.com/products/rudis-elite-terry-youth-crewneck-black
footwear,empty-type(brand-default-foot),,rudis-elite-terry-youth-jogger-black,FAIL,COVERAGE GAP — no chart/no paint,,false,,,,,false,,none,,suppress|suppress|suppress,CONFIRMED,https://rudis.com/products/rudis-elite-terry-youth-jogger-black
footwear,empty-type(brand-default-foot),,rudis-elite-terry-jogger-black,FAIL,COVERAGE GAP — no chart/no paint,,false,,,,,false,,none,,suppress|suppress|suppress,CONFIRMED,https://rudis.com/products/rudis-elite-terry-jogger-black
footwear,empty-type(brand-default-foot),,the-dream-comfort-fleece-youth-crewneck,FAIL,COVERAGE GAP — no chart/no paint,,false,,,,,true,crewneck,excluded,,suppress|suppress|suppress,CONFIRMED,https://rudis.com/products/the-dream-comfort-fleece-youth-crewneck
footwear,empty-type(brand-default-foot),,rudis-2-0-elite-headgear-black-1-custom-t-d1,FAIL,COVERAGE GAP — no chart/no paint,,false,,wrestling,collection_title,Jordan Wrestling - OPP0019936 2024,true,headgear,excluded,,suppress|suppress|suppress,CONFIRMED,https://rudis.com/products/rudis-2-0-elite-headgear-black-1-custom-t-d1
footwear,empty-type(brand-default-foot),,rudis-2-0-elite-headgear-purple,FAIL,COVERAGE GAP — no chart/no paint,,false,,jb1,collection_title,JB1 STARDUST COLLECTION,true,headgear,excluded,,suppress|suppress|suppress,CONFIRMED,https://rudis.com/products/rudis-2-0-elite-headgear-purple
footwear,empty-type(brand-default-foot),,rudis-2-0-elite-headgear-turquoise,FAIL,COVERAGE GAP — no chart/no paint,,false,,infinity,collection_title,KS INFINITY CONTROLLED CHAOS COLLECTION,true,headgear,excluded,,suppress|suppress|suppress,CONFIRMED,https://rudis.com/products/rudis-2-0-elite-headgear-turquoise
footwear,empty-type(brand-default-foot),,rudis-custom-team-addt-fee,FAIL,COVERAGE GAP — no chart/no paint,,false,,,,,false,,none,,suppress|suppress|suppress,CONFIRMED,https://rudis.com/products/rudis-custom-team-addt-fee
footwear,empty-type(brand-default-foot),,rudis-custom-team-rush-fee,FAIL,COVERAGE GAP — no chart/no paint,,false,,,,,false,,none,,suppress|ERROR|ERROR,FLAKY,https://rudis.com/products/rudis-custom-team-rush-fee
footwear,empty-type(brand-default-foot),,rudis-2-0-elite-headgear-emerald,FAIL,COVERAGE GAP — no chart/no paint,,false,,colt,collection_title,Colts Neck HS OPP0030999,true,headgear,excluded,,suppress|suppress|suppress,CONFIRMED,https://rudis.com/products/rudis-2-0-elite-headgear-emerald
footwear,empty-type(brand-default-foot),,rudis-tech-thermal-white,FAIL,COVERAGE GAP — no chart/no paint,,false,,,,,false,,none,,suppress|suppress|suppress,CONFIRMED,https://rudis.com/products/rudis-tech-thermal-white
footwear,empty-type(brand-default-foot),,rudis-tech-thermal-moon-rock,FAIL,COVERAGE GAP — no chart/no paint,,false,,samurai,collection_title,SAMURAI SPEED EARTH COLLECTION,true,long sleeve,excluded,,suppress|suppress|suppress,CONFIRMED,https://rudis.com/products/rudis-tech-thermal-moon-rock
footwear,empty-type(brand-default-foot),,rudis-tech-thermal-cedar,FAIL,COVERAGE GAP — no chart/no paint,,false,,,,,true,long sleeve,excluded,,suppress|suppress|ERROR,FLAKY,https://rudis.com/products/rudis-tech-thermal-cedar
footwear,empty-type(brand-default-foot),,rudis-tech-thermal-black,FAIL,COVERAGE GAP — no chart/no paint,,false,,,,,false,,none,,ERROR|suppress|suppress,FLAKY,https://rudis.com/products/rudis-tech-thermal-black
footwear,empty-type(brand-default-foot),,rudis-1-4-zip-windbreaker-red-custom3,FAIL,COVERAGE GAP — no chart/no paint,,false,,,,,true,1/4 zip,excluded,,suppress|suppress|suppress,CONFIRMED,https://rudis.com/products/rudis-1-4-zip-windbreaker-red-custom3
footwear,empty-type(brand-default-foot),,rudis-1-4-zip-windbreaker-red-custom2,FAIL,COVERAGE GAP — no chart/no paint,,false,,,,,true,1/4 zip,excluded,,suppress|suppress|suppress,CONFIRMED,https://rudis.com/products/rudis-1-4-zip-windbreaker-red-custom2
footwear,empty-type(brand-default-foot),,rudis-1-4-zip-windbreaker-red-custom1,FAIL,COVERAGE GAP — no chart/no paint,,false,,wrestling,collection_title,Askren Wrestling Academy OPP0024809 2025,true,1/4 zip,excluded,,suppress|ERROR|suppress,FLAKY,https://rudis.com/products/rudis-1-4-zip-windbreaker-red-custom1
footwear,kw:Hiker,Bags,rudis-4082-hiker-gearpack-light-blue,FAIL,COVERAGE GAP — no chart/no paint,,false,,,,,true,gearpack,excluded,,suppress|suppress|suppress,CONFIRMED,https://rudis.com/products/rudis-4082-hiker-gearpack-light-blue
footwear,kw:Hiker,Bags,rudis-4082-hiker-gearpack-black,FAIL,COVERAGE GAP — no chart/no paint,,false,,,,,true,gearpack,excluded,,suppress|suppress|suppress,CONFIRMED,https://rudis.com/products/rudis-4082-hiker-gearpack-black
footwear,kw:Hiker,Bags,rudis-4082-hiker-gearpack-white,FAIL,COVERAGE GAP — no chart/no paint,,false,,,,,true,gearpack,excluded,,suppress|suppress|suppress,CONFIRMED,https://rudis.com/products/rudis-4082-hiker-gearpack-white
footwear,empty-type(brand-default-foot),,rudis-elite-terry-jogger-lunar-gray-custom3,FAIL,COVERAGE GAP — no chart/no paint,,false,,,,,false,,none,,suppress|suppress|suppress,CONFIRMED,https://rudis.com/products/rudis-elite-terry-jogger-lunar-gray-custom3
footwear,empty-type(brand-default-foot),,rudis-2-0-elite-headgear-pink,FAIL,COVERAGE GAP — no chart/no paint,,false,,jb1,collection_title,JB1 GUM DOUBLES COLLECTION,true,headgear,excluded,,suppress|suppress|suppress,CONFIRMED,https://rudis.com/products/rudis-2-0-elite-headgear-pink
footwear,empty-type(brand-default-foot),,rudis-2-0-elite-headgear-royal,FAIL,COVERAGE GAP — no chart/no paint,,false,,ks,collection_title,KS POWER SKY COLLECTION,true,headgear,excluded,,suppress|suppress|suppress,CONFIRMED,https://rudis.com/products/rudis-2-0-elite-headgear-royal
footwear,empty-type(brand-default-foot),,rudis-2-0-elite-headgear-yellow,FAIL,COVERAGE GAP — no chart/no paint,,false,,ks,collection_title,Brecksville Broadview Heights High School,true,headgear,excluded,,suppress|suppress|suppress,CONFIRMED,https://rudis.com/products/rudis-2-0-elite-headgear-yellow
footwear,empty-type(brand-default-foot),,rudis-2-0-elite-headgear-orange,FAIL,COVERAGE GAP — no chart/no paint,,false,,ks,collection_title,Somerset Academy Brooks Wrestling Team,true,headgear,excluded,,suppress|suppress|suppress,CONFIRMED,https://rudis.com/products/rudis-2-0-elite-headgear-orange
footwear,empty-type(brand-default-foot),,rudis-2-0-elite-headgear-red,FAIL,COVERAGE GAP — no chart/no paint,,false,,ks,collection_title,Brookside High School OPP0031274,true,headgear,excluded,,suppress|suppress|suppress,CONFIRMED,https://rudis.com/products/rudis-2-0-elite-headgear-red
footwear,empty-type(brand-default-foot),,rudis-2-0-elite-headgear-white,FAIL,COVERAGE GAP — no chart/no paint,,false,,journey,collection_title,Journeymen WC OPP0029235,true,headgear,excluded,,suppress|suppress|suppress,CONFIRMED,https://rudis.com/products/rudis-2-0-elite-headgear-white
footwear,empty-type(brand-default-foot),,u-s-navy-patriot-long-sleeve,FAIL,COVERAGE GAP — no chart/no paint,,false,,,,,true,long sleeve,excluded,,suppress|suppress|suppress,CONFIRMED,https://rudis.com/products/u-s-navy-patriot-long-sleeve
footwear,empty-type(brand-default-foot),,iowa-te-jacket,FAIL,COVERAGE GAP — no chart/no paint,,false,,,,,true,jacket,excluded,,suppress|suppress|suppress,CONFIRMED,https://rudis.com/products/iowa-te-jacket
footwear,empty-type(brand-default-foot),,rudis-crest-heavyweight-crewneck,FAIL,COVERAGE GAP — no chart/no paint,,false,,,,,true,crewneck,excluded,,suppress|suppress|suppress,CONFIRMED,https://rudis.com/products/rudis-crest-heavyweight-crewneck
footwear,empty-type(brand-default-foot),,all-day-lunch-cooler,FAIL,COVERAGE GAP — no chart/no paint,,false,,ks,collection_title,Bo Bassett's Picks,true,cooler,excluded,,suppress|suppress|suppress,CONFIRMED,https://rudis.com/products/all-day-lunch-cooler
footwear,empty-type(brand-default-foot),,jordan-burroughs-art-poster,FAIL,COVERAGE GAP — no chart/no paint,,false,,,,,false,,none,,suppress|suppress|suppress,CONFIRMED,https://rudis.com/products/jordan-burroughs-art-poster
footwear,kw:Shoe,Extras,rudis-flat-shoe-laces,FAIL,COVERAGE GAP — no chart/no paint,,false,,,,,false,,none,,suppress|suppress|suppress,CONFIRMED,https://rudis.com/products/rudis-flat-shoe-laces
