group,classify_why,product_type,handle,status,reason,sizeChart,shadowVisible,box,matched_keyword,match_field,matched_value,is_excluded,excluded_keyword,resolution_source,resolution_collection,reverify,certified,url
non-footwear,type:Leotards & Unitards(default-non-foot),Leotards & Unitards,coco-l1959,PASS,suppressed,,false,,,,,false,,none,,,,https://e4no22mu9tsutcr4-52545421474.shopifypreview.com/products/coco-l1959
non-footwear,type:Shorts,Shorts,jada-kids-shorts-l1883,PASS,suppressed,,false,,,,,false,,none,,,,https://e4no22mu9tsutcr4-52545421474.shopifypreview.com/products/jada-kids-shorts-l1883
non-footwear,type:Leotards & Unitards(default-non-foot),Leotards & Unitards,wanda-l1859,PASS,suppressed,,false,,,,,false,,none,,,,https://e4no22mu9tsutcr4-52545421474.shopifypreview.com/products/wanda-l1859
non-footwear,type:Leotards & Unitards(default-non-foot),Leotards & Unitards,kinga-l1871,PASS,suppressed,,false,,,,,false,,none,,,,https://e4no22mu9tsutcr4-52545421474.shopifypreview.com/products/kinga-l1871
non-footwear,type:Leotards & Unitards(default-non-foot),Leotards & Unitards,julia-l1857,PASS,suppressed,,false,,,,,false,,none,,,,https://e4no22mu9tsutcr4-52545421474.shopifypreview.com/products/julia-l1857
non-footwear,type:Leotards & Unitards(default-non-foot),Leotards & Unitards,hanna-l1847,PASS,suppressed,,false,,,,,false,,none,,,,https://e4no22mu9tsutcr4-52545421474.shopifypreview.com/products/hanna-l1847
non-footwear,type:Leotards & Unitards(default-non-foot),Leotards & Unitards,susie-l1845,PASS,suppressed,,false,,,,,false,,none,,,,https://e4no22mu9tsutcr4-52545421474.shopifypreview.com/products/susie-l1845
non-footwear,type:Leotards & Unitards(default-non-foot),Leotards & Unitards,vera-l1843,PASS,suppressed,,false,,,,,false,,none,,,,https://e4no22mu9tsutcr4-52545421474.shopifypreview.com/products/vera-l1843
non-footwear,type:Leotards & Unitards(default-non-foot),Leotards & Unitards,farah-l1733,PASS,suppressed,,false,,,,,false,,none,,,,https://e4no22mu9tsutcr4-52545421474.shopifypreview.com/products/farah-l1733
non-footwear,type:Leotards & Unitards(default-non-foot),Leotards & Unitards,tilleli-l1743,PASS,suppressed,,false,,,,,false,,none,,,,https://e4no22mu9tsutcr4-52545421474.shopifypreview.com/products/tilleli-l1743
non-footwear,type:Leotards & Unitards(default-non-foot),Leotards & Unitards,allia-l1747,PASS,suppressed,,false,,,,,false,,none,,,,https://e4no22mu9tsutcr4-52545421474.shopifypreview.com/products/allia-l1747
non-footwear,type:Leotards & Unitards(default-non-foot),Leotards & Unitards,rania-l1727,PASS,suppressed,,false,,,,,false,,none,,,,https://e4no22mu9tsutcr4-52545421474.shopifypreview.com/products/rania-l1727
non-footwear,type:Leotards & Unitards(default-non-foot),Leotards & Unitards,tayri-l1741,PASS,suppressed,,false,,,,,false,,none,,,,https://e4no22mu9tsutcr4-52545421474.shopifypreview.com/products/tayri-l1741
non-footwear,type:Leotards & Unitards(default-non-foot),Leotards & Unitards,hiba-l1729,PASS,suppressed,,false,,,,,false,,none,,,,https://e4no22mu9tsutcr4-52545421474.shopifypreview.com/products/hiba-l1729
non-footwear,type:Leotards & Unitards(default-non-foot),Leotards & Unitards,maya-l1745,PASS,suppressed,,false,,,,,false,,none,,,,https://e4no22mu9tsutcr4-52545421474.shopifypreview.com/products/maya-l1745
non-footwear,type:Leotards & Unitards(default-non-foot),Leotards & Unitards,tala-l1705,PASS,suppressed,,false,,,,,false,,none,,,,https://e4no22mu9tsutcr4-52545421474.shopifypreview.com/products/tala-l1705
non-footwear,type:Leotards & Unitards(default-non-foot),Leotards & Unitards,aziza-l1717,PASS,suppressed,,false,,,,,false,,none,,,,https://e4no22mu9tsutcr4-52545421474.shopifypreview.com/products/aziza-l1717
non-footwear,type:Leotards & Unitards(default-non-foot),Leotards & Unitards,tiziri-l1703,PASS,suppressed,,false,,,,,false,,none,,,,https://e4no22mu9tsutcr4-52545421474.shopifypreview.com/products/tiziri-l1703
non-footwear,type:Leotards & Unitards(default-non-foot),Leotards & Unitards,steffy-y-sl05,PASS,suppressed,,false,,,,,false,,none,,,,https://e4no22mu9tsutcr4-52545421474.shopifypreview.com/products/steffy-y-sl05
non-footwear,type:Leotards & Unitards(default-non-foot),Leotards & Unitards,patty-y-sl03,PASS,suppressed,,false,,,,,false,,none,,,,https://e4no22mu9tsutcr4-52545421474.shopifypreview.com/products/patty-y-sl03
non-footwear,type:Leotards & Unitards(default-non-foot),Leotards & Unitards,be-you-playtime-pastel-l2091,PASS,suppressed,,false,,,,,false,,none,,,,https://e4no22mu9tsutcr4-52545421474.shopifypreview.com/products/be-you-playtime-pastel-l2091
non-footwear,type:Leotards & Unitards(default-non-foot),Leotards & Unitards,gigi-l837,PASS,suppressed,,false,,,,,false,,none,,,,https://e4no22mu9tsutcr4-52545421474.shopifypreview.com/products/gigi-l837
non-footwear,type:Leotards & Unitards(default-non-foot),Leotards & Unitards,olivia-l1855,PASS,suppressed,,false,,,,,false,,none,,,,https://e4no22mu9tsutcr4-52545421474.shopifypreview.com/products/olivia-l1855
non-footwear,type:Leotards & Unitards(default-non-foot),Leotards & Unitards,anielia-l1853,PASS,suppressed,,false,,,,,false,,none,,,,https://e4no22mu9tsutcr4-52545421474.shopifypreview.com/products/anielia-l1853
non-footwear,type:Leotards & Unitards(default-non-foot),Leotards & Unitards,houda-l1713,PASS,suppressed,,false,,,,,false,,none,,,,https://e4no22mu9tsutcr4-52545421474.shopifypreview.com/products/houda-l1713
non-footwear,type:Leotards & Unitards(default-non-foot),Leotards & Unitards,lalla-l1835,PASS,suppressed,,false,,,,,false,,none,,,,https://e4no22mu9tsutcr4-52545421474.shopifypreview.com/products/lalla-l1835
non-footwear,type:Leotards & Unitards(default-non-foot),Leotards & Unitards,izza-l1815,PASS,suppressed,,false,,,,,false,,none,,,,https://e4no22mu9tsutcr4-52545421474.shopifypreview.com/products/izza-l1815
non-footwear,type:Leotards & Unitards(default-non-foot),Leotards & Unitards,tamara-l1735,PASS,suppressed,,false,,,,,false,,none,,,,https://e4no22mu9tsutcr4-52545421474.shopifypreview.com/products/tamara-l1735
non-footwear,type:Skirts(default-non-foot),Skirts,tamara-kids-skirt-l1737,PASS,suppressed,,false,,,,,false,,none,,,,https://e4no22mu9tsutcr4-52545421474.shopifypreview.com/products/tamara-kids-skirt-l1737
non-footwear,type:Skirts(default-non-foot),Skirts,hiba-kids-skirt-l1731,PASS,suppressed,,false,,,,,false,,none,,,,https://e4no22mu9tsutcr4-52545421474.shopifypreview.com/products/hiba-kids-skirt-l1731
non-footwear,type:Shorts,Shorts,hula-kids-shorts-l1723,PASS,suppressed,,false,,,,,false,,none,,,,https://e4no22mu9tsutcr4-52545421474.shopifypreview.com/products/hula-kids-shorts-l1723
non-footwear,type:Shorts,Shorts,lila-kids-shorts-l1695,PASS,suppressed,,false,,,,,false,,none,,,,https://e4no22mu9tsutcr4-52545421474.shopifypreview.com/products/lila-kids-shorts-l1695
non-footwear,type:Shorts,Shorts,lilia-kids-shorts-l1683,PASS,suppressed,,false,,,,,false,,none,,,,https://e4no22mu9tsutcr4-52545421474.shopifypreview.com/products/lilia-kids-shorts-l1683
non-footwear,type:Leggings,Leggings,alisa-kids-leggings-l1823,PASS,suppressed,,false,,,,,false,,none,,,,https://e4no22mu9tsutcr4-52545421474.shopifypreview.com/products/alisa-kids-leggings-l1823
non-footwear,type:Shirts & Tops,Shirts & Tops,jada-kids-crop-top-l1879,PASS,suppressed,,false,,,,,false,,none,,,,https://e4no22mu9tsutcr4-52545421474.shopifypreview.com/products/jada-kids-crop-top-l1879
non-footwear,type:Leggings,Leggings,nela-kids-leggings-l1877,PASS,suppressed,,false,,,,,false,,none,,,,https://e4no22mu9tsutcr4-52545421474.shopifypreview.com/products/nela-kids-leggings-l1877
non-footwear,type:Shirts & Tops,Shirts & Tops,alisa-kids-bralette-top-l1821,PASS,suppressed,,false,,,,,false,,none,,,,https://e4no22mu9tsutcr4-52545421474.shopifypreview.com/products/alisa-kids-bralette-top-l1821
non-footwear,type:Shirts & Tops,Shirts & Tops,nela-kids-crop-top-l1875,PASS,suppressed,,false,,,,,false,,none,,,,https://e4no22mu9tsutcr4-52545421474.shopifypreview.com/products/nela-kids-crop-top-l1875
non-footwear,type:Shirts & Tops,Shirts & Tops,silia-kids-crop-top-l1677,PASS,suppressed,,false,,,,,false,,none,,,,https://e4no22mu9tsutcr4-52545421474.shopifypreview.com/products/silia-kids-crop-top-l1677
non-footwear,type:Shirts & Tops,Shirts & Tops,lilia-kids-crop-top-l1681,PASS,suppressed,,false,,,,,false,,none,,,,https://e4no22mu9tsutcr4-52545421474.shopifypreview.com/products/lilia-kids-crop-top-l1681
non-footwear,type:Leotards & Unitards(default-non-foot),Leotards & Unitards,polina-l1765,PASS,suppressed,,false,,,,,false,,none,,,,https://e4no22mu9tsutcr4-52545421474.shopifypreview.com/products/polina-l1765
non-footwear,type:Leotards & Unitards(default-non-foot),Leotards & Unitards,daria-l1763,PASS,suppressed,,false,,,,,false,,none,,,,https://e4no22mu9tsutcr4-52545421474.shopifypreview.com/products/daria-l1763
non-footwear,type:Leotards & Unitards(default-non-foot),Leotards & Unitards,zlata-l1759,PASS,suppressed,,false,,,,,false,,none,,,,https://e4no22mu9tsutcr4-52545421474.shopifypreview.com/products/zlata-l1759
non-footwear,type:Leotards & Unitards(default-non-foot),Leotards & Unitards,milana-l1761,PASS,suppressed,,false,,,,,false,,none,,,,https://e4no22mu9tsutcr4-52545421474.shopifypreview.com/products/milana-l1761
non-footwear,type:Leotards & Unitards(default-non-foot),Leotards & Unitards,ekaterina-l1757,PASS,suppressed,,false,,,,,false,,none,,,,https://e4no22mu9tsutcr4-52545421474.shopifypreview.com/products/ekaterina-l1757
non-footwear,type:Leotards & Unitards(default-non-foot),Leotards & Unitards,eleana-l1755,PASS,suppressed,,false,,,,,false,,none,,,,https://e4no22mu9tsutcr4-52545421474.shopifypreview.com/products/eleana-l1755
non-footwear,type:Leotards & Unitards(default-non-foot),Leotards & Unitards,victoria-l1751,PASS,suppressed,,false,,,,,false,,none,,,,https://e4no22mu9tsutcr4-52545421474.shopifypreview.com/products/victoria-l1751
non-footwear,type:Leotards & Unitards(default-non-foot),Leotards & Unitards,anastasia-l1753,PASS,suppressed,,false,,,,,false,,none,,,,https://e4no22mu9tsutcr4-52545421474.shopifypreview.com/products/anastasia-l1753
non-footwear,type:Leotards & Unitards(default-non-foot),Leotards & Unitards,leila-l1693,PASS,suppressed,,false,,,,,false,,none,,,,https://e4no22mu9tsutcr4-52545421474.shopifypreview.com/products/leila-l1693
non-footwear,type:Leotards & Unitards(default-non-foot),Leotards & Unitards,fatima-l1691,PASS,suppressed,,false,,,,,false,,none,,,,https://e4no22mu9tsutcr4-52545421474.shopifypreview.com/products/fatima-l1691
non-footwear,type:Leotards & Unitards(default-non-foot),Leotards & Unitards,ziney-l1689,PASS,suppressed,,false,,,,,false,,none,,,,https://e4no22mu9tsutcr4-52545421474.shopifypreview.com/products/ziney-l1689
non-footwear,type:Leotards & Unitards(default-non-foot),Leotards & Unitards,kenza-l1675,PASS,suppressed,,false,,,,,false,,none,,,,https://e4no22mu9tsutcr4-52545421474.shopifypreview.com/products/kenza-l1675
non-footwear,type:Leotards & Unitards(default-non-foot),Leotards & Unitards,yasmina-l1679,PASS,suppressed,,false,,,,,false,,none,,,,https://e4no22mu9tsutcr4-52545421474.shopifypreview.com/products/yasmina-l1679
non-footwear,type:Leotards & Unitards(default-non-foot),Leotards & Unitards,salma-l1685,PASS,suppressed,,false,,,,,false,,none,,,,https://e4no22mu9tsutcr4-52545421474.shopifypreview.com/products/salma-l1685
non-footwear,type:Shirts & Tops,Shirts & Tops,gisele-kids-crop-top-l1633,PASS,suppressed,,false,,,,,false,,none,,,,https://e4no22mu9tsutcr4-52545421474.shopifypreview.com/products/gisele-kids-crop-top-l1633
non-footwear,type:Leotards & Unitards(default-non-foot),Leotards & Unitards,aicha-l1687,PASS,suppressed,,false,,,,,false,,none,,,,https://e4no22mu9tsutcr4-52545421474.shopifypreview.com/products/aicha-l1687
non-footwear,type:Shirts & Tops,Shirts & Tops,jules-kids-crop-top-l1609,PASS,suppressed,,false,,,,,false,,none,,,,https://e4no22mu9tsutcr4-52545421474.shopifypreview.com/products/jules-kids-crop-top-l1609
non-footwear,type:Shirts & Tops,Shirts & Tops,loli-kids-crop-top-l1629,PASS,suppressed,,false,,,,,false,,none,,,,https://e4no22mu9tsutcr4-52545421474.shopifypreview.com/products/loli-kids-crop-top-l1629
non-footwear,type:Shirts & Tops,Shirts & Tops,zoey-kids-crop-top-l1671,PASS,suppressed,,false,,,,,false,,none,,,,https://e4no22mu9tsutcr4-52545421474.shopifypreview.com/products/zoey-kids-crop-top-l1671
non-footwear,type:Shorts,Shorts,zoey-kids-shorts-l1673,PASS,suppressed,,false,,,,,false,,none,,,,https://e4no22mu9tsutcr4-52545421474.shopifypreview.com/products/zoey-kids-shorts-l1673
non-footwear,type:Skirts(default-non-foot),Skirts,diane-kids-skirt-l1663,PASS,suppressed,,false,,,,,false,,none,,,,https://e4no22mu9tsutcr4-52545421474.shopifypreview.com/products/diane-kids-skirt-l1663
non-footwear,type:Skirts(default-non-foot),Skirts,eulalie-kids-skirt-l1659,PASS,suppressed,,false,,,,,false,,none,,,,https://e4no22mu9tsutcr4-52545421474.shopifypreview.com/products/eulalie-kids-skirt-l1659
non-footwear,type:Skirts(default-non-foot),Skirts,celine-kids-skirt-l1655,PASS,suppressed,,false,,,,,false,,none,,,,https://e4no22mu9tsutcr4-52545421474.shopifypreview.com/products/celine-kids-skirt-l1655
non-footwear,type:Skirts(default-non-foot),Skirts,seline-kids-skort-l1637,PASS,suppressed,,false,,,,,false,,none,,,,https://e4no22mu9tsutcr4-52545421474.shopifypreview.com/products/seline-kids-skort-l1637
non-footwear,type:Shorts,Shorts,loli-kids-shorts-l1631,PASS,suppressed,,false,,,,,false,,none,,,,https://e4no22mu9tsutcr4-52545421474.shopifypreview.com/products/loli-kids-shorts-l1631
non-footwear,type:Shorts,Shorts,juney-kids-shorts-l1615,PASS,suppressed,,false,,,,,false,,none,,,,https://e4no22mu9tsutcr4-52545421474.shopifypreview.com/products/juney-kids-shorts-l1615
non-footwear,type:Leotards & Unitards(default-non-foot),Leotards & Unitards,nasia-l1669,PASS,suppressed,,false,,,,,false,,none,,,,https://e4no22mu9tsutcr4-52545421474.shopifypreview.com/products/nasia-l1669
non-footwear,type:Shorts,Shorts,jules-kids-shorts-l1611,PASS,suppressed,,false,,,,,false,,none,,,,https://e4no22mu9tsutcr4-52545421474.shopifypreview.com/products/jules-kids-shorts-l1611
non-footwear,type:Leotards & Unitards(default-non-foot),Leotards & Unitards,grace-l1665,PASS,suppressed,,false,,,,,false,,none,,,,https://e4no22mu9tsutcr4-52545421474.shopifypreview.com/products/grace-l1665
non-footwear,type:Leotards & Unitards(default-non-foot),Leotards & Unitards,aria-l1667,PASS,suppressed,,false,,,,,false,,none,,,,https://e4no22mu9tsutcr4-52545421474.shopifypreview.com/products/aria-l1667
non-footwear,type:Leotards & Unitards(default-non-foot),Leotards & Unitards,diane-l1661,PASS,suppressed,,false,,,,,false,,none,,,,https://e4no22mu9tsutcr4-52545421474.shopifypreview.com/products/diane-l1661
non-footwear,type:Leotards & Unitards(default-non-foot),Leotards & Unitards,eulalie-l1657,PASS,suppressed,,false,,,,,false,,none,,,,https://e4no22mu9tsutcr4-52545421474.shopifypreview.com/products/eulalie-l1657
non-footwear,type:Shorts,Shorts,mia-kids-shorts-l1579,PASS,suppressed,,false,,,,,false,,none,,,,https://e4no22mu9tsutcr4-52545421474.shopifypreview.com/products/mia-kids-shorts-l1579
non-footwear,type:Leotards & Unitards(default-non-foot),Leotards & Unitards,eline-l1581,PASS,suppressed,,false,,,,,false,,none,,,,https://e4no22mu9tsutcr4-52545421474.shopifypreview.com/products/eline-l1581
non-footwear,type:Leotards & Unitards(default-non-foot),Leotards & Unitards,mia-l1577,PASS,suppressed,,false,,,,,false,,none,,,,https://e4no22mu9tsutcr4-52545421474.shopifypreview.com/products/mia-l1577
non-footwear,type:Leotards & Unitards(default-non-foot),Leotards & Unitards,aggie-l1575,PASS,suppressed,,false,,,,,false,,none,,,,https://e4no22mu9tsutcr4-52545421474.shopifypreview.com/products/aggie-l1575
non-footwear,type:Leotards & Unitards(default-non-foot),Leotards & Unitards,kari-l1573,PASS,suppressed,,false,,,,,false,,none,,,,https://e4no22mu9tsutcr4-52545421474.shopifypreview.com/products/kari-l1573
non-footwear,type:Leotards & Unitards(default-non-foot),Leotards & Unitards,juliette-l1647,PASS,suppressed,,false,,,,,false,,none,,,,https://e4no22mu9tsutcr4-52545421474.shopifypreview.com/products/juliette-l1647
non-footwear,type:Leotards & Unitards(default-non-foot),Leotards & Unitards,camille-l1627,PASS,suppressed,,false,,,,,false,,none,,,,https://e4no22mu9tsutcr4-52545421474.shopifypreview.com/products/camille-l1627
non-footwear,type:Leotards & Unitards(default-non-foot),Leotards & Unitards,chloey-l1623,PASS,suppressed,,false,,,,,,,,,,,https://e4no22mu9tsutcr4-52545421474.shopifypreview.com/products/chloey-l1623
non-footwear,type:Leotards & Unitards(default-non-foot),Leotards & Unitards,louise-l619,PASS,suppressed,,false,,,,,false,,none,,,,https://e4no22mu9tsutcr4-52545421474.shopifypreview.com/products/louise-l619
non-footwear,type:Leotards & Unitards(default-non-foot),Leotards & Unitards,jade-l1603,PASS,suppressed,,false,,,,,false,,none,,,,https://e4no22mu9tsutcr4-52545421474.shopifypreview.com/products/jade-l1603
non-footwear,type:Leotards & Unitards(default-non-foot),Leotards & Unitards,ambre-l1599,PASS,suppressed,,false,,,,,false,,none,,,,https://e4no22mu9tsutcr4-52545421474.shopifypreview.com/products/ambre-l1599
non-footwear,type:Leotards & Unitards(default-non-foot),Leotards & Unitards,siren-l1597,PASS,suppressed,,false,,,,,false,,none,,,,https://e4no22mu9tsutcr4-52545421474.shopifypreview.com/products/siren-l1597
non-footwear,type:Leotards & Unitards(default-non-foot),Leotards & Unitards,freya-l1593,PASS,suppressed,,false,,,,,false,,none,,,,https://e4no22mu9tsutcr4-52545421474.shopifypreview.com/products/freya-l1593
non-footwear,type:Leotards & Unitards(default-non-foot),Leotards & Unitards,solvie-l1595,PASS,suppressed,,false,,,,,,,,,,,https://e4no22mu9tsutcr4-52545421474.shopifypreview.com/products/solvie-l1595
non-footwear,type:Leotards & Unitards(default-non-foot),Leotards & Unitards,ingrid-l1591,PASS,suppressed,,false,,,,,false,,none,,,,https://e4no22mu9tsutcr4-52545421474.shopifypreview.com/products/ingrid-l1591
non-footwear,type:Leotards & Unitards(default-non-foot),Leotards & Unitards,astrid-l1589,PASS,suppressed,,false,,,,,false,,none,,,,https://e4no22mu9tsutcr4-52545421474.shopifypreview.com/products/astrid-l1589
non-footwear,type:Leotards & Unitards(default-non-foot),Leotards & Unitards,linnea-l1561,PASS,suppressed,,false,,,,,false,,none,,,,https://e4no22mu9tsutcr4-52545421474.shopifypreview.com/products/linnea-l1561
non-footwear,type:Leotards & Unitards(default-non-foot),Leotards & Unitards,sofie-l1587,PASS,suppressed,,false,,,,,false,,none,,,,https://e4no22mu9tsutcr4-52545421474.shopifypreview.com/products/sofie-l1587
non-footwear,type:Leotards & Unitards(default-non-foot),Leotards & Unitards,maja-l1559,PASS,suppressed,,false,,,,,false,,none,,,,https://e4no22mu9tsutcr4-52545421474.shopifypreview.com/products/maja-l1559
non-footwear,type:Leotards & Unitards(default-non-foot),Leotards & Unitards,ella-l1557,PASS,suppressed,,false,,,,,false,,none,,,,https://e4no22mu9tsutcr4-52545421474.shopifypreview.com/products/ella-l1557
non-footwear,type:Leotards & Unitards(default-non-foot),Leotards & Unitards,nora-l1549,PASS,suppressed,,false,,,,,false,,none,,,,https://e4no22mu9tsutcr4-52545421474.shopifypreview.com/products/nora-l1549
non-footwear,type:Leotards & Unitards(default-non-foot),Leotards & Unitards,rachel-l1535,PASS,suppressed,,false,,,,,false,,none,,,,https://e4no22mu9tsutcr4-52545421474.shopifypreview.com/products/rachel-l1535
non-footwear,type:Shorts,Shorts,nastia-kids-shorts-l1483,PASS,suppressed,,false,,,,,false,,none,,,,https://e4no22mu9tsutcr4-52545421474.shopifypreview.com/products/nastia-kids-shorts-l1483
non-footwear,type:Shorts,Shorts,gabby-kids-shorts-l1477,PASS,suppressed,,false,,,,,false,,none,,,,https://e4no22mu9tsutcr4-52545421474.shopifypreview.com/products/gabby-kids-shorts-l1477
non-footwear,type:Leotards & Unitards(default-non-foot),Leotards & Unitards,jordan-l1487,PASS,suppressed,,false,,,,,false,,none,,,,https://e4no22mu9tsutcr4-52545421474.shopifypreview.com/products/jordan-l1487
non-footwear,type:Leotards & Unitards(default-non-foot),Leotards & Unitards,jade-l1489,PASS,suppressed,,false,,,,,,,,,,,https://e4no22mu9tsutcr4-52545421474.shopifypreview.com/products/jade-l1489
non-footwear,type:Leotards & Unitards(default-non-foot),Leotards & Unitards,shawn-l1485,PASS,suppressed,,false,,,,,,,,,,,https://e4no22mu9tsutcr4-52545421474.shopifypreview.com/products/shawn-l1485
non-footwear,type:Leotards & Unitards(default-non-foot),Leotards & Unitards,nastia-l1481,PASS,suppressed,,false,,,,,,,,,,,https://e4no22mu9tsutcr4-52545421474.shopifypreview.com/products/nastia-l1481
non-footwear,type:Leotards & Unitards(default-non-foot),Leotards & Unitards,suni-l1473,PASS,suppressed,,false,,,,,false,,none,,,,https://e4no22mu9tsutcr4-52545421474.shopifypreview.com/products/suni-l1473
non-footwear,type:Leotards & Unitards(default-non-foot),Leotards & Unitards,aly-l1479,PASS,suppressed,,false,,,,,,,,,,,https://e4no22mu9tsutcr4-52545421474.shopifypreview.com/products/aly-l1479
non-footwear,type:Leotards & Unitards(default-non-foot),Leotards & Unitards,gabby-l1475,PASS,suppressed,,false,,,,,,,,,,,https://e4no22mu9tsutcr4-52545421474.shopifypreview.com/products/gabby-l1475
non-footwear,type:Leotards & Unitards(default-non-foot),Leotards & Unitards,simone-l1471,PASS,suppressed,,false,,,,,false,,none,,,,https://e4no22mu9tsutcr4-52545421474.shopifypreview.com/products/simone-l1471
non-footwear,type:Leotards & Unitards(default-non-foot),Leotards & Unitards,ali-l1541,PASS,suppressed,,false,,,,,false,,none,,,,https://e4no22mu9tsutcr4-52545421474.shopifypreview.com/products/ali-l1541
non-footwear,type:Shirts & Tops,Shirts & Tops,jane-kids-shirt-l1469,PASS,suppressed,,false,,,,,false,,none,,,,https://e4no22mu9tsutcr4-52545421474.shopifypreview.com/products/jane-kids-shirt-l1469
non-footwear,type:Leggings,Leggings,nina-kids-leggings-l1463,PASS,suppressed,,false,,,,,false,,none,,,,https://e4no22mu9tsutcr4-52545421474.shopifypreview.com/products/nina-kids-leggings-l1463
non-footwear,type:Skirts(default-non-foot),Skirts,reese-kids-skirt-l1459,PASS,suppressed,,false,,,,,false,,none,,,,https://e4no22mu9tsutcr4-52545421474.shopifypreview.com/products/reese-kids-skirt-l1459
non-footwear,type:Shirts & Tops,Shirts & Tops,nina-kids-long-sleeve-top-l1461,PASS,suppressed,,false,,,,,false,,none,,,,https://e4no22mu9tsutcr4-52545421474.shopifypreview.com/products/nina-kids-long-sleeve-top-l1461
non-footwear,type:Leotards & Unitards(default-non-foot),Leotards & Unitards,reese-l1457,PASS,suppressed,,false,,,,,false,,none,,,,https://e4no22mu9tsutcr4-52545421474.shopifypreview.com/products/reese-l1457
non-footwear,type:Leotards & Unitards(default-non-foot),Leotards & Unitards,rachel-l1453,PASS,suppressed,,false,,,,,false,,none,,,,https://e4no22mu9tsutcr4-52545421474.shopifypreview.com/products/rachel-l1453
non-footwear,type:Leotards & Unitards(default-non-foot),Leotards & Unitards,tracy-l1449,PASS,suppressed,,false,,,,,false,,none,,,,https://e4no22mu9tsutcr4-52545421474.shopifypreview.com/products/tracy-l1449
non-footwear,type:Shirts & Tops,Shirts & Tops,lola-kids-shirt-l1467,PASS,suppressed,,false,,,,,false,,none,,,,https://e4no22mu9tsutcr4-52545421474.shopifypreview.com/products/lola-kids-shirt-l1467
non-footwear,type:Leotards & Unitards(default-non-foot),Leotards & Unitards,tammi-l1441,PASS,suppressed,,false,,,,,,,,,,,https://e4no22mu9tsutcr4-52545421474.shopifypreview.com/products/tammi-l1441
non-footwear,type:Skirts(default-non-foot),Skirts,tammi-kids-skirt-l1443,PASS,suppressed,,false,,,,,,,,,,,https://e4no22mu9tsutcr4-52545421474.shopifypreview.com/products/tammi-kids-skirt-l1443
non-footwear,type:Leggings,Leggings,loli-kids-leggings-l1421,PASS,suppressed,,false,,,,,false,,none,,,,https://e4no22mu9tsutcr4-52545421474.shopifypreview.com/products/loli-kids-leggings-l1421
non-footwear,type:Shirts & Tops,Shirts & Tops,jade-kids-shirt-l1439,PASS,suppressed,,false,,,,,false,,none,,,,https://e4no22mu9tsutcr4-52545421474.shopifypreview.com/products/jade-kids-shirt-l1439
non-footwear,type:Shirts & Tops,Shirts & Tops,juney-kids-shirt-l1433,PASS,suppressed,,false,,,,,,,,,,,https://e4no22mu9tsutcr4-52545421474.shopifypreview.com/products/juney-kids-shirt-l1433
non-footwear,type:Shirts & Tops,Shirts & Tops,lala-kids-tank-top-l1429,PASS,suppressed,,false,,,,,,,,,,,https://e4no22mu9tsutcr4-52545421474.shopifypreview.com/products/lala-kids-tank-top-l1429
non-footwear,type:Shirts & Tops,Shirts & Tops,loli-kids-crop-top-l1417,PASS,suppressed,,false,,,,,false,,none,,,,https://e4no22mu9tsutcr4-52545421474.shopifypreview.com/products/loli-kids-crop-top-l1417
non-footwear,type:Leotards & Unitards(default-non-foot),Leotards & Unitards,olivia-l1397,PASS,suppressed,,false,,,,,false,,none,,,,https://e4no22mu9tsutcr4-52545421474.shopifypreview.com/products/olivia-l1397
non-footwear,type:Leotards & Unitards(default-non-foot),Leotards & Unitards,eleanor-l1387,PASS,suppressed,,false,,,,,false,,none,,,,https://e4no22mu9tsutcr4-52545421474.shopifypreview.com/products/eleanor-l1387
non-footwear,type:Leotards & Unitards(default-non-foot),Leotards & Unitards,lily-l1383,PASS,suppressed,,false,,,,,false,,none,,,,https://e4no22mu9tsutcr4-52545421474.shopifypreview.com/products/lily-l1383
non-footwear,type:Shirts & Tops,Shirts & Tops,grace-kids-top-l1399,PASS,suppressed,,false,,,,,false,,none,,,,https://e4no22mu9tsutcr4-52545421474.shopifypreview.com/products/grace-kids-top-l1399
non-footwear,type:Shirts & Tops,Shirts & Tops,remy-kids-shirt-l1379,PASS,suppressed,,false,,,,,false,,none,,,,https://e4no22mu9tsutcr4-52545421474.shopifypreview.com/products/remy-kids-shirt-l1379
non-footwear,type:Shirts & Tops,Shirts & Tops,norah-kids-shirt-l1377,PASS,suppressed,,false,,,,,false,,none,,,,https://e4no22mu9tsutcr4-52545421474.shopifypreview.com/products/norah-kids-shirt-l1377
non-footwear,type:Shirts & Tops,Shirts & Tops,nova-kids-shirt-l1375,PASS,suppressed,,false,,,,,false,,none,,,,https://e4no22mu9tsutcr4-52545421474.shopifypreview.com/products/nova-kids-shirt-l1375
non-footwear,type:Leotards & Unitards(default-non-foot),Leotards & Unitards,luna-l1371,PASS,suppressed,,false,,,,,false,,none,,,,https://e4no22mu9tsutcr4-52545421474.shopifypreview.com/products/luna-l1371
non-footwear,type:Leotards & Unitards(default-non-foot),Leotards & Unitards,aggie-l1369,PASS,suppressed,,false,,,,,false,,none,,,,https://e4no22mu9tsutcr4-52545421474.shopifypreview.com/products/aggie-l1369
non-footwear,type:Leotards & Unitards(default-non-foot),Leotards & Unitards,vania-l1367,PASS,suppressed,,false,,,,,false,,none,,,,https://e4no22mu9tsutcr4-52545421474.shopifypreview.com/products/vania-l1367
non-footwear,type:Leotards & Unitards(default-non-foot),Leotards & Unitards,chloe-l1365,PASS,suppressed,,false,,,,,false,,none,,,,https://e4no22mu9tsutcr4-52545421474.shopifypreview.com/products/chloe-l1365
non-footwear,type:Leotards & Unitards(default-non-foot),Leotards & Unitards,amelia-l1359,PASS,suppressed,,false,,,,,false,,none,,,,https://e4no22mu9tsutcr4-52545421474.shopifypreview.com/products/amelia-l1359
non-footwear,type:Leotards & Unitards(default-non-foot),Leotards & Unitards,bianca-l1355,PASS,suppressed,,false,,,,,false,,none,,,,https://e4no22mu9tsutcr4-52545421474.shopifypreview.com/products/bianca-l1355
non-footwear,type:Leotards & Unitards(default-non-foot),Leotards & Unitards,anahi-l1351,PASS,suppressed,,false,,,,,false,,none,,,,https://e4no22mu9tsutcr4-52545421474.shopifypreview.com/products/anahi-l1351
non-footwear,type:Leotards & Unitards(default-non-foot),Leotards & Unitards,sierra-l1327,PASS,suppressed,,false,,,,,false,,none,,,,https://e4no22mu9tsutcr4-52545421474.shopifypreview.com/products/sierra-l1327
non-footwear,type:Leotards & Unitards(default-non-foot),Leotards & Unitards,camila-l1345,PASS,suppressed,,false,,,,,false,,none,,,,https://e4no22mu9tsutcr4-52545421474.shopifypreview.com/products/camila-l1345
non-footwear,type:Leotards & Unitards(default-non-foot),Leotards & Unitards,sophia-l1391,PASS,suppressed,,false,,,,,false,,none,,,,https://e4no22mu9tsutcr4-52545421474.shopifypreview.com/products/sophia-l1391
non-footwear,type:Skirts(default-non-foot),Skirts,anahi-kids-skirt-l1353,PASS,suppressed,,false,,,,,false,,none,,,,https://e4no22mu9tsutcr4-52545421474.shopifypreview.com/products/anahi-kids-skirt-l1353
non-footwear,type:Skirts(default-non-foot),Skirts,luna-kids-skirt-l1373,PASS,suppressed,,false,,,,,false,,none,,,,https://e4no22mu9tsutcr4-52545421474.shopifypreview.com/products/luna-kids-skirt-l1373
non-footwear,type:Shirts & Tops,Shirts & Tops,sophia-kids-skirt-l1393,PASS,suppressed,,false,,,,,,,,,,,https://e4no22mu9tsutcr4-52545421474.shopifypreview.com/products/sophia-kids-skirt-l1393
non-footwear,type:Shirts & Tops,Shirts & Tops,zenia-kids-crop-top-l1413,PASS,suppressed,,false,,,,,false,,none,,,,https://e4no22mu9tsutcr4-52545421474.shopifypreview.com/products/zenia-kids-crop-top-l1413
non-footwear,type:Shirts & Tops,Shirts & Tops,zoe-kids-crop-top-l1409,PASS,suppressed,,false,,,,,false,,none,,,,https://e4no22mu9tsutcr4-52545421474.shopifypreview.com/products/zoe-kids-crop-top-l1409
non-footwear,type:Shorts,Shorts,zoe-kids-shorts-l1411,PASS,suppressed,,false,,,,,false,,none,,,,https://e4no22mu9tsutcr4-52545421474.shopifypreview.com/products/zoe-kids-shorts-l1411
non-footwear,type:Shorts,Shorts,sienna-kids-shorts-l1407,PASS,suppressed,,false,,,,,false,,none,,,,https://e4no22mu9tsutcr4-52545421474.shopifypreview.com/products/sienna-kids-shorts-l1407
non-footwear,type:Shorts,Shorts,aurora-kids-shorts-l1403,PASS,suppressed,,false,,,,,false,,none,,,,https://e4no22mu9tsutcr4-52545421474.shopifypreview.com/products/aurora-kids-shorts-l1403
non-footwear,type:Skirts(default-non-foot),Skirts,sofia-kids-skirt-l1349,PASS,suppressed,,false,,,,,false,,none,,,,https://e4no22mu9tsutcr4-52545421474.shopifypreview.com/products/sofia-kids-skirt-l1349
non-footwear,type:Shirts & Tops,Shirts & Tops,aurora-kids-crop-top-l1401,PASS,suppressed,,false,,,,,false,,none,,,,https://e4no22mu9tsutcr4-52545421474.shopifypreview.com/products/aurora-kids-crop-top-l1401
non-footwear,type:Shirts & Tops,Shirts & Tops,sofia-kids-shrug-l1347,PASS,suppressed,,false,,,,,false,,none,,,,https://e4no22mu9tsutcr4-52545421474.shopifypreview.com/products/sofia-kids-shrug-l1347
non-footwear,type:Skirts(default-non-foot),Skirts,lucia-kids-skirt-l1343,PASS,suppressed,,false,,,,,false,,none,,,,https://e4no22mu9tsutcr4-52545421474.shopifypreview.com/products/lucia-kids-skirt-l1343
non-footwear,type:Shirts & Tops,Shirts & Tops,lucia-kids-top-l1341,PASS,suppressed,,false,,,,,false,,none,,,,https://e4no22mu9tsutcr4-52545421474.shopifypreview.com/products/lucia-kids-top-l1341
non-footwear,type:Skirts(default-non-foot),Skirts,clara-kids-skirt-l1331,PASS,suppressed,,false,,,,,false,,none,,,,https://e4no22mu9tsutcr4-52545421474.shopifypreview.com/products/clara-kids-skirt-l1331
non-footwear,type:Leotards & Unitards(default-non-foot),Leotards & Unitards,clara-l1329,PASS,suppressed,,false,,,,,false,,none,,,,https://e4no22mu9tsutcr4-52545421474.shopifypreview.com/products/clara-l1329
non-footwear,type:Shirts & Tops,Shirts & Tops,elodie-l1318,PASS,suppressed,,false,,,,,false,,none,,,,https://e4no22mu9tsutcr4-52545421474.shopifypreview.com/products/elodie-l1318
non-footwear,type:Leotards & Unitards(default-non-foot),Leotards & Unitards,astrid-l1307,PASS,suppressed,,false,,,,,false,,none,,,,https://e4no22mu9tsutcr4-52545421474.shopifypreview.com/products/astrid-l1307
non-footwear,type:Leotards & Unitards(default-non-foot),Leotards & Unitards,sigrid-l1305,PASS,suppressed,,false,,,,,,,,,,,https://e4no22mu9tsutcr4-52545421474.shopifypreview.com/products/sigrid-l1305
non-footwear,type:Shorts,Shorts,sina-kids-shorts-l1303,PASS,suppressed,,false,,,,,false,,none,,,,https://e4no22mu9tsutcr4-52545421474.shopifypreview.com/products/sina-kids-shorts-l1303
non-footwear,type:Leotards & Unitards(default-non-foot),Leotards & Unitards,sina-l1301,PASS,suppressed,,false,,,,,false,,none,,,,https://e4no22mu9tsutcr4-52545421474.shopifypreview.com/products/sina-l1301
non-footwear,type:Leotards & Unitards(default-non-foot),Leotards & Unitards,eira-l1299,PASS,suppressed,,false,,,,,,,,,,,https://e4no22mu9tsutcr4-52545421474.shopifypreview.com/products/eira-l1299
non-footwear,type:Leotards & Unitards(default-non-foot),Leotards & Unitards,fenela-l1297,PASS,suppressed,,false,,,,,false,,none,,,,https://e4no22mu9tsutcr4-52545421474.shopifypreview.com/products/fenela-l1297
non-footwear,type:Shorts,Shorts,orla-kids-shorts-l1295,PASS,suppressed,,false,,,,,false,,none,,,,https://e4no22mu9tsutcr4-52545421474.shopifypreview.com/products/orla-kids-shorts-l1295
non-footwear,type:Leotards & Unitards(default-non-foot),Leotards & Unitards,orla-l1293,PASS,suppressed,,false,,,,,,,,,,,https://e4no22mu9tsutcr4-52545421474.shopifypreview.com/products/orla-l1293
non-footwear,type:Leotards & Unitards(default-non-foot),Leotards & Unitards,amalia-l1291,PASS,suppressed,,false,,,,,false,,none,,,,https://e4no22mu9tsutcr4-52545421474.shopifypreview.com/products/amalia-l1291
non-footwear,type:Leotards & Unitards(default-non-foot),Leotards & Unitards,sorina-l1337,PASS,suppressed,,false,,,,,false,,none,,,,https://e4no22mu9tsutcr4-52545421474.shopifypreview.com/products/sorina-l1337
non-footwear,type:Leotards & Unitards(default-non-foot),Leotards & Unitards,ilinca-l1335,PASS,suppressed,,false,,,,,false,,none,,,,https://e4no22mu9tsutcr4-52545421474.shopifypreview.com/products/ilinca-l1335
non-footwear,type:Leotards & Unitards(default-non-foot),Leotards & Unitards,manon-l1333,PASS,suppressed,,false,,,,,false,,none,,,,https://e4no22mu9tsutcr4-52545421474.shopifypreview.com/products/manon-l1333
non-footwear,type:Leotards & Unitards(default-non-foot),Leotards & Unitards,rada-l1289,PASS,suppressed,,false,,,,,false,,none,,,,https://e4no22mu9tsutcr4-52545421474.shopifypreview.com/products/rada-l1289
non-footwear,type:Leotards & Unitards(default-non-foot),Leotards & Unitards,milica-l1287,PASS,suppressed,,false,,,,,false,,none,,,,https://e4no22mu9tsutcr4-52545421474.shopifypreview.com/products/milica-l1287
non-footwear,type:Shorts,Shorts,kalina-kids-shorts-l1285,PASS,suppressed,,false,,,,,,,,,,,https://e4no22mu9tsutcr4-52545421474.shopifypreview.com/products/kalina-kids-shorts-l1285
non-footwear,type:Leotards & Unitards(default-non-foot),Leotards & Unitards,kalina-l1283,PASS,suppressed,,false,,,,,false,,none,,,,https://e4no22mu9tsutcr4-52545421474.shopifypreview.com/products/kalina-l1283
non-footwear,type:Leotards & Unitards(default-non-foot),Leotards & Unitards,danica-l1279,PASS,suppressed,,false,,,,,false,,none,,,,https://e4no22mu9tsutcr4-52545421474.shopifypreview.com/products/danica-l1279
non-footwear,type:Shirts & Tops,Shirts & Tops,iria-kids-shirt-l1281,PASS,suppressed,,false,,,,,,,,,,,https://e4no22mu9tsutcr4-52545421474.shopifypreview.com/products/iria-kids-shirt-l1281
non-footwear,type:Shirts & Tops,Shirts & Tops,katie-long-sleeve-crop-top-rde1989,PASS,suppressed,,false,,,,,false,,none,,,,https://e4no22mu9tsutcr4-52545421474.shopifypreview.com/products/katie-long-sleeve-crop-top-rde1989
non-footwear,type:Shirts & Tops,Shirts & Tops,be-you-annie-kids-shirt-mb27,PASS,suppressed,,false,,,,,false,,none,,,,https://e4no22mu9tsutcr4-52545421474.shopifypreview.com/products/be-you-annie-kids-shirt-mb27
non-footwear,type:Shirts & Tops,Shirts & Tops,be-you-ponita-kids-crop-top-mb26,PASS,suppressed,,false,,,,,false,,none,,,,https://e4no22mu9tsutcr4-52545421474.shopifypreview.com/products/be-you-ponita-kids-crop-top-mb26
non-footwear,type:Shirts & Tops,Shirts & Tops,thalia-kids-bralette-top-l1239,PASS,suppressed,,false,,,,,false,,none,,,,https://e4no22mu9tsutcr4-52545421474.shopifypreview.com/products/thalia-kids-bralette-top-l1239
non-footwear,type:Shirts & Tops,Shirts & Tops,mei-kids-crop-top-l1243,PASS,suppressed,,false,,,,,false,,none,,,,https://e4no22mu9tsutcr4-52545421474.shopifypreview.com/products/mei-kids-crop-top-l1243
non-footwear,type:Shirts & Tops,Shirts & Tops,kairi-kids-crop-top-l1235,PASS,suppressed,,false,,,,,false,,none,,,,https://e4no22mu9tsutcr4-52545421474.shopifypreview.com/products/kairi-kids-crop-top-l1235
non-footwear,type:Shorts,Shorts,thalia-kids-shorts-l1241,PASS,suppressed,,false,,,,,false,,none,,,,https://e4no22mu9tsutcr4-52545421474.shopifypreview.com/products/thalia-kids-shorts-l1241
non-footwear,type:Shorts,Shorts,mei-kids-shorts-l1245,PASS,suppressed,,false,,,,,false,,none,,,,https://e4no22mu9tsutcr4-52545421474.shopifypreview.com/products/mei-kids-shorts-l1245
non-footwear,type:Shorts,Shorts,kairi-kids-shorts-l1237,PASS,suppressed,,false,,,,,false,,none,,,,https://e4no22mu9tsutcr4-52545421474.shopifypreview.com/products/kairi-kids-shorts-l1237
non-footwear,type:Skirts(default-non-foot),Skirts,beatrix-kids-skirt-l1261,PASS,suppressed,,false,,,,,false,,none,,,,https://e4no22mu9tsutcr4-52545421474.shopifypreview.com/products/beatrix-kids-skirt-l1261
non-footwear,type:Leotards & Unitards(default-non-foot),Leotards & Unitards,mila-l1273,PASS,suppressed,,false,,,,,false,,none,,,,https://e4no22mu9tsutcr4-52545421474.shopifypreview.com/products/mila-l1273
non-footwear,type:Skirt(default-non-foot),Skirt,zoya-l1275,PASS,suppressed,,false,,,,,false,,none,,,,https://e4no22mu9tsutcr4-52545421474.shopifypreview.com/products/zoya-l1275
non-footwear,type:Skirt(default-non-foot),Skirt,isadora-l1271,PASS,suppressed,,false,,,,,false,,none,,,,https://e4no22mu9tsutcr4-52545421474.shopifypreview.com/products/isadora-l1271
non-footwear,type:Leotards & Unitards(default-non-foot),Leotards & Unitards,manuela-l1269,PASS,suppressed,,false,,,,,false,,none,,,,https://e4no22mu9tsutcr4-52545421474.shopifypreview.com/products/manuela-l1269
non-footwear,type:Leotards & Unitards(default-non-foot),Leotards & Unitards,yara-l1267,PASS,suppressed,,false,,,,,false,,none,,,,https://e4no22mu9tsutcr4-52545421474.shopifypreview.com/products/yara-l1267
non-footwear,type:Leotards & Unitards(default-non-foot),Leotards & Unitards,luana-l1265,PASS,suppressed,,false,,,,,false,,none,,,,https://e4no22mu9tsutcr4-52545421474.shopifypreview.com/products/luana-l1265
non-footwear,type:Leotards & Unitards(default-non-foot),Leotards & Unitards,beatrix-l1259,PASS,suppressed,,false,,,,,false,,none,,,,https://e4no22mu9tsutcr4-52545421474.shopifypreview.com/products/beatrix-l1259
non-footwear,type:Leotards & Unitards(default-non-foot),Leotards & Unitards,fiona-l1257,PASS,suppressed,,false,,,,,false,,none,,,,https://e4no22mu9tsutcr4-52545421474.shopifypreview.com/products/fiona-l1257
non-footwear,type:Leotards & Unitards(default-non-foot),Leotards & Unitards,maeve-l1253,PASS,suppressed,,false,,,,,false,,none,,,,https://e4no22mu9tsutcr4-52545421474.shopifypreview.com/products/maeve-l1253
non-footwear,type:Leotards & Unitards(default-non-foot),Leotards & Unitards,selena-l1251,PASS,suppressed,,false,,,,,false,,none,,,,https://e4no22mu9tsutcr4-52545421474.shopifypreview.com/products/selena-l1251
non-footwear,type:Leotards & Unitards(default-non-foot),Leotards & Unitards,anastasia-l1249,PASS,suppressed,,false,,,,,false,,none,,,,https://e4no22mu9tsutcr4-52545421474.shopifypreview.com/products/anastasia-l1249
non-footwear,type:Leotards & Unitards(default-non-foot),Leotards & Unitards,evangeline-l1247,PASS,suppressed,,false,,,,,false,,none,,,,https://e4no22mu9tsutcr4-52545421474.shopifypreview.com/products/evangeline-l1247
non-footwear,type:Shirts & Tops,Shirts & Tops,aitana-tank-top-l1218,PASS,suppressed,,false,,,,,false,,none,,,,https://e4no22mu9tsutcr4-52545421474.shopifypreview.com/products/aitana-tank-top-l1218
non-footwear,type:Shorts,Shorts,gia-kids-shorts-l1161,PASS,suppressed,,false,,,,,false,,none,,,,https://e4no22mu9tsutcr4-52545421474.shopifypreview.com/products/gia-kids-shorts-l1161
non-footwear,type:Shorts,Shorts,marisol-shorts-l1214,PASS,suppressed,,false,,,,,false,,none,,,,https://e4no22mu9tsutcr4-52545421474.shopifypreview.com/products/marisol-shorts-l1214
non-footwear,type:Shorts,Shorts,catalina-kids-shorts-l1217,PASS,suppressed,,false,,,,,false,,none,,,,https://e4no22mu9tsutcr4-52545421474.shopifypreview.com/products/catalina-kids-shorts-l1217
non-footwear,type:Shorts,Shorts,lucia-kids-shorts-l1211,PASS,suppressed,,false,,,,,false,,none,,,,https://e4no22mu9tsutcr4-52545421474.shopifypreview.com/products/lucia-kids-shorts-l1211
non-footwear,type:Skirts(default-non-foot),Skirts,valeria-kids-skirt-l1233,PASS,suppressed,,false,,,,,false,,none,,,,https://e4no22mu9tsutcr4-52545421474.shopifypreview.com/products/valeria-kids-skirt-l1233
non-footwear,type:Leotards & Unitards(default-non-foot),Leotards & Unitards,valeria-l1231,PASS,suppressed,,false,,,,,false,,none,,,,https://e4no22mu9tsutcr4-52545421474.shopifypreview.com/products/valeria-l1231
non-footwear,type:Leotards & Unitards(default-non-foot),Leotards & Unitards,elin-l1225,PASS,suppressed,,false,,,,,false,,none,,,,https://e4no22mu9tsutcr4-52545421474.shopifypreview.com/products/elin-l1225
non-footwear,type:Leotards & Unitards(default-non-foot),Leotards & Unitards,freja-l1193,PASS,suppressed,,false,,,,,false,,none,,,,https://e4no22mu9tsutcr4-52545421474.shopifypreview.com/products/freja-l1193
non-footwear,type:Leotards & Unitards(default-non-foot),Leotards & Unitards,oceana-l1187,PASS,suppressed,,false,,,,,false,,none,,,,https://e4no22mu9tsutcr4-52545421474.shopifypreview.com/products/oceana-l1187
non-footwear,type:Leotards & Unitards(default-non-foot),Leotards & Unitards,maelys-l1177,PASS,suppressed,,false,,,,,false,,none,,,,https://e4no22mu9tsutcr4-52545421474.shopifypreview.com/products/maelys-l1177
non-footwear,type:Leotards & Unitards(default-non-foot),Leotards & Unitards,elise-l1169,PASS,suppressed,,false,,,,,false,,none,,,,https://e4no22mu9tsutcr4-52545421474.shopifypreview.com/products/elise-l1169
non-footwear,type:Leotards & Unitards(default-non-foot),Leotards & Unitards,ines-l1167,PASS,suppressed,,false,,,,,false,,none,,,,https://e4no22mu9tsutcr4-52545421474.shopifypreview.com/products/ines-l1167
non-footwear,type:Leotards & Unitards(default-non-foot),Leotards & Unitards,noemi-l1165,PASS,suppressed,,false,,,,,false,,none,,,,https://e4no22mu9tsutcr4-52545421474.shopifypreview.com/products/noemi-l1165
non-footwear,type:Leotards & Unitards(default-non-foot),Leotards & Unitards,fiorella-l1157,PASS,suppressed,,false,,,,,false,,none,,,,https://e4no22mu9tsutcr4-52545421474.shopifypreview.com/products/fiorella-l1157
non-footwear,type:Leotards & Unitards(default-non-foot),Leotards & Unitards,gia-l1159,PASS,suppressed,,false,,,,,false,,none,,,,https://e4no22mu9tsutcr4-52545421474.shopifypreview.com/products/gia-l1159
non-footwear,type:Leotards & Unitards(default-non-foot),Leotards & Unitards,alessia-l1155,PASS,suppressed,,false,,,,,false,,none,,,,https://e4no22mu9tsutcr4-52545421474.shopifypreview.com/products/alessia-l1155
non-footwear,type:Leotards & Unitards(default-non-foot),Leotards & Unitards,saskia-l869,PASS,suppressed,,false,,,,,false,,none,,,,https://e4no22mu9tsutcr4-52545421474.shopifypreview.com/products/saskia-l869
non-footwear,type:Leotards & Unitards(default-non-foot),Leotards & Unitards,shayanna-rde1650,PASS,suppressed,,false,,,,,false,,none,,,,https://e4no22mu9tsutcr4-52545421474.shopifypreview.com/products/shayanna-rde1650
non-footwear,type:Shirts & Tops,Shirts & Tops,camilla-shirt-l1092,PASS,suppressed,,false,,,,,false,,none,,,,https://e4no22mu9tsutcr4-52545421474.shopifypreview.com/products/camilla-shirt-l1092
non-footwear,type:Leggings,Leggings,bianca-leggings-l1094,PASS,suppressed,,false,,,,,false,,none,,,,https://e4no22mu9tsutcr4-52545421474.shopifypreview.com/products/bianca-leggings-l1094
non-footwear,type:Leggings,Leggings,amara-leggings-l1090,PASS,suppressed,,false,,,,,false,,none,,,,https://e4no22mu9tsutcr4-52545421474.shopifypreview.com/products/amara-leggings-l1090
non-footwear,type:Shirts & Tops,Shirts & Tops,matilda-kids-crop-top-l1107,PASS,suppressed,,false,,,,,false,,none,,,,https://e4no22mu9tsutcr4-52545421474.shopifypreview.com/products/matilda-kids-crop-top-l1107
non-footwear,type:Shorts,Shorts,fiorella-kids-shorts-l1113,PASS,suppressed,,false,,,,,false,,none,,,,https://e4no22mu9tsutcr4-52545421474.shopifypreview.com/products/fiorella-kids-shorts-l1113
non-footwear,type:Shirts & Tops,Shirts & Tops,sofia-kids-crop-top-l1085,PASS,suppressed,,false,,,,,,,,,,,https://e4no22mu9tsutcr4-52545421474.shopifypreview.com/products/sofia-kids-crop-top-l1085
non-footwear,type:Shorts,Shorts,matilda-kids-shorts-l1109,PASS,suppressed,,false,,,,,false,,none,,,,https://e4no22mu9tsutcr4-52545421474.shopifypreview.com/products/matilda-kids-shorts-l1109
non-footwear,type:Shorts,Shorts,giorgia-kids-shorts-l1105,PASS,suppressed,,false,,,,,,,,,,,https://e4no22mu9tsutcr4-52545421474.shopifypreview.com/products/giorgia-kids-shorts-l1105
non-footwear,type:Shorts,Shorts,sofia-kids-shorts-l1087,PASS,suppressed,,false,,,,,false,,none,,,,https://e4no22mu9tsutcr4-52545421474.shopifypreview.com/products/sofia-kids-shorts-l1087
non-footwear,type:Skirts(default-non-foot),Skirts,mimi-kids-skirt-l1071,PASS,suppressed,,false,,,,,false,,none,,,,https://e4no22mu9tsutcr4-52545421474.shopifypreview.com/products/mimi-kids-skirt-l1071
non-footwear,type:Skirts(default-non-foot),Skirts,kiana-kids-skirt-l1067,PASS,suppressed,,false,,,,,false,,none,,,,https://e4no22mu9tsutcr4-52545421474.shopifypreview.com/products/kiana-kids-skirt-l1067
non-footwear,type:Skirts(default-non-foot),Skirts,viola-kids-skirt-l1153,PASS,suppressed,,false,,,,,false,,none,,,,https://e4no22mu9tsutcr4-52545421474.shopifypreview.com/products/viola-kids-skirt-l1153
non-footwear,type:Skirts(default-non-foot),Skirts,beatrice-kids-skirt-l1143,PASS,suppressed,,false,,,,,false,,none,,,,https://e4no22mu9tsutcr4-52545421474.shopifypreview.com/products/beatrice-kids-skirt-l1143
non-footwear,type:Leotards & Unitards(default-non-foot),Leotards & Unitards,zola-l1147,PASS,suppressed,,false,,,,,false,,none,,,,https://e4no22mu9tsutcr4-52545421474.shopifypreview.com/products/zola-l1147
non-footwear,type:Shirts & Tops,Shirts & Tops,gaia-kids-tank-top-l1137,PASS,suppressed,,false,,,,,false,,none,,,,https://e4no22mu9tsutcr4-52545421474.shopifypreview.com/products/gaia-kids-tank-top-l1137
non-footwear,type:Leotards & Unitards(default-non-foot),Leotards & Unitards,nala-l1145,PASS,suppressed,,false,,,,,false,,none,,,,https://e4no22mu9tsutcr4-52545421474.shopifypreview.com/products/nala-l1145
non-footwear,type:Leotards & Unitards(default-non-foot),Leotards & Unitards,isabella-l1121,PASS,suppressed,,false,,,,,false,,none,,,,https://e4no22mu9tsutcr4-52545421474.shopifypreview.com/products/isabella-l1121
non-footwear,type:Leotards & Unitards(default-non-foot),Leotards & Unitards,zuri-l1065,PASS,suppressed,,false,,,,,false,,none,,,,https://e4no22mu9tsutcr4-52545421474.shopifypreview.com/products/zuri-l1065
non-footwear,type:Leotards & Unitards(default-non-foot),Leotards & Unitards,laila-l1069,PASS,suppressed,,false,,,,,false,,none,,,,https://e4no22mu9tsutcr4-52545421474.shopifypreview.com/products/laila-l1069
non-footwear,type:Shorts,Shorts,coral-kids-shorts-l867,PASS,suppressed,,false,,,,,false,,none,,,,https://e4no22mu9tsutcr4-52545421474.shopifypreview.com/products/coral-kids-shorts-l867
non-footwear,type:Shorts,Shorts,coral-shorts-l866,PASS,suppressed,,false,,,,,false,,none,,,,https://e4no22mu9tsutcr4-52545421474.shopifypreview.com/products/coral-shorts-l866
non-footwear,type:Leotards & Unitards(default-non-foot),Leotards & Unitards,nova-l865,PASS,suppressed,,false,,,,,false,,none,,,,https://e4no22mu9tsutcr4-52545421474.shopifypreview.com/products/nova-l865
non-footwear,type:Leotards & Unitards(default-non-foot),Leotards & Unitards,sonnet-l868,PASS,suppressed,,false,,,,,false,,none,,,,https://e4no22mu9tsutcr4-52545421474.shopifypreview.com/products/sonnet-l868
non-footwear,type:Leotards & Unitards(default-non-foot),Leotards & Unitards,aria-l864,PASS,suppressed,,false,,,,,false,,none,,,,https://e4no22mu9tsutcr4-52545421474.shopifypreview.com/products/aria-l864
non-footwear,type:Leotards & Unitards(default-non-foot),Leotards & Unitards,lumi-l863,PASS,suppressed,,false,,,,,false,,none,,,,https://e4no22mu9tsutcr4-52545421474.shopifypreview.com/products/lumi-l863
non-footwear,type:Leotards & Unitards(default-non-foot),Leotards & Unitards,sienna-l873,PASS,suppressed,,false,,,,,false,,none,,,,https://e4no22mu9tsutcr4-52545421474.shopifypreview.com/products/sienna-l873
non-footwear,type:Leotards & Unitards(default-non-foot),Leotards & Unitards,petra-l881,PASS,suppressed,,false,,,,,false,,none,,,,https://e4no22mu9tsutcr4-52545421474.shopifypreview.com/products/petra-l881
non-footwear,type:Leotards & Unitards(default-non-foot),Leotards & Unitards,coral-l883,PASS,suppressed,,false,,,,,false,,none,,,,https://e4no22mu9tsutcr4-52545421474.shopifypreview.com/products/coral-l883
non-footwear,type:Leotards & Unitards(default-non-foot),Leotards & Unitards,lavender-dress-l871,PASS,suppressed,,false,,,,,false,,none,,,,https://e4no22mu9tsutcr4-52545421474.shopifypreview.com/products/lavender-dress-l871
non-footwear,type:Leotards & Unitards(default-non-foot),Leotards & Unitards,aanya-l915,PASS,suppressed,,false,,,,,false,,none,,,,https://e4no22mu9tsutcr4-52545421474.shopifypreview.com/products/aanya-l915
non-footwear,type:Leotards & Unitards(default-non-foot),Leotards & Unitards,keiley-l1101,PASS,suppressed,,false,,,,,false,,none,,,,https://e4no22mu9tsutcr4-52545421474.shopifypreview.com/products/keiley-l1101
non-footwear,type:Leotards & Unitards(default-non-foot),Leotards & Unitards,araceli-l1099,PASS,suppressed,,false,,,,,false,,none,,,,https://e4no22mu9tsutcr4-52545421474.shopifypreview.com/products/araceli-l1099
non-footwear,type:Leotards & Unitards(default-non-foot),Leotards & Unitards,mei-l913,PASS,suppressed,,false,,,,,false,,none,,,,https://e4no22mu9tsutcr4-52545421474.shopifypreview.com/products/mei-l913
non-footwear,type:Leotards & Unitards(default-non-foot),Leotards & Unitards,zara-l1079,PASS,suppressed,,false,,,,,false,,none,,,,https://e4no22mu9tsutcr4-52545421474.shopifypreview.com/products/zara-l1079
non-footwear,type:Shirts & Tops,Shirts & Tops,bea-kids-shrug-l935,PASS,suppressed,,false,,,,,false,,none,,,,https://e4no22mu9tsutcr4-52545421474.shopifypreview.com/products/bea-kids-shrug-l935
non-footwear,type:Leotards & Unitards(default-non-foot),Leotards & Unitards,lyra-l911,PASS,suppressed,,false,,,,,false,,none,,,,https://e4no22mu9tsutcr4-52545421474.shopifypreview.com/products/lyra-l911
non-footwear,type:Leotards & Unitards(default-non-foot),Leotards & Unitards,zora-l919,PASS,suppressed,,false,,,,,false,,none,,,,https://e4no22mu9tsutcr4-52545421474.shopifypreview.com/products/zora-l919
non-footwear,type:Leotards & Unitards(default-non-foot),Leotards & Unitards,calliope-l973,PASS,suppressed,,false,,,,,false,,none,,,,https://e4no22mu9tsutcr4-52545421474.shopifypreview.com/products/calliope-l973
non-footwear,type:Leotards & Unitards(default-non-foot),Leotards & Unitards,mabel-l971,PASS,suppressed,,false,,,,,false,,none,,,,https://e4no22mu9tsutcr4-52545421474.shopifypreview.com/products/mabel-l971
non-footwear,type:Shorts,Shorts,maeve-kids-shorts-l859,PASS,suppressed,,false,,,,,false,,none,,,,https://e4no22mu9tsutcr4-52545421474.shopifypreview.com/products/maeve-kids-shorts-l859
non-footwear,type:Shorts,Shorts,frida-shorts-l858,PASS,suppressed,,false,,,,,false,,none,,,,https://e4no22mu9tsutcr4-52545421474.shopifypreview.com/products/frida-shorts-l858
non-footwear,type:Leotards & Unitards(default-non-foot),Leotards & Unitards,harlow-l862,PASS,suppressed,,false,,,,,false,,none,,,,https://e4no22mu9tsutcr4-52545421474.shopifypreview.com/products/harlow-l862
non-footwear,type:Leotards & Unitards(default-non-foot),Leotards & Unitards,sialla-l861,PASS,suppressed,,false,,,,,false,,none,,,,https://e4no22mu9tsutcr4-52545421474.shopifypreview.com/products/sialla-l861
non-footwear,type:Leotards & Unitards(default-non-foot),Leotards & Unitards,sia-l860,ERROR,"page.goto: Timeout 45000ms exceeded. Call log: [2m - navigating to ""https://e4no22mu9tsutcr4-52545421474.shopifypreview.com/products/sia-l8",,,,,,,,,,,,,https://e4no22mu9tsutcr4-52545421474.shopifypreview.com/products/sia-l860
non-footwear,type:Leotards & Unitards(default-non-foot),Leotards & Unitards,frida-l857,ERROR,"page.goto: Timeout 45000ms exceeded. Call log: [2m - navigating to ""https://e4no22mu9tsutcr4-52545421474.shopifypreview.com/products/frida-",,,,,,,,,,,,,https://e4no22mu9tsutcr4-52545421474.shopifypreview.com/products/frida-l857
non-footwear,type:Leotards & Unitards(default-non-foot),Leotards & Unitards,romilly-l855,PASS,suppressed,,false,,,,,false,,none,,,,https://e4no22mu9tsutcr4-52545421474.shopifypreview.com/products/romilly-l855
non-footwear,type:Leotards & Unitards(default-non-foot),Leotards & Unitards,maeve-l856,PASS,suppressed,,false,,,,,false,,none,,,,https://e4no22mu9tsutcr4-52545421474.shopifypreview.com/products/maeve-l856
non-footwear,type:Leotards & Unitards(default-non-foot),Leotards & Unitards,amelie-l853,PASS,suppressed,,false,,,,,false,,none,,,,https://e4no22mu9tsutcr4-52545421474.shopifypreview.com/products/amelie-l853
non-footwear,type:Leotards & Unitards(default-non-foot),Leotards & Unitards,evadne-l854,PASS,suppressed,,false,,,,,false,,none,,,,https://e4no22mu9tsutcr4-52545421474.shopifypreview.com/products/evadne-l854
non-footwear,type:Shirts & Tops,Shirts & Tops,elowen-kids-shirt-l851,ERROR,"page.goto: Timeout 45000ms exceeded. Call log: [2m - navigating to ""https://e4no22mu9tsutcr4-52545421474.shopifypreview.com/products/elowen",,,,,,,,,,,,,https://e4no22mu9tsutcr4-52545421474.shopifypreview.com/products/elowen-kids-shirt-l851
non-footwear,type:Leggings,Leggings,lumi-kids-leggings-l847,PASS,suppressed,,false,,,,,false,,none,,,,https://e4no22mu9tsutcr4-52545421474.shopifypreview.com/products/lumi-kids-leggings-l847
non-footwear,type:Leg Warmers(default-non-foot),Leg Warmers,lumi-kids-leg-warmer-l849,PASS,suppressed,,false,,,,,false,,none,,,,https://e4no22mu9tsutcr4-52545421474.shopifypreview.com/products/lumi-kids-leg-warmer-l849
non-footwear,type:Shirts & Tops,Shirts & Tops,calla-kids-shirt-l823,PASS,suppressed,,false,,,,,,,,,,,https://e4no22mu9tsutcr4-52545421474.shopifypreview.com/products/calla-kids-shirt-l823
non-footwear,type:Leg Warmers(default-non-foot),Leg Warmers,opal-kids-leg-warmer-l821,PASS,suppressed,,false,,,,,,,,,,,https://e4no22mu9tsutcr4-52545421474.shopifypreview.com/products/opal-kids-leg-warmer-l821
non-footwear,type:Shirts & Tops,Shirts & Tops,opal-kids-shirt-l817,PASS,suppressed,,false,,,,,false,,none,,,,https://e4no22mu9tsutcr4-52545421474.shopifypreview.com/products/opal-kids-shirt-l817
non-footwear,type:Leggings,Leggings,opal-kids-leggings-l819,PASS,suppressed,,false,,,,,false,,none,,,,https://e4no22mu9tsutcr4-52545421474.shopifypreview.com/products/opal-kids-leggings-l819
non-footwear,type:Leotards & Unitards(default-non-foot),Leotards & Unitards,jane-l813,PASS,suppressed,,false,,,,,false,,none,,,,https://e4no22mu9tsutcr4-52545421474.shopifypreview.com/products/jane-l813
non-footwear,type:Skirts(default-non-foot),Skirts,isadora-kids-skirt-l811,PASS,suppressed,,false,,,,,false,,none,,,,https://e4no22mu9tsutcr4-52545421474.shopifypreview.com/products/isadora-kids-skirt-l811
non-footwear,type:Leotards & Unitards(default-non-foot),Leotards & Unitards,celine-l805,PASS,suppressed,,false,,,,,false,,none,,,,https://e4no22mu9tsutcr4-52545421474.shopifypreview.com/products/celine-l805
non-footwear,type:Leotards & Unitards(default-non-foot),Leotards & Unitards,aurelia-l803,PASS,suppressed,,false,,,,,false,,none,,,,https://e4no22mu9tsutcr4-52545421474.shopifypreview.com/products/aurelia-l803
non-footwear,type:Skirts(default-non-foot),Skirts,flora-kids-skirt-l809,PASS,suppressed,,false,,,,,false,,none,,,,https://e4no22mu9tsutcr4-52545421474.shopifypreview.com/products/flora-kids-skirt-l809
non-footwear,type:Shirts & Tops,Shirts & Tops,flora-kids-top-l807,PASS,suppressed,,false,,,,,false,,none,,,,https://e4no22mu9tsutcr4-52545421474.shopifypreview.com/products/flora-kids-top-l807
non-footwear,type:Leotards & Unitards(default-non-foot),Leotards & Unitards,gracie-l801,PASS,suppressed,,false,,,,,false,,none,,,,https://e4no22mu9tsutcr4-52545421474.shopifypreview.com/products/gracie-l801
non-footwear,type:Shirts & Tops,Shirts & Tops,clea-kids-shrug-l815,PASS,suppressed,,false,,,,,false,,none,,,,https://e4no22mu9tsutcr4-52545421474.shopifypreview.com/products/clea-kids-shrug-l815
non-footwear,type:Leotards & Unitards(default-non-foot),Leotards & Unitards,cora-l797,PASS,suppressed,,false,,,,,false,,none,,,,https://e4no22mu9tsutcr4-52545421474.shopifypreview.com/products/cora-l797
non-footwear,type:Leotards & Unitards(default-non-foot),Leotards & Unitards,claria-l799,PASS,suppressed,,false,,,,,false,,none,,,,https://e4no22mu9tsutcr4-52545421474.shopifypreview.com/products/claria-l799
non-footwear,type:Jumpsuits & Rompers(default-non-foot),Jumpsuits & Rompers,sofia-romper-l790,PASS,suppressed,,false,,,,,false,,none,,,,https://e4no22mu9tsutcr4-52545421474.shopifypreview.com/products/sofia-romper-l790
non-footwear,type:Shirts & Tops,Shirts & Tops,amelia-top-l788,PASS,suppressed,,false,,,,,false,,none,,,,https://e4no22mu9tsutcr4-52545421474.shopifypreview.com/products/amelia-top-l788
non-footwear,type:Leggings,Leggings,evie-kids-leggings-l787,PASS,suppressed,,false,,,,,false,,none,,,,https://e4no22mu9tsutcr4-52545421474.shopifypreview.com/products/evie-kids-leggings-l787
non-footwear,type:Leggings,Leggings,evelyn-leggings-l786,PASS,suppressed,,false,,,,,false,,none,,,,https://e4no22mu9tsutcr4-52545421474.shopifypreview.com/products/evelyn-leggings-l786
non-footwear,type:Shirts & Tops,Shirts & Tops,alicia-kids-shrug-l771,PASS,suppressed,,false,,,,,false,,none,,,,https://e4no22mu9tsutcr4-52545421474.shopifypreview.com/products/alicia-kids-shrug-l771
non-footwear,type:Shirts & Tops,Shirts & Tops,alice-shrug-l770,PASS,suppressed,,false,,,,,false,,none,,,,https://e4no22mu9tsutcr4-52545421474.shopifypreview.com/products/alice-shrug-l770
non-footwear,type:Shirts & Tops,Shirts & Tops,zadie-top-l543,PASS,suppressed,,false,,,,,false,,none,,,,https://e4no22mu9tsutcr4-52545421474.shopifypreview.com/products/zadie-top-l543
non-footwear,type:Shorts,Shorts,zadie-shorts-l545,PASS,suppressed,,false,,,,,false,,none,,,,https://e4no22mu9tsutcr4-52545421474.shopifypreview.com/products/zadie-shorts-l545
non-footwear,type:Shirts & Tops,Shirts & Tops,ines-l2147,PASS,suppressed,,false,,,,,false,,none,,,,https://e4no22mu9tsutcr4-52545421474.shopifypreview.com/products/ines-l2147
non-footwear,type:Leotards & Unitards(default-non-foot),Leotards & Unitards,sybil-l2149,PASS,suppressed,,false,,,,,false,,none,,,,https://e4no22mu9tsutcr4-52545421474.shopifypreview.com/products/sybil-l2149
non-footwear,type:Leotards & Unitards(default-non-foot),Leotards & Unitards,opal-l2145,PASS,suppressed,,false,,,,,false,,none,,,,https://e4no22mu9tsutcr4-52545421474.shopifypreview.com/products/opal-l2145
non-footwear,type:Shirts & Tops,Shirts & Tops,junia-kids-shrug-l617,PASS,suppressed,,false,,,,,false,,none,,,,https://e4no22mu9tsutcr4-52545421474.shopifypreview.com/products/junia-kids-shrug-l617
non-footwear,type:Shirts & Tops,Shirts & Tops,birdie-shrug-l616,PASS,suppressed,,false,,,,,false,,none,,,,https://e4no22mu9tsutcr4-52545421474.shopifypreview.com/products/birdie-shrug-l616
non-footwear,type:Leotards & Unitards(default-non-foot),Leotards & Unitards,inigo-l700,PASS,suppressed,,false,,,,,false,,none,,,,https://e4no22mu9tsutcr4-52545421474.shopifypreview.com/products/inigo-l700
non-footwear,type:Leotards & Unitards(default-non-foot),Leotards & Unitards,romilly-l698,PASS,suppressed,,false,,,,,false,,none,,,,https://e4no22mu9tsutcr4-52545421474.shopifypreview.com/products/romilly-l698
non-footwear,type:Leotards & Unitards(default-non-foot),Leotards & Unitards,tamsin-l694,PASS,suppressed,,false,,,,,false,,none,,,,https://e4no22mu9tsutcr4-52545421474.shopifypreview.com/products/tamsin-l694
non-footwear,type:Leotards & Unitards(default-non-foot),Leotards & Unitards,clover-l751,PASS,suppressed,,false,,,,,false,,none,,,,https://e4no22mu9tsutcr4-52545421474.shopifypreview.com/products/clover-l751
non-footwear,type:Leotards & Unitards(default-non-foot),Leotards & Unitards,veda-l692,PASS,suppressed,,false,,,,,false,,none,,,,https://e4no22mu9tsutcr4-52545421474.shopifypreview.com/products/veda-l692
non-footwear,type:Leotards & Unitards(default-non-foot),Leotards & Unitards,calliope-l739,PASS,suppressed,,false,,,,,false,,none,,,,https://e4no22mu9tsutcr4-52545421474.shopifypreview.com/products/calliope-l739
non-footwear,type:Leotards & Unitards(default-non-foot),Leotards & Unitards,cleo-l577,PASS,suppressed,,false,,,,,false,,none,,,,https://e4no22mu9tsutcr4-52545421474.shopifypreview.com/products/cleo-l577
non-footwear,type:Leotards & Unitards(default-non-foot),Leotards & Unitards,be-you-yara-l2051,PASS,suppressed,,false,,,,,false,,none,,,,https://e4no22mu9tsutcr4-52545421474.shopifypreview.com/products/be-you-yara-l2051
non-footwear,type:Leotards & Unitards(default-non-foot),Leotards & Unitards,willow-l1927,PASS,suppressed,,false,,,,,false,,none,,,,https://e4no22mu9tsutcr4-52545421474.shopifypreview.com/products/willow-l1927
non-footwear,type:Leotards & Unitards(default-non-foot),Leotards & Unitards,lola-l1865,PASS,suppressed,,false,,,,,false,,none,,,,https://e4no22mu9tsutcr4-52545421474.shopifypreview.com/products/lola-l1865
non-footwear,type:Leotards & Unitards(default-non-foot),Leotards & Unitards,maisie-l1867,PASS,suppressed,,false,,,,,false,,none,,,,https://e4no22mu9tsutcr4-52545421474.shopifypreview.com/products/maisie-l1867
non-footwear,type:Leotards & Unitards(default-non-foot),Leotards & Unitards,sasha-l1863,PASS,suppressed,,false,,,,,false,,none,,,,https://e4no22mu9tsutcr4-52545421474.shopifypreview.com/products/sasha-l1863
non-footwear,type:Leotards & Unitards(default-non-foot),Leotards & Unitards,faye-l1911,PASS,suppressed,,false,,,,,,,,,,,https://e4no22mu9tsutcr4-52545421474.shopifypreview.com/products/faye-l1911
non-footwear,type:Leotards & Unitards(default-non-foot),Leotards & Unitards,luna-l1913,PASS,suppressed,,false,,,,,false,,none,,,,https://e4no22mu9tsutcr4-52545421474.shopifypreview.com/products/luna-l1913
non-footwear,type:Shorts,Shorts,stella-l1945,PASS,suppressed,,false,,,,,false,,none,,,,https://e4no22mu9tsutcr4-52545421474.shopifypreview.com/products/stella-l1945
non-footwear,type:Leotards & Unitards(default-non-foot),Leotards & Unitards,roxy-l1180,PASS,suppressed,,false,,,,,false,,none,,,,https://e4no22mu9tsutcr4-52545421474.shopifypreview.com/products/roxy-l1180
non-footwear,type:Leotards & Unitards(default-non-foot),Leotards & Unitards,flora-l835,PASS,suppressed,,false,,,,,false,,none,,,,https://e4no22mu9tsutcr4-52545421474.shopifypreview.com/products/flora-l835
non-footwear,type:Leotards & Unitards(default-non-foot),Leotards & Unitards,clara-l831,PASS,suppressed,,false,,,,,false,,none,,,,https://e4no22mu9tsutcr4-52545421474.shopifypreview.com/products/clara-l831
non-footwear,type:Swimwear(default-non-foot),Swimwear,boys-tidal-wave-surf-set-3391-3392,PASS,suppressed,,false,,,,,false,,none,,,,https://e4no22mu9tsutcr4-52545421474.shopifypreview.com/products/boys-tidal-wave-surf-set-3391-3392
non-footwear,type:Swimwear(default-non-foot),Swimwear,two-piece-swimsuit-set-3386-3387,PASS,suppressed,,false,,,,,false,,none,,,,https://e4no22mu9tsutcr4-52545421474.shopifypreview.com/products/two-piece-swimsuit-set-3386-3387
non-footwear,type:Swimwear(default-non-foot),Swimwear,abstract-splash-swimsuit-3393,PASS,suppressed,,false,,,,,false,,none,,,,https://e4no22mu9tsutcr4-52545421474.shopifypreview.com/products/abstract-splash-swimsuit-3393
non-footwear,type:Swimwear(default-non-foot),Swimwear,desert-oasis-camisole-swimsuit-3407,PASS,suppressed,,false,,,,,false,,none,,,,https://e4no22mu9tsutcr4-52545421474.shopifypreview.com/products/desert-oasis-camisole-swimsuit-3407
non-footwear,type:Swimwear(default-non-foot),Swimwear,tutti-frutti-bathing-suit,PASS,suppressed,,false,,,,,false,,none,,,,https://e4no22mu9tsutcr4-52545421474.shopifypreview.com/products/tutti-frutti-bathing-suit
non-footwear,type:Ballet Accessories,Ballet Accessories,reorder-elektra-ring,PASS,suppressed,,false,,,,,false,,none,,,,https://e4no22mu9tsutcr4-52545421474.shopifypreview.com/products/reorder-elektra-ring
non-footwear,type:Leotards & Unitards(default-non-foot),Leotards & Unitards,lena-l2651-child,PASS,suppressed,,false,,,,,false,,none,,,,https://e4no22mu9tsutcr4-52545421474.shopifypreview.com/products/lena-l2651-child
non-footwear,type:Leotards & Unitards(default-non-foot),Leotards & Unitards,shana-d352,PASS,suppressed,,false,,,,,false,,none,,,,https://e4no22mu9tsutcr4-52545421474.shopifypreview.com/products/shana-d352
non-footwear,type:Hosiery(default-non-foot),Hosiery,child-shimmer-footed-tights-ts101,PASS,suppressed,,false,,,,,false,,none,,,,https://e4no22mu9tsutcr4-52545421474.shopifypreview.com/products/child-shimmer-footed-tights-ts101
non-footwear,type:Hosiery(default-non-foot),Hosiery,adult-shimmer-footed-tights-ts102,PASS,suppressed,,false,,,,,false,,none,,,,https://e4no22mu9tsutcr4-52545421474.shopifypreview.com/products/adult-shimmer-footed-tights-ts102
non-footwear,type:Shirts & Tops,Shirts & Tops,be-you-nat-kids-crop-top-by58c,PASS,suppressed,,false,,,,,false,,none,,,,https://e4no22mu9tsutcr4-52545421474.shopifypreview.com/products/be-you-nat-kids-crop-top-by58c
non-footwear,type-exclude:Belt,Quilted Dance Belt,hero-ii-dance-belt-sl246-men,PASS,suppressed,,false,,,,,true,belt,excluded,,,,https://e4no22mu9tsutcr4-52545421474.shopifypreview.com/products/hero-ii-dance-belt-sl246-men
non-footwear,type:Leotards & Unitards(default-non-foot),Leotards & Unitards,ivonne-sl244,PASS,suppressed,,false,,,,,false,,none,,,,https://e4no22mu9tsutcr4-52545421474.shopifypreview.com/products/ivonne-sl244
non-footwear,type:Leotards & Unitards(default-non-foot),Leotards & Unitards,farfalla-sl243,PASS,suppressed,,false,,,,,,,,,,,https://e4no22mu9tsutcr4-52545421474.shopifypreview.com/products/farfalla-sl243
non-footwear,type:Leotards & Unitards(default-non-foot),Leotards & Unitards,kiki-sl240,PASS,suppressed,,false,,,,,false,,none,,,,https://e4no22mu9tsutcr4-52545421474.shopifypreview.com/products/kiki-sl240
non-footwear,type:Leotards & Unitards(default-non-foot),Leotards & Unitards,adeline-sl242b,PASS,suppressed,,false,,,,,false,,none,,,,https://e4no22mu9tsutcr4-52545421474.shopifypreview.com/products/adeline-sl242b
non-footwear,type:Leotards & Unitards(default-non-foot),Leotards & Unitards,deborah-sl239,PASS,suppressed,,false,,,,,false,,none,,,,https://e4no22mu9tsutcr4-52545421474.shopifypreview.com/products/deborah-sl239
non-footwear,type:Leotards & Unitards(default-non-foot),Leotards & Unitards,35-tiler-peck-leotard-event-item,PASS,suppressed,,false,,,,,false,,none,,,,https://e4no22mu9tsutcr4-52545421474.shopifypreview.com/products/35-tiler-peck-leotard-event-item
non-footwear,type:Shirts & Tops,Shirts & Tops,be-you-infinite-wrap-by84,PASS,suppressed,,false,,,,,false,,none,,,,https://e4no22mu9tsutcr4-52545421474.shopifypreview.com/products/be-you-infinite-wrap-by84
non-footwear,type:Pants(default-non-foot),Pants,be-you-samantha-kids-pants-by16c,PASS,suppressed,,false,,,,,false,,none,,,,https://e4no22mu9tsutcr4-52545421474.shopifypreview.com/products/be-you-samantha-kids-pants-by16c
non-footwear,type:Shirts & Tops,Shirts & Tops,be-you-alia-shrug-by83,PASS,suppressed,,false,,,,,false,,none,,,,https://e4no22mu9tsutcr4-52545421474.shopifypreview.com/products/be-you-alia-shrug-by83
non-footwear,type:Leg Warmers(default-non-foot),Leg Warmers,lucy-leg-warmer-by82,PASS,suppressed,,false,,,,,false,,none,,,,https://e4no22mu9tsutcr4-52545421474.shopifypreview.com/products/lucy-leg-warmer-by82
non-footwear,type:Leotards & Unitards(default-non-foot),Leotards & Unitards,tahoe-tp176,PASS,suppressed,,false,,,,,false,,none,,,,https://e4no22mu9tsutcr4-52545421474.shopifypreview.com/products/tahoe-tp176
non-footwear,type:Leotards & Unitards(default-non-foot),Leotards & Unitards,banff-tp177,PASS,suppressed,,false,,,,,false,,none,,,,https://e4no22mu9tsutcr4-52545421474.shopifypreview.com/products/banff-tp177
non-footwear,type:Leotards & Unitards(default-non-foot),Leotards & Unitards,aspen-tp175,PASS,suppressed,,false,,,,,false,,none,,,,https://e4no22mu9tsutcr4-52545421474.shopifypreview.com/products/aspen-tp175
non-footwear,type:Leotards & Unitards(default-non-foot),Leotards & Unitards,be-you-ticiane-by57,PASS,suppressed,,false,,,,,false,,none,,,,https://e4no22mu9tsutcr4-52545421474.shopifypreview.com/products/be-you-ticiane-by57
non-footwear,type:Leotards & Unitards(default-non-foot),Leotards & Unitards,be-you-constanza-by54,PASS,suppressed,,false,,,,,false,,none,,,,https://e4no22mu9tsutcr4-52545421474.shopifypreview.com/products/be-you-constanza-by54
non-footwear,type:Leotards & Unitards(default-non-foot),Leotards & Unitards,vail-tp174,PASS,suppressed,,false,,,,,false,,none,,,,https://e4no22mu9tsutcr4-52545421474.shopifypreview.com/products/vail-tp174
non-footwear,type:Shorts,Shorts,be-you-renata-shorts-by46,PASS,suppressed,,false,,,,,false,,none,,,,https://e4no22mu9tsutcr4-52545421474.shopifypreview.com/products/be-you-renata-shorts-by46
non-footwear,type:Pants(default-non-foot),Pants,be-you-renata-pants-by45,PASS,suppressed,,false,,,,,false,,none,,,,https://e4no22mu9tsutcr4-52545421474.shopifypreview.com/products/be-you-renata-pants-by45
non-footwear,type:Shirts & Tops,Shirts & Tops,be-you-elvira-long-sleeve-crop-top-by44,PASS,suppressed,,false,,,,,false,,none,,,,https://e4no22mu9tsutcr4-52545421474.shopifypreview.com/products/be-you-elvira-long-sleeve-crop-top-by44
non-footwear,type:Leotards & Unitards(default-non-foot),Leotards & Unitards,be-you-sia-by69c,PASS,suppressed,,false,,,,,false,,none,,,,https://e4no22mu9tsutcr4-52545421474.shopifypreview.com/products/be-you-sia-by69c
non-footwear,type:Leotards & Unitards(default-non-foot),Leotards & Unitards,be-you-micha-by66c,PASS,suppressed,,false,,,,,false,,none,,,,https://e4no22mu9tsutcr4-52545421474.shopifypreview.com/products/be-you-micha-by66c
non-footwear,type:Leotards & Unitards(default-non-foot),Leotards & Unitards,be-you-tici-by57c,PASS,suppressed,,false,,,,,false,,none,,,,https://e4no22mu9tsutcr4-52545421474.shopifypreview.com/products/be-you-tici-by57c
non-footwear,type:Leotards & Unitards(default-non-foot),Leotards & Unitards,be-you-cynthia-curvy-sizes-by52cv,PASS,suppressed,,false,,,,,false,,none,,,,https://e4no22mu9tsutcr4-52545421474.shopifypreview.com/products/be-you-cynthia-curvy-sizes-by52cv
non-footwear,type:Leotards & Unitards(default-non-foot),Leotards & Unitards,be-you-amelia-curvy-sizes-by49cv,PASS,suppressed,,false,,,,,false,,none,,,,https://e4no22mu9tsutcr4-52545421474.shopifypreview.com/products/be-you-amelia-curvy-sizes-by49cv
non-footwear,type:Leotards & Unitards(default-non-foot),Leotards & Unitards,be-you-paulina-curvy-sizes-by55cv,PASS,suppressed,,false,,,,,false,,none,,,,https://e4no22mu9tsutcr4-52545421474.shopifypreview.com/products/be-you-paulina-curvy-sizes-by55cv
non-footwear,type:Leotards & Unitards(default-non-foot),Leotards & Unitards,be-you-poliana-by55,PASS,suppressed,,false,,,,,false,,none,,,,https://e4no22mu9tsutcr4-52545421474.shopifypreview.com/products/be-you-poliana-by55
non-footwear,type:Leotards & Unitards(default-non-foot),Leotards & Unitards,be-you-luciane-by53,PASS,suppressed,,false,,,,,false,,none,,,,https://e4no22mu9tsutcr4-52545421474.shopifypreview.com/products/be-you-luciane-by53
non-footwear,type:Leotards & Unitards(default-non-foot),Leotards & Unitards,be-you-tessalia-by56,PASS,suppressed,,false,,,,,false,,none,,,,https://e4no22mu9tsutcr4-52545421474.shopifypreview.com/products/be-you-tessalia-by56
non-footwear,type:Leotards & Unitards(default-non-foot),Leotards & Unitards,be-you-cindy-by52,PASS,suppressed,,false,,,,,false,,none,,,,https://e4no22mu9tsutcr4-52545421474.shopifypreview.com/products/be-you-cindy-by52
non-footwear,type:Leotards & Unitards(default-non-foot),Leotards & Unitards,be-you-acsa-by51,PASS,suppressed,,false,,,,,false,,none,,,,https://e4no22mu9tsutcr4-52545421474.shopifypreview.com/products/be-you-acsa-by51
non-footwear,type:Leotards & Unitards(default-non-foot),Leotards & Unitards,be-you-maristela-by50,PASS,suppressed,,false,,,,,false,,none,,,,https://e4no22mu9tsutcr4-52545421474.shopifypreview.com/products/be-you-maristela-by50
non-footwear,type:Leotards & Unitards(default-non-foot),Leotards & Unitards,be-you-marisa-by47,PASS,suppressed,,false,,,,,false,,none,,,,https://e4no22mu9tsutcr4-52545421474.shopifypreview.com/products/be-you-marisa-by47
non-footwear,type:Leotards & Unitards(default-non-foot),Leotards & Unitards,be-you-doris-by48,PASS,suppressed,,false,,,,,false,,none,,,,https://e4no22mu9tsutcr4-52545421474.shopifypreview.com/products/be-you-doris-by48
non-footwear,type:Leotards & Unitards(default-non-foot),Leotards & Unitards,be-you-lia-by49,PASS,suppressed,,false,,,,,false,,none,,,,https://e4no22mu9tsutcr4-52545421474.shopifypreview.com/products/be-you-lia-by49
non-footwear,type:Skirts(default-non-foot),Skirts,be-you-naiara-kids-pull-on-skirt-by77c,PASS,suppressed,,false,,,,,false,,none,,,,https://e4no22mu9tsutcr4-52545421474.shopifypreview.com/products/be-you-naiara-kids-pull-on-skirt-by77c
non-footwear,type:Skirts(default-non-foot),Skirts,be-you-naarah-skirt-curvy-sizes-by80cv,PASS,suppressed,,false,,,,,false,,none,,,,https://e4no22mu9tsutcr4-52545421474.shopifypreview.com/products/be-you-naarah-skirt-curvy-sizes-by80cv
non-footwear,type:Skirts(default-non-foot),Skirts,be-you-alicia-pull-on-skirt-by75,PASS,suppressed,,false,,,,,false,,none,,,,https://e4no22mu9tsutcr4-52545421474.shopifypreview.com/products/be-you-alicia-pull-on-skirt-by75
non-footwear,type:Skirts(default-non-foot),Skirts,be-you-nara-pull-on-skirt-by78,PASS,suppressed,,false,,,,,false,,none,,,,https://e4no22mu9tsutcr4-52545421474.shopifypreview.com/products/be-you-nara-pull-on-skirt-by78
non-footwear,type:Skirts(default-non-foot),Skirts,be-you-cira-wrap-skirt-by79,PASS,suppressed,,false,,,,,false,,none,,,,https://e4no22mu9tsutcr4-52545421474.shopifypreview.com/products/be-you-cira-wrap-skirt-by79
non-footwear,type:Skirts(default-non-foot),Skirts,be-you-ophelia-pull-on-skirt-by76,PASS,suppressed,,false,,,,,false,,none,,,,https://e4no22mu9tsutcr4-52545421474.shopifypreview.com/products/be-you-ophelia-pull-on-skirt-by76
non-footwear,type:Skirts(default-non-foot),Skirts,be-you-naiara-pull-on-skirt-by77,PASS,suppressed,,false,,,,,false,,none,,,,https://e4no22mu9tsutcr4-52545421474.shopifypreview.com/products/be-you-naiara-pull-on-skirt-by77
non-footwear,type:Leotards & Unitards(default-non-foot),Leotards & Unitards,be-you-mavi-by88c,PASS,suppressed,,false,,,,,false,,none,,,,https://e4no22mu9tsutcr4-52545421474.shopifypreview.com/products/be-you-mavi-by88c
non-footwear,type:Leotards & Unitards(default-non-foot),Leotards & Unitards,be-you-mel-by87c,PASS,suppressed,,false,,,,,false,,none,,,,https://e4no22mu9tsutcr4-52545421474.shopifypreview.com/products/be-you-mel-by87c
non-footwear,type:Leotards & Unitards(default-non-foot),Leotards & Unitards,be-you-lila-by86c,PASS,suppressed,,false,,,,,false,,none,,,,https://e4no22mu9tsutcr4-52545421474.shopifypreview.com/products/be-you-lila-by86c
non-footwear,type:Leotards & Unitards(default-non-foot),Leotards & Unitards,be-you-nala-by85c,PASS,suppressed,,false,,,,,false,,none,,,,https://e4no22mu9tsutcr4-52545421474.shopifypreview.com/products/be-you-nala-by85c
non-footwear,type:Leotards & Unitards(default-non-foot),Leotards & Unitards,be-you-lala-by74c,PASS,suppressed,,false,,,,,false,,none,,,,https://e4no22mu9tsutcr4-52545421474.shopifypreview.com/products/be-you-lala-by74c
non-footwear,type:Leotards & Unitards(default-non-foot),Leotards & Unitards,be-you-laila-by74,PASS,suppressed,,false,,,,,false,,none,,,,https://e4no22mu9tsutcr4-52545421474.shopifypreview.com/products/be-you-laila-by74
non-footwear,type:Leotards & Unitards(default-non-foot),Leotards & Unitards,be-you-hana-by73c,PASS,suppressed,,false,,,,,false,,none,,,,https://e4no22mu9tsutcr4-52545421474.shopifypreview.com/products/be-you-hana-by73c
non-footwear,type:Leotards & Unitards(default-non-foot),Leotards & Unitards,be-you-yohana-by73,PASS,suppressed,,false,,,,,false,,none,,,,https://e4no22mu9tsutcr4-52545421474.shopifypreview.com/products/be-you-yohana-by73
non-footwear,type:Leotards & Unitards(default-non-foot),Leotards & Unitards,be-you-amelia-unitard-by61,PASS,suppressed,,false,,,,,false,,none,,,,https://e4no22mu9tsutcr4-52545421474.shopifypreview.com/products/be-you-amelia-unitard-by61
non-footwear,type:Shorts,Shorts,be-you-natalia-shorts-by60,PASS,suppressed,,false,,,,,false,,none,,,,https://e4no22mu9tsutcr4-52545421474.shopifypreview.com/products/be-you-natalia-shorts-by60
non-footwear,type:Leotards & Unitards(default-non-foot),Leotards & Unitards,be-you-zuriel-curvy-sizes-by71cv,PASS,suppressed,,false,,,,,false,,none,,,,https://e4no22mu9tsutcr4-52545421474.shopifypreview.com/products/be-you-zuriel-curvy-sizes-by71cv
non-footwear,type:Leotards & Unitards(default-non-foot),Leotards & Unitards,be-you-aurina-curvy-sizes-by67cv,PASS,suppressed,,false,,,,,false,,none,,,,https://e4no22mu9tsutcr4-52545421474.shopifypreview.com/products/be-you-aurina-curvy-sizes-by67cv
non-footwear,type:Leotards & Unitards(default-non-foot),Leotards & Unitards,be-you-michaelina-curvy-sizes-by66cv,PASS,suppressed,,false,,,,,false,,none,,,,https://e4no22mu9tsutcr4-52545421474.shopifypreview.com/products/be-you-michaelina-curvy-sizes-by66cv
non-footwear,type:Shirts & Tops,Shirts & Tops,be-you-gaia-top-by70,PASS,suppressed,,false,,,,,false,,none,,,,https://e4no22mu9tsutcr4-52545421474.shopifypreview.com/products/be-you-gaia-top-by70
non-footwear,type:Leotards & Unitards(default-non-foot),Leotards & Unitards,be-you-val-by72,PASS,suppressed,,false,,,,,false,,none,,,,https://e4no22mu9tsutcr4-52545421474.shopifypreview.com/products/be-you-val-by72
non-footwear,type:Leotards & Unitards(default-non-foot),Leotards & Unitards,be-you-siena-by69,PASS,suppressed,,false,,,,,false,,none,,,,https://e4no22mu9tsutcr4-52545421474.shopifypreview.com/products/be-you-siena-by69
non-footwear,type:Leotards & Unitards(default-non-foot),Leotards & Unitards,be-you-zuri-by71,PASS,suppressed,,false,,,,,false,,none,,,,https://e4no22mu9tsutcr4-52545421474.shopifypreview.com/products/be-you-zuri-by71
non-footwear,type:Leotards & Unitards(default-non-foot),Leotards & Unitards,be-you-sueli-by68,PASS,suppressed,,false,,,,,false,,none,,,,https://e4no22mu9tsutcr4-52545421474.shopifypreview.com/products/be-you-sueli-by68
non-footwear,type:Leotards & Unitards(default-non-foot),Leotards & Unitards,be-you-aurea-by67,PASS,suppressed,,false,,,,,false,,none,,,,https://e4no22mu9tsutcr4-52545421474.shopifypreview.com/products/be-you-aurea-by67
non-footwear,type:Leotards & Unitards(default-non-foot),Leotards & Unitards,be-you-michela-by66,PASS,suppressed,,false,,,,,false,,none,,,,https://e4no22mu9tsutcr4-52545421474.shopifypreview.com/products/be-you-michela-by66
non-footwear,type:Leotards & Unitards(default-non-foot),Leotards & Unitards,be-you-lucila-by63,PASS,suppressed,,false,,,,,false,,none,,,,https://e4no22mu9tsutcr4-52545421474.shopifypreview.com/products/be-you-lucila-by63
non-footwear,type:Leotards & Unitards(default-non-foot),Leotards & Unitards,be-you-dalila-by65,PASS,suppressed,,false,,,,,false,,none,,,,https://e4no22mu9tsutcr4-52545421474.shopifypreview.com/products/be-you-dalila-by65
non-footwear,type:Leotards & Unitards(default-non-foot),Leotards & Unitards,be-you-kelly-by62,PASS,suppressed,,false,,,,,false,,none,,,,https://e4no22mu9tsutcr4-52545421474.shopifypreview.com/products/be-you-kelly-by62
non-footwear,type:Leotards & Unitards(default-non-foot),Leotards & Unitards,be-you-ravena-by64,PASS,suppressed,,false,,,,,false,,none,,,,https://e4no22mu9tsutcr4-52545421474.shopifypreview.com/products/be-you-ravena-by64
non-footwear,type:Shirts & Tops,Shirts & Tops,be-you-natalia-crop-top-by58,PASS,suppressed,,false,,,,,false,,none,,,,https://e4no22mu9tsutcr4-52545421474.shopifypreview.com/products/be-you-natalia-crop-top-by58
non-footwear,type:Leotards & Unitards(default-non-foot),Leotards & Unitards,be-you-acsa-by51b,PASS,suppressed,,false,,,,,false,,none,,,,https://e4no22mu9tsutcr4-52545421474.shopifypreview.com/products/be-you-acsa-by51b
non-footwear,type:Leotards & Unitards(default-non-foot),Leotards & Unitards,be-you-zuzu-by71c,PASS,suppressed,,false,,,,,false,,none,,,,https://e4no22mu9tsutcr4-52545421474.shopifypreview.com/products/be-you-zuzu-by71c
non-footwear,type:Leotards & Unitards(default-non-foot),Leotards & Unitards,be-you-lila-by65c,PASS,suppressed,,false,,,,,false,,none,,,,https://e4no22mu9tsutcr4-52545421474.shopifypreview.com/products/be-you-lila-by65c
non-footwear,type:Leotards & Unitards(default-non-foot),Leotards & Unitards,amazon-item-sl10,PASS,suppressed,,false,,,,,false,,none,,,,https://e4no22mu9tsutcr4-52545421474.shopifypreview.com/products/amazon-item-sl10
non-footwear,type:Tights(default-non-foot),Tights,amazon-item-ts96-3-pack,PASS,suppressed,,false,,,,,false,,none,,,,https://e4no22mu9tsutcr4-52545421474.shopifypreview.com/products/amazon-item-ts96-3-pack
non-footwear,type:Tights(default-non-foot),Tights,amazon-item-ts78-3-pack,PASS,suppressed,,false,,,,,false,,none,,,,https://e4no22mu9tsutcr4-52545421474.shopifypreview.com/products/amazon-item-ts78-3-pack
non-footwear,type:Tights(default-non-foot),Tights,amazon-item-ts82,PASS,suppressed,,false,,,,,false,,none,,,,https://e4no22mu9tsutcr4-52545421474.shopifypreview.com/products/amazon-item-ts82
non-footwear,type:Ballet Accessories,Ballet Accessories,amazon-item-ac34,PASS,suppressed,,false,,,,,false,,none,,,,https://e4no22mu9tsutcr4-52545421474.shopifypreview.com/products/amazon-item-ac34
non-footwear,type:Ballet Accessories,Ballet Accessories,amazon-item-ac33,PASS,suppressed,,false,,,,,false,,none,,,,https://e4no22mu9tsutcr4-52545421474.shopifypreview.com/products/amazon-item-ac33
non-footwear,type:Clothing Accessories,Clothing Accessories,amazon-item-ac54,PASS,suppressed,,false,,,,,false,,none,,,,https://e4no22mu9tsutcr4-52545421474.shopifypreview.com/products/amazon-item-ac54
non-footwear,type:Leg Warmers(default-non-foot),Leg Warmers,event-item-e8778,PASS,suppressed,,false,,,,,false,,none,,,,https://e4no22mu9tsutcr4-52545421474.shopifypreview.com/products/event-item-e8778
non-footwear,type:Leotards & Unitards(default-non-foot),Leotards & Unitards,ronde-renverse-tp153,PASS,suppressed,,false,,,,,false,,none,,,,https://e4no22mu9tsutcr4-52545421474.shopifypreview.com/products/ronde-renverse-tp153
non-footwear,type:Leotards & Unitards(default-non-foot),Leotards & Unitards,adagio-tp150,PASS,suppressed,,false,,,,,false,,none,,,,https://e4no22mu9tsutcr4-52545421474.shopifypreview.com/products/adagio-tp150
non-footwear,type:Leotards & Unitards(default-non-foot),Leotards & Unitards,keanu-biketard-rde2724-men,PASS,suppressed,,false,,,,,false,,none,,,,https://e4no22mu9tsutcr4-52545421474.shopifypreview.com/products/keanu-biketard-rde2724-men
non-footwear,type:Ballet Accessories,Ballet Accessories,15-mystery-leo-event-item,PASS,suppressed,,false,,,,,false,,none,,,,https://e4no22mu9tsutcr4-52545421474.shopifypreview.com/products/15-mystery-leo-event-item
non-footwear,title-exclude:Hoodie,Jumpsuits & Rompers,jessy-romper-d371,PASS,suppressed,,false,,,,,false,,none,,,,https://e4no22mu9tsutcr4-52545421474.shopifypreview.com/products/jessy-romper-d371
non-footwear,type:Dress(default-non-foot),Dress,lorelai-dress-d370,PASS,suppressed,,false,,,,,false,,none,,,,https://e4no22mu9tsutcr4-52545421474.shopifypreview.com/products/lorelai-dress-d370
non-footwear,type:Leotards & Unitards(default-non-foot),Leotards & Unitards,samantha-d351,PASS,suppressed,,false,,,,,false,,none,,,,https://e4no22mu9tsutcr4-52545421474.shopifypreview.com/products/samantha-d351
non-footwear,type:Leotards & Unitards(default-non-foot),Leotards & Unitards,naia-d320,PASS,suppressed,,false,,,,,false,,none,,,,https://e4no22mu9tsutcr4-52545421474.shopifypreview.com/products/naia-d320
non-footwear,type:Leggings,Leggings,trin-leggings-f14270,PASS,suppressed,,false,,,,,false,,none,,,,https://e4no22mu9tsutcr4-52545421474.shopifypreview.com/products/trin-leggings-f14270
non-footwear,type:Dress(default-non-foot),Dress,rory-dress-d335,PASS,suppressed,,false,,,,,false,,none,,,,https://e4no22mu9tsutcr4-52545421474.shopifypreview.com/products/rory-dress-d335
non-footwear,type:Shirts & Tops,Shirts & Tops,rory-shirt-d333,PASS,suppressed,,false,,,,,false,,none,,,,https://e4no22mu9tsutcr4-52545421474.shopifypreview.com/products/rory-shirt-d333
non-footwear,type:Leotards & Unitards(default-non-foot),Leotards & Unitards,be-you-thomas-biketard-by24-men,PASS,suppressed,,false,,,,,false,,none,,,,https://e4no22mu9tsutcr4-52545421474.shopifypreview.com/products/be-you-thomas-biketard-by24-men
non-footwear,type:Sports Bra(default-non-foot),Sports Bra,shiny-bralette-f14453,PASS,suppressed,,false,,,,,false,,none,,,,https://e4no22mu9tsutcr4-52545421474.shopifypreview.com/products/shiny-bralette-f14453
non-footwear,type:Leggings,Leggings,shiny-leggings-f14452,PASS,suppressed,,false,,,,,false,,none,,,,https://e4no22mu9tsutcr4-52545421474.shopifypreview.com/products/shiny-leggings-f14452
non-footwear,type:Leotards & Unitards(default-non-foot),Leotards & Unitards,linna-d319,PASS,suppressed,,false,,,,,false,,none,,,,https://e4no22mu9tsutcr4-52545421474.shopifypreview.com/products/linna-d319
non-footwear,type:Leotards & Unitards(default-non-foot),Leotards & Unitards,raina-d317,PASS,suppressed,,false,,,,,false,,none,,,,https://e4no22mu9tsutcr4-52545421474.shopifypreview.com/products/raina-d317
non-footwear,type:Leotards & Unitards(default-non-foot),Leotards & Unitards,rainy-d316,PASS,suppressed,,false,,,,,false,,none,,,,https://e4no22mu9tsutcr4-52545421474.shopifypreview.com/products/rainy-d316
non-footwear,type:Leotards & Unitards(default-non-foot),Leotards & Unitards,linda-d403,PASS,suppressed,,false,,,,,false,,none,,,,https://e4no22mu9tsutcr4-52545421474.shopifypreview.com/products/linda-d403
non-footwear,type:Leggings,Leggings,jill-stirrup-leggings-d365,PASS,suppressed,,false,,,,,false,,none,,,,https://e4no22mu9tsutcr4-52545421474.shopifypreview.com/products/jill-stirrup-leggings-d365
non-footwear,type:Skort(default-non-foot),Skort,georgia-skort-d331,PASS,suppressed,,false,,,,,false,,none,,,,https://e4no22mu9tsutcr4-52545421474.shopifypreview.com/products/georgia-skort-d331
non-footwear,type:Shirts & Tops,Shirts & Tops,jane-tank-top-d330,PASS,suppressed,,false,,,,,false,,none,,,,https://e4no22mu9tsutcr4-52545421474.shopifypreview.com/products/jane-tank-top-d330
non-footwear,type:Leg Warmers(default-non-foot),Leg Warmers,be-you-esthenia-leg-warmers-by13,PASS,suppressed,,false,,,,,false,,none,,,,https://e4no22mu9tsutcr4-52545421474.shopifypreview.com/products/be-you-esthenia-leg-warmers-by13
non-footwear,type:Ballet Accessories,Ballet Accessories,15-leotard-event-item,PASS,suppressed,,false,,,,,false,,none,,,,https://e4no22mu9tsutcr4-52545421474.shopifypreview.com/products/15-leotard-event-item
non-footwear,type:Skirts(default-non-foot),Skirts,be-you-naarah-skirt-by25cv,PASS,suppressed,,false,,,,,false,,none,,,,https://e4no22mu9tsutcr4-52545421474.shopifypreview.com/products/be-you-naarah-skirt-by25cv
non-footwear,type:Leotards & Unitards(default-non-foot),Leotards & Unitards,lysi-d290,PASS,suppressed,,false,,,,,,,,,,,https://e4no22mu9tsutcr4-52545421474.shopifypreview.com/products/lysi-d290
non-footwear,type:Leotards & Unitards(default-non-foot),Leotards & Unitards,loree-lo07-lo17,PASS,suppressed,,false,,,,,false,,none,,,,https://e4no22mu9tsutcr4-52545421474.shopifypreview.com/products/loree-lo07-lo17
non-footwear,type:Leotards & Unitards(default-non-foot),Leotards & Unitards,jody-lo05-lo15,PASS,suppressed,,false,,,,,false,,none,,,,https://e4no22mu9tsutcr4-52545421474.shopifypreview.com/products/jody-lo05-lo15
non-footwear,type:Hosiery(default-non-foot),Hosiery,child-fishnet-tights-ts31,PASS,suppressed,,false,,,,,false,,none,,,,https://e4no22mu9tsutcr4-52545421474.shopifypreview.com/products/child-fishnet-tights-ts31
non-footwear,type:Hosiery(default-non-foot),Hosiery,fishnet-tights-ts33,PASS,suppressed,,false,,,,,false,,none,,,,https://e4no22mu9tsutcr4-52545421474.shopifypreview.com/products/fishnet-tights-ts33
non-footwear,type:Shirts & Tops,Shirts & Tops,be-you-ellie-kids-unicorn-crop-top-mb52c,PASS,suppressed,,false,,,,,false,,none,,,,https://e4no22mu9tsutcr4-52545421474.shopifypreview.com/products/be-you-ellie-kids-unicorn-crop-top-mb52c
non-footwear,type:Shorts,Shorts,be-you-dreamy-kids-shorts-mb57c,PASS,suppressed,,false,,,,,false,,none,,,,https://e4no22mu9tsutcr4-52545421474.shopifypreview.com/products/be-you-dreamy-kids-shorts-mb57c
non-footwear,type:Leggings,Leggings,be-you-dreamy-kids-leggings-mb59c,PASS,suppressed,,false,,,,,false,,none,,,,https://e4no22mu9tsutcr4-52545421474.shopifypreview.com/products/be-you-dreamy-kids-leggings-mb59c
non-footwear,type:Shirts & Tops,Shirts & Tops,be-you-ellie-kids-ballet-top-mb58c,PASS,suppressed,,false,,,,,false,,none,,,,https://e4no22mu9tsutcr4-52545421474.shopifypreview.com/products/be-you-ellie-kids-ballet-top-mb58c
non-footwear,type-exclude:Wallet,"Handbags, Wallets & Cases",mini-ballerina-unicorn-backpack-mb72,PASS,suppressed,,false,,,,,true,bag,excluded,,,,https://e4no22mu9tsutcr4-52545421474.shopifypreview.com/products/mini-ballerina-unicorn-backpack-mb72
non-footwear,type:Shirts & Tops,Shirts & Tops,be-you-poli-kids-shirt-dress-mb28,PASS,suppressed,,false,,,,,false,,none,,,,https://e4no22mu9tsutcr4-52545421474.shopifypreview.com/products/be-you-poli-kids-shirt-dress-mb28
non-footwear,type:Leggings,Leggings,be-you-midnight-leggings-mb51,PASS,suppressed,,false,,,,,false,,none,,,,https://e4no22mu9tsutcr4-52545421474.shopifypreview.com/products/be-you-midnight-leggings-mb51
non-footwear,title-exclude:Hoodie,Coats & Jackets,be-you-annie-hoodie-mb50,PASS,suppressed,,false,,,,,false,,none,,,,https://e4no22mu9tsutcr4-52545421474.shopifypreview.com/products/be-you-annie-hoodie-mb50
non-footwear,type:Shirts & Tops,Shirts & Tops,be-you-tap-shirt-mb54,PASS,suppressed,,false,,,,,false,,none,,,,https://e4no22mu9tsutcr4-52545421474.shopifypreview.com/products/be-you-tap-shirt-mb54
non-footwear,type:Shirts & Tops,Shirts & Tops,be-you-poliana-shirt-mb53,PASS,suppressed,,false,,,,,false,,none,,,,https://e4no22mu9tsutcr4-52545421474.shopifypreview.com/products/be-you-poliana-shirt-mb53
non-footwear,type:Leotards & Unitards(default-non-foot),Leotards & Unitards,be-you-alli-mb62,PASS,suppressed,,false,,,,,false,,none,,,,https://e4no22mu9tsutcr4-52545421474.shopifypreview.com/products/be-you-alli-mb62
non-footwear,type:Leotards & Unitards(default-non-foot),Leotards & Unitards,be-you-alia-mb63,PASS,suppressed,,false,,,,,false,,none,,,,https://e4no22mu9tsutcr4-52545421474.shopifypreview.com/products/be-you-alia-mb63
non-footwear,type:Shirts & Tops,Shirts & Tops,be-you-ballerina-crop-top-mb52,PASS,suppressed,,false,,,,,false,,none,,,,https://e4no22mu9tsutcr4-52545421474.shopifypreview.com/products/be-you-ballerina-crop-top-mb52
non-footwear,type:Shirts & Tops,Shirts & Tops,be-you-milli-mb55,PASS,suppressed,,false,,,,,false,,none,,,,https://e4no22mu9tsutcr4-52545421474.shopifypreview.com/products/be-you-milli-mb55
non-footwear,type:Shirts & Tops,Shirts & Tops,be-you-polly-mb21-mb29,PASS,suppressed,,false,,,,,false,,none,,,,https://e4no22mu9tsutcr4-52545421474.shopifypreview.com/products/be-you-polly-mb21-mb29
non-footwear,type:Shorts,Shorts,be-you-annabel-shorts-mb49,PASS,suppressed,,false,,,,,false,,none,,,,https://e4no22mu9tsutcr4-52545421474.shopifypreview.com/products/be-you-annabel-shorts-mb49
non-footwear,type:Pants(default-non-foot),Pants,be-you-ocean-pants-mb47,PASS,suppressed,,false,,,,,false,,none,,,,https://e4no22mu9tsutcr4-52545421474.shopifypreview.com/products/be-you-ocean-pants-mb47
non-footwear,type:Coats & Jackets(default-non-foot),Coats & Jackets,be-you-annabel-jacket-mb48,PASS,suppressed,,false,,,,,false,,none,,,,https://e4no22mu9tsutcr4-52545421474.shopifypreview.com/products/be-you-annabel-jacket-mb48
non-footwear,type:Leotards & Unitards(default-non-foot),Leotards & Unitards,be-you-adina-mb35,PASS,suppressed,,false,,,,,false,,none,,,,https://e4no22mu9tsutcr4-52545421474.shopifypreview.com/products/be-you-adina-mb35
non-footwear,title-exclude:Duffel,Luggage & Bags,ballet-duffel-bag-mb20-mb73,PASS,suppressed,,false,,,,,true,bag,excluded,,,,https://e4no22mu9tsutcr4-52545421474.shopifypreview.com/products/ballet-duffel-bag-mb20-mb73
non-footwear,type:Shirts & Tops,Shirts & Tops,bali-shirt-mb22-mb30,PASS,suppressed,,false,,,,,false,,none,,,,https://e4no22mu9tsutcr4-52545421474.shopifypreview.com/products/bali-shirt-mb22-mb30
non-footwear,type:Skirts(default-non-foot),Skirts,aviva-skirt-mb36,PASS,suppressed,,false,,,,,false,,none,,,,https://e4no22mu9tsutcr4-52545421474.shopifypreview.com/products/aviva-skirt-mb36
non-footwear,type-exclude:Backpack,Backpacks,bee-machila-mb017,PASS,suppressed,,false,,,,,true,backpack,excluded,,,,https://e4no22mu9tsutcr4-52545421474.shopifypreview.com/products/bee-machila-mb017
non-footwear,type:Shirts & Tops,Shirts & Tops,lets-dance-shirt-mb34,PASS,suppressed,,false,,,,,false,,none,,,,https://e4no22mu9tsutcr4-52545421474.shopifypreview.com/products/lets-dance-shirt-mb34
non-footwear,type:Shirts & Tops,Shirts & Tops,polina-mb02-mb27,PASS,suppressed,,false,,,,,false,,none,,,,https://e4no22mu9tsutcr4-52545421474.shopifypreview.com/products/polina-mb02-mb27
non-footwear,type:Coats & Jackets(default-non-foot),Coats & Jackets,mabel-jacket-mb33,PASS,suppressed,,false,,,,,false,,none,,,,https://e4no22mu9tsutcr4-52545421474.shopifypreview.com/products/mabel-jacket-mb33
non-footwear,type:Skirts(default-non-foot),Skirts,lava-kids-pull-on-skirt-d6732-v6732,PASS,suppressed,,false,,,,,false,,none,,,,https://e4no22mu9tsutcr4-52545421474.shopifypreview.com/products/lava-kids-pull-on-skirt-d6732-v6732
non-footwear,type:Shirts & Tops,Shirts & Tops,poli-mb01-mb26,PASS,suppressed,,false,,,,,false,,none,,,,https://e4no22mu9tsutcr4-52545421474.shopifypreview.com/products/poli-mb01-mb26
non-footwear,type:Shirts & Tops,Shirts & Tops,darci-crop-top-tp84,PASS,suppressed,,false,,,,,false,,none,,,,https://e4no22mu9tsutcr4-52545421474.shopifypreview.com/products/darci-crop-top-tp84
non-footwear,type:Leggings,Leggings,marika-leggings-tp94,PASS,suppressed,,false,,,,,false,,none,,,,https://e4no22mu9tsutcr4-52545421474.shopifypreview.com/products/marika-leggings-tp94
non-footwear,type:Shirts & Tops,Shirts & Tops,marika-crop-top-tp92,PASS,suppressed,,false,,,,,false,,none,,,,https://e4no22mu9tsutcr4-52545421474.shopifypreview.com/products/marika-crop-top-tp92
non-footwear,type:Leotards & Unitards(default-non-foot),Leotards & Unitards,be-you-coroline-by32cv,PASS,suppressed,,false,,,,,false,,none,,,,https://e4no22mu9tsutcr4-52545421474.shopifypreview.com/products/be-you-coroline-by32cv
non-footwear,type:Leotards & Unitards(default-non-foot),Leotards & Unitards,be-you-cora-by32,PASS,suppressed,,false,,,,,false,,none,,,,https://e4no22mu9tsutcr4-52545421474.shopifypreview.com/products/be-you-cora-by32
non-footwear,type:Shirts & Tops,Shirts & Tops,be-you-nelia-top-by36,PASS,suppressed,,false,,,,,false,,none,,,,https://e4no22mu9tsutcr4-52545421474.shopifypreview.com/products/be-you-nelia-top-by36
non-footwear,type:Pants(default-non-foot),Pants,be-you-nelia-pants-by35,PASS,suppressed,,false,,,,,false,,none,,,,https://e4no22mu9tsutcr4-52545421474.shopifypreview.com/products/be-you-nelia-pants-by35
non-footwear,type:Leotards & Unitards(default-non-foot),Leotards & Unitards,be-you-thalia-by33,PASS,suppressed,,false,,,,,false,,none,,,,https://e4no22mu9tsutcr4-52545421474.shopifypreview.com/products/be-you-thalia-by33
non-footwear,type:Leotards & Unitards(default-non-foot),Leotards & Unitards,be-you-kenia-by31,PASS,suppressed,,false,,,,,false,,none,,,,https://e4no22mu9tsutcr4-52545421474.shopifypreview.com/products/be-you-kenia-by31
non-footwear,type:Leotards & Unitards(default-non-foot),Leotards & Unitards,be-you-johanna-by43cv,PASS,suppressed,,false,,,,,false,,none,,,,https://e4no22mu9tsutcr4-52545421474.shopifypreview.com/products/be-you-johanna-by43cv
non-footwear,type:Leotards & Unitards(default-non-foot),Leotards & Unitards,be-you-yara-by30,PASS,suppressed,,false,,,,,false,,none,,,,https://e4no22mu9tsutcr4-52545421474.shopifypreview.com/products/be-you-yara-by30
non-footwear,type:Leotards & Unitards(default-non-foot),Leotards & Unitards,be-you-joanna-by43,PASS,suppressed,,false,,,,,false,,none,,,,https://e4no22mu9tsutcr4-52545421474.shopifypreview.com/products/be-you-joanna-by43
non-footwear,type:Leotards & Unitards(default-non-foot),Leotards & Unitards,be-you-dione-by41,PASS,suppressed,,false,,,,,false,,none,,,,https://e4no22mu9tsutcr4-52545421474.shopifypreview.com/products/be-you-dione-by41
non-footwear,type:Leotards & Unitards(default-non-foot),Leotards & Unitards,be-you-mercedes-by42,PASS,suppressed,,false,,,,,false,,none,,,,https://e4no22mu9tsutcr4-52545421474.shopifypreview.com/products/be-you-mercedes-by42
non-footwear,type:Jumpsuits & Rompers(default-non-foot),Jumpsuits & Rompers,cecilia-warmup-overalls-ck304,PASS,suppressed,,false,,,,,false,,none,,,,https://e4no22mu9tsutcr4-52545421474.shopifypreview.com/products/cecilia-warmup-overalls-ck304
non-footwear,type:Leotards & Unitards(default-non-foot),Leotards & Unitards,be-you-harp-by29,PASS,suppressed,,false,,,,,false,,none,,,,https://e4no22mu9tsutcr4-52545421474.shopifypreview.com/products/be-you-harp-by29
non-footwear,type:Leotards & Unitards(default-non-foot),Leotards & Unitards,be-you-neli-by28,PASS,suppressed,,false,,,,,false,,none,,,,https://e4no22mu9tsutcr4-52545421474.shopifypreview.com/products/be-you-neli-by28
non-footwear,type:Leotards & Unitards(default-non-foot),Leotards & Unitards,be-you-sabrina-by27cv,PASS,suppressed,,false,,,,,false,,none,,,,https://e4no22mu9tsutcr4-52545421474.shopifypreview.com/products/be-you-sabrina-by27cv
non-footwear,type:Leotards & Unitards(default-non-foot),Leotards & Unitards,be-you-salina-by27,PASS,suppressed,,false,,,,,false,,none,,,,https://e4no22mu9tsutcr4-52545421474.shopifypreview.com/products/be-you-salina-by27
non-footwear,type:Leggings,Leggings,be-you-selene-leggings-by38,PASS,suppressed,,false,,,,,false,,none,,,,https://e4no22mu9tsutcr4-52545421474.shopifypreview.com/products/be-you-selene-leggings-by38
non-footwear,type:Shirts & Tops,Shirts & Tops,be-you-selene-crop-top-by37,PASS,suppressed,,false,,,,,false,,none,,,,https://e4no22mu9tsutcr4-52545421474.shopifypreview.com/products/be-you-selene-crop-top-by37
non-footwear,type:Leotards & Unitards(default-non-foot),Leotards & Unitards,be-you-jarid-unitard-by23,PASS,suppressed,,false,,,,,false,,none,,,,https://e4no22mu9tsutcr4-52545421474.shopifypreview.com/products/be-you-jarid-unitard-by23
non-footwear,type:Leggings,Leggings,be-you-leda-leggings-by22,PASS,suppressed,,false,,,,,false,,none,,,,https://e4no22mu9tsutcr4-52545421474.shopifypreview.com/products/be-you-leda-leggings-by22
non-footwear,type:Shirts & Tops,Shirts & Tops,be-you-leda-crop-top-by21,PASS,suppressed,,false,,,,,false,,none,,,,https://e4no22mu9tsutcr4-52545421474.shopifypreview.com/products/be-you-leda-crop-top-by21
non-footwear,type-exclude:Backpack,Backpacks,yagp-bp01,PASS,suppressed,,false,,,,,true,backpack,excluded,,,,https://e4no22mu9tsutcr4-52545421474.shopifypreview.com/products/yagp-bp01
non-footwear,type:Leotards & Unitards(default-non-foot),Leotards & Unitards,joanne-rde8008,PASS,suppressed,,false,,,,,false,,none,,,,https://e4no22mu9tsutcr4-52545421474.shopifypreview.com/products/joanne-rde8008
non-footwear,type:Leggings,Leggings,be-you-brisa-leggings-by19,PASS,suppressed,,false,,,,,false,,none,,,,https://e4no22mu9tsutcr4-52545421474.shopifypreview.com/products/be-you-brisa-leggings-by19
non-footwear,type:Shorts,Shorts,be-you-brisa-shorts-by20,PASS,suppressed,,false,,,,,false,,none,,,,https://e4no22mu9tsutcr4-52545421474.shopifypreview.com/products/be-you-brisa-shorts-by20
non-footwear,type:Leotards & Unitards(default-non-foot),Leotards & Unitards,be-you-lulu-by10,PASS,suppressed,,false,,,,,false,,none,,,,https://e4no22mu9tsutcr4-52545421474.shopifypreview.com/products/be-you-lulu-by10
non-footwear,type:Leotards & Unitards(default-non-foot),Leotards & Unitards,be-you-jadinha-by07cv,PASS,suppressed,,false,,,,,false,,none,,,,https://e4no22mu9tsutcr4-52545421474.shopifypreview.com/products/be-you-jadinha-by07cv
non-footwear,type:Leotards & Unitards(default-non-foot),Leotards & Unitards,be-you-jada-by07,PASS,suppressed,,false,,,,,false,,none,,,,https://e4no22mu9tsutcr4-52545421474.shopifypreview.com/products/be-you-jada-by07
non-footwear,type:Leotards & Unitards(default-non-foot),Leotards & Unitards,be-you-ayse-by06cv,PASS,suppressed,,false,,,,,false,,none,,,,https://e4no22mu9tsutcr4-52545421474.shopifypreview.com/products/be-you-ayse-by06cv
non-footwear,type:Leotards & Unitards(default-non-foot),Leotards & Unitards,be-you-deby-by05,PASS,suppressed,,false,,,,,false,,none,,,,https://e4no22mu9tsutcr4-52545421474.shopifypreview.com/products/be-you-deby-by05
non-footwear,type:Leotards & Unitards(default-non-foot),Leotards & Unitards,be-you-zena-by04,PASS,suppressed,,false,,,,,false,,none,,,,https://e4no22mu9tsutcr4-52545421474.shopifypreview.com/products/be-you-zena-by04
non-footwear,type:Leotards & Unitards(default-non-foot),Leotards & Unitards,be-you-desi-by02,PASS,suppressed,,false,,,,,false,,none,,,,https://e4no22mu9tsutcr4-52545421474.shopifypreview.com/products/be-you-desi-by02
non-footwear,type:Sports Bra(default-non-foot),Sports Bra,extend-sports-bra-f15143,PASS,suppressed,,false,,,,,false,,none,,,,https://e4no22mu9tsutcr4-52545421474.shopifypreview.com/products/extend-sports-bra-f15143
non-footwear,type:Leotards & Unitards(default-non-foot),Leotards & Unitards,be-you-duna-by01c-child,PASS,suppressed,,false,,,,,false,,none,,,,https://e4no22mu9tsutcr4-52545421474.shopifypreview.com/products/be-you-duna-by01c-child
non-footwear,type:Sports Bra(default-non-foot),Sports Bra,sleek-racerback-bralette-f14288,PASS,suppressed,,false,,,,,false,,none,,,,https://e4no22mu9tsutcr4-52545421474.shopifypreview.com/products/sleek-racerback-bralette-f14288
non-footwear,type:Leggings,Leggings,jet-blue-yoga-leggings-f14248,PASS,suppressed,,false,,,,,false,,none,,,,https://e4no22mu9tsutcr4-52545421474.shopifypreview.com/products/jet-blue-yoga-leggings-f14248
non-footwear,type:Leggings,Leggings,classic-pilates-leggings-f14218,PASS,suppressed,,false,,,,,false,,none,,,,https://e4no22mu9tsutcr4-52545421474.shopifypreview.com/products/classic-pilates-leggings-f14218
non-footwear,type:Leggings,Leggings,bordeaux-fitness-capri-leggings-f14209,PASS,suppressed,,false,,,,,false,,none,,,,https://e4no22mu9tsutcr4-52545421474.shopifypreview.com/products/bordeaux-fitness-capri-leggings-f14209
non-footwear,type:Leggings,Leggings,silhouette-leggings-f14194,PASS,suppressed,,false,,,,,false,,none,,,,https://e4no22mu9tsutcr4-52545421474.shopifypreview.com/products/silhouette-leggings-f14194
non-footwear,type:Sports Bra(default-non-foot),Sports Bra,blackout-bralette-f11207,PASS,suppressed,,false,,,,,false,,none,,,,https://e4no22mu9tsutcr4-52545421474.shopifypreview.com/products/blackout-bralette-f11207
non-footwear,type:Leggings,Leggings,black-blend-pilates-leggings-f14318,PASS,suppressed,,false,,,,,false,,none,,,,https://e4no22mu9tsutcr4-52545421474.shopifypreview.com/products/black-blend-pilates-leggings-f14318
non-footwear,type:Leggings,Leggings,orchid-pilates-leggings-f14306,PASS,suppressed,,false,,,,,false,,none,,,,https://e4no22mu9tsutcr4-52545421474.shopifypreview.com/products/orchid-pilates-leggings-f14306
non-footwear,type:Sports Bra(default-non-foot),Sports Bra,mighty-force-crop-top-f14305,PASS,suppressed,,false,,,,,false,,none,,,,https://e4no22mu9tsutcr4-52545421474.shopifypreview.com/products/mighty-force-crop-top-f14305
non-footwear,type:Sports Bra(default-non-foot),Sports Bra,powerhouse-bralette-f14168,PASS,suppressed,,false,,,,,false,,none,,,,https://e4no22mu9tsutcr4-52545421474.shopifypreview.com/products/powerhouse-bralette-f14168
non-footwear,type:Leggings,Leggings,reversible-fitness-leggings-f13626,PASS,suppressed,,false,,,,,false,,none,,,,https://e4no22mu9tsutcr4-52545421474.shopifypreview.com/products/reversible-fitness-leggings-f13626
non-footwear,type:Leggings,Leggings,immersive-training-leggings-f13585,PASS,suppressed,,false,,,,,false,,none,,,,https://e4no22mu9tsutcr4-52545421474.shopifypreview.com/products/immersive-training-leggings-f13585
non-footwear,type:Sports Bra(default-non-foot),Sports Bra,spiderweb-bralette-f13559,PASS,suppressed,,false,,,,,false,,none,,,,https://e4no22mu9tsutcr4-52545421474.shopifypreview.com/products/spiderweb-bralette-f13559
non-footwear,type:Sports Bra(default-non-foot),Sports Bra,thunder-bralette-f13543,PASS,suppressed,,false,,,,,false,,none,,,,https://e4no22mu9tsutcr4-52545421474.shopifypreview.com/products/thunder-bralette-f13543
non-footwear,type:Leggings,Leggings,checkmate-fitness-leggings-f13607,PASS,suppressed,,false,,,,,false,,none,,,,https://e4no22mu9tsutcr4-52545421474.shopifypreview.com/products/checkmate-fitness-leggings-f13607
non-footwear,type:Sports Bra(default-non-foot),Sports Bra,stella-bralette-f13520,PASS,suppressed,,false,,,,,false,,none,,,,https://e4no22mu9tsutcr4-52545421474.shopifypreview.com/products/stella-bralette-f13520
non-footwear,type:Shirts & Tops,Shirts & Tops,mens-tank-top-f13661,PASS,suppressed,,false,,,,,false,,none,,,,https://e4no22mu9tsutcr4-52545421474.shopifypreview.com/products/mens-tank-top-f13661
non-footwear,type:Shirts & Tops,Shirts & Tops,mens-tank-top-f13659,PASS,suppressed,,false,,,,,,,,,,,https://e4no22mu9tsutcr4-52545421474.shopifypreview.com/products/mens-tank-top-f13659
non-footwear,type:Shirts & Tops,Shirts & Tops,mens-racerback-top-f13624,PASS,suppressed,,false,,,,,,,,,,,https://e4no22mu9tsutcr4-52545421474.shopifypreview.com/products/mens-racerback-top-f13624
non-footwear,type:Leotards & Unitards(default-non-foot),Leotards & Unitards,laney-cotton-d3170,PASS,suppressed,,false,,,,,false,,none,,,,https://e4no22mu9tsutcr4-52545421474.shopifypreview.com/products/laney-cotton-d3170
non-footwear,type:Shorts,Shorts,jueny-kids-shorts-d3674,PASS,suppressed,,false,,,,,false,,none,,,,https://e4no22mu9tsutcr4-52545421474.shopifypreview.com/products/jueny-kids-shorts-d3674
non-footwear,type:Shorts,Shorts,be-you-maya-kids-shorts-l2551,PASS,suppressed,,false,,,,,false,,none,,,,https://e4no22mu9tsutcr4-52545421474.shopifypreview.com/products/be-you-maya-kids-shorts-l2551
non-footwear,type:Shirts & Tops,Shirts & Tops,be-you-maya-kid-s-top-l2549,PASS,suppressed,,false,,,,,false,,none,,,,https://e4no22mu9tsutcr4-52545421474.shopifypreview.com/products/be-you-maya-kid-s-top-l2549
non-footwear,type:Pants(default-non-foot),Pants,desi-capri-leggings-d4671,PASS,suppressed,,false,,,,,false,,none,,,,https://e4no22mu9tsutcr4-52545421474.shopifypreview.com/products/desi-capri-leggings-d4671
non-footwear,type:Shorts,Shorts,genie-shorts-d4085,PASS,suppressed,,false,,,,,false,,none,,,,https://e4no22mu9tsutcr4-52545421474.shopifypreview.com/products/genie-shorts-d4085
non-footwear,type:Pants(default-non-foot),Pants,juicy-capri-leggings-d375,PASS,suppressed,,false,,,,,false,,none,,,,https://e4no22mu9tsutcr4-52545421474.shopifypreview.com/products/juicy-capri-leggings-d375
non-footwear,type:Leotards & Unitards(default-non-foot),Leotards & Unitards,lindy-d355,PASS,suppressed,,false,,,,,false,,none,,,,https://e4no22mu9tsutcr4-52545421474.shopifypreview.com/products/lindy-d355
non-footwear,type:Leotards & Unitards(default-non-foot),Leotards & Unitards,fawn-d242,PASS,suppressed,,false,,,,,false,,none,,,,https://e4no22mu9tsutcr4-52545421474.shopifypreview.com/products/fawn-d242
non-footwear,type:Leotards & Unitards(default-non-foot),Leotards & Unitards,lori-d252,PASS,suppressed,,false,,,,,false,,none,,,,https://e4no22mu9tsutcr4-52545421474.shopifypreview.com/products/lori-d252
non-footwear,type:Leotards & Unitards(default-non-foot),Leotards & Unitards,irina-d210,PASS,suppressed,,false,,,,,false,,none,,,,https://e4no22mu9tsutcr4-52545421474.shopifypreview.com/products/irina-d210
non-footwear,type:Leotards & Unitards(default-non-foot),Leotards & Unitards,joslina-d193,PASS,suppressed,,false,,,,,false,,none,,,,https://e4no22mu9tsutcr4-52545421474.shopifypreview.com/products/joslina-d193
non-footwear,type:Leotards & Unitards(default-non-foot),Leotards & Unitards,sloane-slo23,PASS,suppressed,,false,,,,,false,,none,,,,https://e4no22mu9tsutcr4-52545421474.shopifypreview.com/products/sloane-slo23
non-footwear,type:Shirts & Tops,Shirts & Tops,be-you-julia-top-rde2083,PASS,suppressed,,false,,,,,false,,none,,,,https://e4no22mu9tsutcr4-52545421474.shopifypreview.com/products/be-you-julia-top-rde2083
non-footwear,type:Skirts(default-non-foot),Skirts,colettes-pull-on-skirt-l2127,PASS,suppressed,,false,,,,,false,,none,,,,https://e4no22mu9tsutcr4-52545421474.shopifypreview.com/products/colettes-pull-on-skirt-l2127
non-footwear,type:Leggings,Leggings,be-you-zephyr-leggings-rde2310,PASS,suppressed,,false,,,,,false,,none,,,,https://e4no22mu9tsutcr4-52545421474.shopifypreview.com/products/be-you-zephyr-leggings-rde2310
non-footwear,type:Shorts,Shorts,be-you-aerial-shorts-rde2332,PASS,suppressed,,false,,,,,false,,none,,,,https://e4no22mu9tsutcr4-52545421474.shopifypreview.com/products/be-you-aerial-shorts-rde2332
non-footwear,type:Skirts(default-non-foot),Skirts,amelie-kids-pull-on-skirt-l2131,PASS,suppressed,,false,,,,,false,,none,,,,https://e4no22mu9tsutcr4-52545421474.shopifypreview.com/products/amelie-kids-pull-on-skirt-l2131
non-footwear,type:Leotards & Unitards(default-non-foot),Leotards & Unitards,amelie-l2129,PASS,suppressed,,false,,,,,false,,none,,,,https://e4no22mu9tsutcr4-52545421474.shopifypreview.com/products/amelie-l2129
non-footwear,type:Leotards & Unitards(default-non-foot),Leotards & Unitards,sunset-streak-l2141,PASS,suppressed,,false,,,,,false,,none,,,,https://e4no22mu9tsutcr4-52545421474.shopifypreview.com/products/sunset-streak-l2141
non-footwear,type:Shorts,Shorts,fancy-free-shorts-tp39,PASS,suppressed,,false,,,,,,,,,,,https://e4no22mu9tsutcr4-52545421474.shopifypreview.com/products/fancy-free-shorts-tp39
non-footwear,type:Leggings,Leggings,be-you-bendy-leggings-rde2224,PASS,suppressed,,false,,,,,false,,none,,,,https://e4no22mu9tsutcr4-52545421474.shopifypreview.com/products/be-you-bendy-leggings-rde2224
non-footwear,type:Leotards & Unitards(default-non-foot),Leotards & Unitards,tara-tp112,PASS,suppressed,,false,,,,,false,,none,,,,https://e4no22mu9tsutcr4-52545421474.shopifypreview.com/products/tara-tp112
non-footwear,type:Shirts & Tops,Shirts & Tops,be-you-brisa-top-by18,PASS,suppressed,,false,,,,,false,,none,,,,https://e4no22mu9tsutcr4-52545421474.shopifypreview.com/products/be-you-brisa-top-by18
non-footwear,type:Leotards & Unitards(default-non-foot),Leotards & Unitards,misty-tp110,PASS,suppressed,,false,,,,,false,,none,,,,https://e4no22mu9tsutcr4-52545421474.shopifypreview.com/products/misty-tp110
non-footwear,type:Shirts & Tops,Shirts & Tops,jewels-top-tp48,PASS,suppressed,,false,,,,,false,,none,,,,https://e4no22mu9tsutcr4-52545421474.shopifypreview.com/products/jewels-top-tp48
non-footwear,type:Leggings,Leggings,be-you-prismatica-leggings-rde1862,PASS,suppressed,,false,,,,,false,,none,,,,https://e4no22mu9tsutcr4-52545421474.shopifypreview.com/products/be-you-prismatica-leggings-rde1862
non-footwear,type:Leggings,Leggings,be-you-vortex-leggings-rde1819,PASS,suppressed,,false,,,,,false,,none,,,,https://e4no22mu9tsutcr4-52545421474.shopifypreview.com/products/be-you-vortex-leggings-rde1819
non-footwear,type:Shirts & Tops,Shirts & Tops,be-you-arabesque-kids-top-l2121,PASS,suppressed,,false,,,,,false,,none,,,,https://e4no22mu9tsutcr4-52545421474.shopifypreview.com/products/be-you-arabesque-kids-top-l2121
non-footwear,type:Shirts & Tops,Shirts & Tops,be-you-aurelia-kids-top-l2119,PASS,suppressed,,false,,,,,false,,none,,,,https://e4no22mu9tsutcr4-52545421474.shopifypreview.com/products/be-you-aurelia-kids-top-l2119
non-footwear,type:Leggings,Leggings,livia-kids-leggings-l2115,PASS,suppressed,,false,,,,,false,,none,,,,https://e4no22mu9tsutcr4-52545421474.shopifypreview.com/products/livia-kids-leggings-l2115
non-footwear,type:Skirts(default-non-foot),Skirts,be-you-playtime-pastels-pull-on-skirt-l2093,PASS,suppressed,,false,,,,,false,,none,,,,https://e4no22mu9tsutcr4-52545421474.shopifypreview.com/products/be-you-playtime-pastels-pull-on-skirt-l2093
non-footwear,type:Leotards & Unitards(default-non-foot),Leotards & Unitards,be-you-doodle-daydream-l2095,PASS,suppressed,,false,,,,,false,,none,,,,https://e4no22mu9tsutcr4-52545421474.shopifypreview.com/products/be-you-doodle-daydream-l2095
non-footwear,type:Leotards & Unitards(default-non-foot),Leotards & Unitards,be-you-lunaspark-l2097,PASS,suppressed,,false,,,,,false,,none,,,,https://e4no22mu9tsutcr4-52545421474.shopifypreview.com/products/be-you-lunaspark-l2097
non-footwear,type:Shorts,Shorts,be-you-nova-kids-shorts-l2109,PASS,suppressed,,false,,,,,false,,none,,,,https://e4no22mu9tsutcr4-52545421474.shopifypreview.com/products/be-you-nova-kids-shorts-l2109
non-footwear,type:Shirts & Tops,Shirts & Tops,be-you-nova-kid-s-top-l2105,PASS,suppressed,,false,,,,,false,,none,,,,https://e4no22mu9tsutcr4-52545421474.shopifypreview.com/products/be-you-nova-kid-s-top-l2105
non-footwear,type:Leotards & Unitards(default-non-foot),Leotards & Unitards,tschai-pas-tp33,PASS,suppressed,,false,,,,,false,,none,,,,https://e4no22mu9tsutcr4-52545421474.shopifypreview.com/products/tschai-pas-tp33
non-footwear,type:Shirts & Tops,Shirts & Tops,fancy-free-top-tp38,PASS,suppressed,,false,,,,,false,,none,,,,https://e4no22mu9tsutcr4-52545421474.shopifypreview.com/products/fancy-free-top-tp38
non-footwear,type:Pants(default-non-foot),Pants,be-you-samantha-pants-by16,PASS,suppressed,,false,,,,,false,,none,,,,https://e4no22mu9tsutcr4-52545421474.shopifypreview.com/products/be-you-samantha-pants-by16
non-footwear,type:Leotards & Unitards(default-non-foot),Leotards & Unitards,be-you-bia-l2137,PASS,suppressed,,false,,,,,false,,none,,,,https://e4no22mu9tsutcr4-52545421474.shopifypreview.com/products/be-you-bia-l2137
non-footwear,type:Pants(default-non-foot),Pants,be-you-esther-pants-by15,PASS,suppressed,,false,,,,,false,,none,,,,https://e4no22mu9tsutcr4-52545421474.shopifypreview.com/products/be-you-esther-pants-by15
non-footwear,type:Skirts(default-non-foot),Skirts,poppy-skirt-rde2398,PASS,suppressed,,false,,,,,false,,none,,,,https://e4no22mu9tsutcr4-52545421474.shopifypreview.com/products/poppy-skirt-rde2398
non-footwear,type:Shirts & Tops,Shirts & Tops,julia-tank-top-rde1752,PASS,suppressed,,false,,,,,false,,none,,,,https://e4no22mu9tsutcr4-52545421474.shopifypreview.com/products/julia-tank-top-rde1752
non-footwear,type:Shirts & Tops,Shirts & Tops,jess-kids-top-l2103,PASS,suppressed,,false,,,,,false,,none,,,,https://e4no22mu9tsutcr4-52545421474.shopifypreview.com/products/jess-kids-top-l2103
non-footwear,type:Shirts & Tops,Shirts & Tops,be-you-beatriz-kid-s-top-l2099,PASS,suppressed,,false,,,,,false,,none,,,,https://e4no22mu9tsutcr4-52545421474.shopifypreview.com/products/be-you-beatriz-kid-s-top-l2099
non-footwear,type:Leotards & Unitards(default-non-foot),Leotards & Unitards,be-you-sofia-l2089,PASS,suppressed,,false,,,,,false,,none,,,,https://e4no22mu9tsutcr4-52545421474.shopifypreview.com/products/be-you-sofia-l2089
non-footwear,type:Leotards & Unitards(default-non-foot),Leotards & Unitards,mokina-cotton-d6096,PASS,suppressed,,false,,,,,false,,none,,,,https://e4no22mu9tsutcr4-52545421474.shopifypreview.com/products/mokina-cotton-d6096
non-footwear,type:Leotards & Unitards(default-non-foot),Leotards & Unitards,be-you-dandara-l2061,PASS,suppressed,,false,,,,,false,,none,,,,https://e4no22mu9tsutcr4-52545421474.shopifypreview.com/products/be-you-dandara-l2061
non-footwear,type:Leggings,Leggings,danica-kids-leggings-l2067,PASS,suppressed,,false,,,,,,,,,,,https://e4no22mu9tsutcr4-52545421474.shopifypreview.com/products/danica-kids-leggings-l2067
non-footwear,type:Shirts & Tops,Shirts & Tops,be-you-pia-top-rde2690,PASS,suppressed,,false,,,,,false,,none,,,,https://e4no22mu9tsutcr4-52545421474.shopifypreview.com/products/be-you-pia-top-rde2690
non-footwear,type:Leotards & Unitards(default-non-foot),Leotards & Unitards,veiluxe-body-liner-rde8099,PASS,suppressed,,false,,,,,false,,none,,,,https://e4no22mu9tsutcr4-52545421474.shopifypreview.com/products/veiluxe-body-liner-rde8099
non-footwear,type:Leggings,Leggings,be-you-rita-leggings-rde2770,PASS,suppressed,,false,,,,,,,,,,,https://e4no22mu9tsutcr4-52545421474.shopifypreview.com/products/be-you-rita-leggings-rde2770
non-footwear,type:Shirts & Tops,Shirts & Tops,be-you-rita-top-rde2768,PASS,suppressed,,false,,,,,,,,,,,https://e4no22mu9tsutcr4-52545421474.shopifypreview.com/products/be-you-rita-top-rde2768
non-footwear,type:Leotards & Unitards(default-non-foot),Leotards & Unitards,be-you-rita-rde2758,PASS,suppressed,,false,,,,,false,,none,,,,https://e4no22mu9tsutcr4-52545421474.shopifypreview.com/products/be-you-rita-rde2758
non-footwear,type:Leotards & Unitards(default-non-foot),Leotards & Unitards,be-you-karina-rde2756,PASS,suppressed,,false,,,,,false,,none,,,,https://e4no22mu9tsutcr4-52545421474.shopifypreview.com/products/be-you-karina-rde2756
non-footwear,type:Shirts & Tops,Shirts & Tops,be-you-mayan-top-rde2732,PASS,suppressed,,false,,,,,false,,none,,,,https://e4no22mu9tsutcr4-52545421474.shopifypreview.com/products/be-you-mayan-top-rde2732
non-footwear,type:Leotards & Unitards(default-non-foot),Leotards & Unitards,be-you-naiara-rde2738,PASS,suppressed,,false,,,,,false,,none,,,,https://e4no22mu9tsutcr4-52545421474.shopifypreview.com/products/be-you-naiara-rde2738
non-footwear,type:Shorts,Shorts,be-you-maya-shorts-rde2550,PASS,suppressed,,false,,,,,false,,none,,,,https://e4no22mu9tsutcr4-52545421474.shopifypreview.com/products/be-you-maya-shorts-rde2550
non-footwear,type:Shirts & Tops,Shirts & Tops,be-you-maya-top-rde2548,PASS,suppressed,,false,,,,,false,,none,,,,https://e4no22mu9tsutcr4-52545421474.shopifypreview.com/products/be-you-maya-top-rde2548
non-footwear,type:Skort(default-non-foot),Skort,brise-kids-skort-tp157c,PASS,suppressed,,false,,,,,false,,none,,,,https://e4no22mu9tsutcr4-52545421474.shopifypreview.com/products/brise-kids-skort-tp157c
non-footwear,type:Shirts & Tops,Shirts & Tops,brise-kids-top-tp156c,PASS,suppressed,,false,,,,,false,,none,,,,https://e4no22mu9tsutcr4-52545421474.shopifypreview.com/products/brise-kids-top-tp156c
non-footwear,type:Shorts,Shorts,ariel-shorts-d3085,PASS,suppressed,,false,,,,,false,,none,,,,https://e4no22mu9tsutcr4-52545421474.shopifypreview.com/products/ariel-shorts-d3085
non-footwear,type:Leotards & Unitards(default-non-foot),Leotards & Unitards,striata-l1921,PASS,suppressed,,false,,,,,false,,none,,,,https://e4no22mu9tsutcr4-52545421474.shopifypreview.com/products/striata-l1921
non-footwear,type:Leggings,Leggings,brise-leggings-tp158,PASS,suppressed,,false,,,,,false,,none,,,,https://e4no22mu9tsutcr4-52545421474.shopifypreview.com/products/brise-leggings-tp158
non-footwear,type:Shirts & Tops,Shirts & Tops,be-you-harmony-kids-top-l2685,PASS,suppressed,,false,,,,,,,,,,,https://e4no22mu9tsutcr4-52545421474.shopifypreview.com/products/be-you-harmony-kids-top-l2685
non-footwear,type:Shirts & Tops,Shirts & Tops,rex-tank-top-rde2504-men,PASS,suppressed,,false,,,,,false,,none,,,,https://e4no22mu9tsutcr4-52545421474.shopifypreview.com/products/rex-tank-top-rde2504-men
non-footwear,type:Ballet Accessories,Ballet Accessories,removeable-alina-pointe-shoe-shanks-als-shank,PASS,suppressed,,false,,,,,false,,none,,,,https://e4no22mu9tsutcr4-52545421474.shopifypreview.com/products/removeable-alina-pointe-shoe-shanks-als-shank
non-footwear,type:Sports Bra(default-non-foot),Sports Bra,flow-sports-bra-f15126,PASS,suppressed,,false,,,,,false,,none,,,,https://e4no22mu9tsutcr4-52545421474.shopifypreview.com/products/flow-sports-bra-f15126
non-footwear,type:Sports Bra(default-non-foot),Sports Bra,synergy-sports-bra-f15182,PASS,suppressed,,false,,,,,false,,none,,,,https://e4no22mu9tsutcr4-52545421474.shopifypreview.com/products/synergy-sports-bra-f15182
non-footwear,type:Leggings,Leggings,emerge-training-legging-f13544,PASS,suppressed,,false,,,,,false,,none,,,,https://e4no22mu9tsutcr4-52545421474.shopifypreview.com/products/emerge-training-legging-f13544
non-footwear,type:Leggings,Leggings,sustain-fitness-legging-f13619,PASS,suppressed,,false,,,,,false,,none,,,,https://e4no22mu9tsutcr4-52545421474.shopifypreview.com/products/sustain-fitness-legging-f13619
non-footwear,type:Leggings,Leggings,shimmer-training-legging-f14169,PASS,suppressed,,false,,,,,false,,none,,,,https://e4no22mu9tsutcr4-52545421474.shopifypreview.com/products/shimmer-training-legging-f14169
non-footwear,type:Shirts & Tops,Shirts & Tops,mens-shirt-f13501,PASS,suppressed,,false,,,,,false,,none,,,,https://e4no22mu9tsutcr4-52545421474.shopifypreview.com/products/mens-shirt-f13501
non-footwear,type:Leggings,Leggings,be-you-pia-kid-s-leggings-l2693,PASS,suppressed,,false,,,,,false,,none,,,,https://e4no22mu9tsutcr4-52545421474.shopifypreview.com/products/be-you-pia-kid-s-leggings-l2693
non-footwear,type:Leotards & Unitards(default-non-foot),Leotards & Unitards,be-you-zephyrine-rde2712,PASS,suppressed,,false,,,,,false,,none,,,,https://e4no22mu9tsutcr4-52545421474.shopifypreview.com/products/be-you-zephyrine-rde2712
non-footwear,type:Leotards & Unitards(default-non-foot),Leotards & Unitards,be-you-rosalea-rde2704,PASS,suppressed,,false,,,,,false,,none,,,,https://e4no22mu9tsutcr4-52545421474.shopifypreview.com/products/be-you-rosalea-rde2704
non-footwear,type:Leotards & Unitards(default-non-foot),Leotards & Unitards,be-you-odette-rde2568,PASS,suppressed,,false,,,,,false,,none,,,,https://e4no22mu9tsutcr4-52545421474.shopifypreview.com/products/be-you-odette-rde2568
non-footwear,type:Shirts & Tops,Shirts & Tops,lilou-kids-top-l2665,PASS,suppressed,,false,,,,,false,,none,,,,https://e4no22mu9tsutcr4-52545421474.shopifypreview.com/products/lilou-kids-top-l2665
non-footwear,type:Shirts & Tops,Shirts & Tops,mens-long-sleeve-shirt-f13503,PASS,suppressed,,false,,,,,false,,none,,,,https://e4no22mu9tsutcr4-52545421474.shopifypreview.com/products/mens-long-sleeve-shirt-f13503
non-footwear,type:Leotards & Unitards(default-non-foot),Leotards & Unitards,be-you-riviera-rde2546,PASS,suppressed,,false,,,,,false,,none,,,,https://e4no22mu9tsutcr4-52545421474.shopifypreview.com/products/be-you-riviera-rde2546
non-footwear,type:Leotards & Unitards(default-non-foot),Leotards & Unitards,be-you-shailene-rde2714,PASS,suppressed,,false,,,,,false,,none,,,,https://e4no22mu9tsutcr4-52545421474.shopifypreview.com/products/be-you-shailene-rde2714
non-footwear,type:Leotards & Unitards(default-non-foot),Leotards & Unitards,be-you-vittoria-rde2696,PASS,suppressed,,false,,,,,false,,none,,,,https://e4no22mu9tsutcr4-52545421474.shopifypreview.com/products/be-you-vittoria-rde2696
non-footwear,type:Leotards & Unitards(default-non-foot),Leotards & Unitards,be-you-alessandra-rde2686,PASS,suppressed,,false,,,,,false,,none,,,,https://e4no22mu9tsutcr4-52545421474.shopifypreview.com/products/be-you-alessandra-rde2686
non-footwear,type:Leggings,Leggings,be-you-lilou-kids-leggings-l2667,PASS,suppressed,,false,,,,,false,,none,,,,https://e4no22mu9tsutcr4-52545421474.shopifypreview.com/products/be-you-lilou-kids-leggings-l2667
non-footwear,type:Shirts & Tops,Shirts & Tops,be-you-margarida-top-rde2626,PASS,suppressed,,false,,,,,false,,none,,,,https://e4no22mu9tsutcr4-52545421474.shopifypreview.com/products/be-you-margarida-top-rde2626
non-footwear,type:Shirts & Tops,Shirts & Tops,india-top-tp132,PASS,suppressed,,false,,,,,false,,none,,,,https://e4no22mu9tsutcr4-52545421474.shopifypreview.com/products/india-top-tp132
non-footwear,type:Leotards & Unitards(default-non-foot),Leotards & Unitards,ecarte-tp148,PASS,suppressed,,false,,,,,false,,none,,,,https://e4no22mu9tsutcr4-52545421474.shopifypreview.com/products/ecarte-tp148
non-footwear,type:Leotards & Unitards(default-non-foot),Leotards & Unitards,isabella-tp122,PASS,suppressed,,false,,,,,false,,none,,,,https://e4no22mu9tsutcr4-52545421474.shopifypreview.com/products/isabella-tp122
non-footwear,type:Leotards & Unitards(default-non-foot),Leotards & Unitards,sterling-tp118,PASS,suppressed,,false,,,,,false,,none,,,,https://e4no22mu9tsutcr4-52545421474.shopifypreview.com/products/sterling-tp118
non-footwear,type:Shirts & Tops,Shirts & Tops,be-you-cinzia-top-rde2574,PASS,suppressed,,false,,,,,false,,none,,,,https://e4no22mu9tsutcr4-52545421474.shopifypreview.com/products/be-you-cinzia-top-rde2574
non-footwear,type:Jumpsuits & Rompers(default-non-foot),Jumpsuits & Rompers,be-you-khaleesi-romper-rde2472,PASS,suppressed,,false,,,,,false,,none,,,,https://e4no22mu9tsutcr4-52545421474.shopifypreview.com/products/be-you-khaleesi-romper-rde2472
non-footwear,type:Shirts & Tops,Shirts & Tops,be-you-elin-top-rde2470,PASS,suppressed,,false,,,,,false,,none,,,,https://e4no22mu9tsutcr4-52545421474.shopifypreview.com/products/be-you-elin-top-rde2470
non-footwear,type:Shorts,Shorts,be-you-ben-shorts-rde2726-men,PASS,suppressed,,false,,,,,false,,none,,,,https://e4no22mu9tsutcr4-52545421474.shopifypreview.com/products/be-you-ben-shorts-rde2726-men
non-footwear,type:Leotards & Unitards(default-non-foot),Leotards & Unitards,be-you-fleurine-rde2602,PASS,suppressed,,false,,,,,false,,none,,,,https://e4no22mu9tsutcr4-52545421474.shopifypreview.com/products/be-you-fleurine-rde2602
non-footwear,type:Leotards & Unitards(default-non-foot),Leotards & Unitards,be-you-evangeline-rde2600,PASS,suppressed,,false,,,,,false,,none,,,,https://e4no22mu9tsutcr4-52545421474.shopifypreview.com/products/be-you-evangeline-rde2600
non-footwear,type:Shirts & Tops,Shirts & Tops,frank-tank-top-d300-men,PASS,suppressed,,false,,,,,false,,none,,,,https://e4no22mu9tsutcr4-52545421474.shopifypreview.com/products/frank-tank-top-d300-men
non-footwear,type:Jumpsuits & Rompers(default-non-foot),Jumpsuits & Rompers,sansia-dress-rde2682,PASS,suppressed,,false,,,,,false,,none,,,,https://e4no22mu9tsutcr4-52545421474.shopifypreview.com/products/sansia-dress-rde2682
non-footwear,type:Leggings,Leggings,be-you-pia-leggings-rde2692,PASS,suppressed,,false,,,,,false,,none,,,,https://e4no22mu9tsutcr4-52545421474.shopifypreview.com/products/be-you-pia-leggings-rde2692
non-footwear,type:Leotards & Unitards(default-non-foot),Leotards & Unitards,be-you-ariadne-rde2716,PASS,suppressed,,false,,,,,false,,none,,,,https://e4no22mu9tsutcr4-52545421474.shopifypreview.com/products/be-you-ariadne-rde2716
non-footwear,title-exclude:Legging,Pants,lilou-leggings-rde2666,PASS,suppressed,,false,,,,,false,,none,,,,https://e4no22mu9tsutcr4-52545421474.shopifypreview.com/products/lilou-leggings-rde2666
non-footwear,type:Shirts & Tops,Shirts & Tops,lilou-top-rde2664,PASS,suppressed,,false,,,,,false,,none,,,,https://e4no22mu9tsutcr4-52545421474.shopifypreview.com/products/lilou-top-rde2664
non-footwear,type:Shirts & Tops,Shirts & Tops,be-you-cerise-top-rde2708,PASS,suppressed,,false,,,,,false,,none,,,,https://e4no22mu9tsutcr4-52545421474.shopifypreview.com/products/be-you-cerise-top-rde2708
non-footwear,type:Shirts & Tops,Shirts & Tops,be-you-anita-top-rde2722,PASS,suppressed,,false,,,,,false,,none,,,,https://e4no22mu9tsutcr4-52545421474.shopifypreview.com/products/be-you-anita-top-rde2722
non-footwear,type:Leotards & Unitards(default-non-foot),Leotards & Unitards,be-you-leilani-rde2710,PASS,suppressed,,false,,,,,false,,none,,,,https://e4no22mu9tsutcr4-52545421474.shopifypreview.com/products/be-you-leilani-rde2710
non-footwear,type:Leotards & Unitards(default-non-foot),Leotards & Unitards,be-you-pamela-rde2740,PASS,suppressed,,false,,,,,false,,none,,,,https://e4no22mu9tsutcr4-52545421474.shopifypreview.com/products/be-you-pamela-rde2740
non-footwear,type:Skirts(default-non-foot),Skirts,cordelia-skirt-curvy-sizes-tp67,PASS,suppressed,,false,,,,,false,,none,,,,https://e4no22mu9tsutcr4-52545421474.shopifypreview.com/products/cordelia-skirt-curvy-sizes-tp67
non-footwear,type:Skirts(default-non-foot),Skirts,camille-skirt-curvy-sizes-tp66,PASS,suppressed,,false,,,,,false,,none,,,,https://e4no22mu9tsutcr4-52545421474.shopifypreview.com/products/camille-skirt-curvy-sizes-tp66
non-footwear,type:Leggings,Leggings,4-seasons-leggings-tp63,PASS,suppressed,,false,,,,,false,,none,,,,https://e4no22mu9tsutcr4-52545421474.shopifypreview.com/products/4-seasons-leggings-tp63
non-footwear,type:Shirts & Tops,Shirts & Tops,4-seasons-top-tp62,PASS,suppressed,,false,,,,,false,,none,,,,https://e4no22mu9tsutcr4-52545421474.shopifypreview.com/products/4-seasons-top-tp62
non-footwear,type:Leotards & Unitards(default-non-foot),Leotards & Unitards,pc2-tp58,PASS,suppressed,,false,,,,,false,,none,,,,https://e4no22mu9tsutcr4-52545421474.shopifypreview.com/products/pc2-tp58
non-footwear,type:Leotards & Unitards(default-non-foot),Leotards & Unitards,odette-tp60,PASS,suppressed,,false,,,,,false,,none,,,,https://e4no22mu9tsutcr4-52545421474.shopifypreview.com/products/odette-tp60
non-footwear,type:Shirts & Tops,Shirts & Tops,stripes-bandeau-tp56,PASS,suppressed,,false,,,,,false,,none,,,,https://e4no22mu9tsutcr4-52545421474.shopifypreview.com/products/stripes-bandeau-tp56
non-footwear,type:Leotards & Unitards(default-non-foot),Leotards & Unitards,kristy-d407,PASS,suppressed,,false,,,,,false,,none,,,,https://e4no22mu9tsutcr4-52545421474.shopifypreview.com/products/kristy-d407
non-footwear,type:Shirts & Tops,Shirts & Tops,stars-top-tp55,PASS,suppressed,,false,,,,,false,,none,,,,https://e4no22mu9tsutcr4-52545421474.shopifypreview.com/products/stars-top-tp55
non-footwear,type:Leotards & Unitards(default-non-foot),Leotards & Unitards,be-you-mirabella-rde2694,PASS,suppressed,,false,,,,,false,,none,,,,https://e4no22mu9tsutcr4-52545421474.shopifypreview.com/products/be-you-mirabella-rde2694
non-footwear,type:Leotards & Unitards(default-non-foot),Leotards & Unitards,be-you-selena-rde2672,PASS,suppressed,,false,,,,,false,,none,,,,https://e4no22mu9tsutcr4-52545421474.shopifypreview.com/products/be-you-selena-rde2672
non-footwear,type:Shorts,Shorts,jewels-shorts-tp64,PASS,suppressed,,false,,,,,false,,none,,,,https://e4no22mu9tsutcr4-52545421474.shopifypreview.com/products/jewels-shorts-tp64
non-footwear,type:Leotards & Unitards(default-non-foot),Leotards & Unitards,be-you-amalia-rde2642,PASS,suppressed,,false,,,,,false,,none,,,,https://e4no22mu9tsutcr4-52545421474.shopifypreview.com/products/be-you-amalia-rde2642
non-footwear,type:Leotards & Unitards(default-non-foot),Leotards & Unitards,momo-d6758,PASS,suppressed,,false,,,,,false,,none,,,,https://e4no22mu9tsutcr4-52545421474.shopifypreview.com/products/momo-d6758
non-footwear,type:Leotards & Unitards(default-non-foot),Leotards & Unitards,terry-d6165,PASS,suppressed,,false,,,,,false,,none,,,,https://e4no22mu9tsutcr4-52545421474.shopifypreview.com/products/terry-d6165
non-footwear,type:Leotards & Unitards(default-non-foot),Leotards & Unitards,be-you-giordana-rde2526,PASS,suppressed,,false,,,,,false,,none,,,,https://e4no22mu9tsutcr4-52545421474.shopifypreview.com/products/be-you-giordana-rde2526
non-footwear,type:Shirts & Tops,Shirts & Tops,laila-crop-top-rde2458,PASS,suppressed,,false,,,,,false,,none,,,,https://e4no22mu9tsutcr4-52545421474.shopifypreview.com/products/laila-crop-top-rde2458
non-footwear,type:Shorts,Shorts,laila-shorts-rde2460,PASS,suppressed,,false,,,,,false,,none,,,,https://e4no22mu9tsutcr4-52545421474.shopifypreview.com/products/laila-shorts-rde2460
non-footwear,type:Leotards & Unitards(default-non-foot),Leotards & Unitards,bianca-l2787-child,PASS,suppressed,,false,,,,,false,,none,,,,https://e4no22mu9tsutcr4-52545421474.shopifypreview.com/products/bianca-l2787-child
non-footwear,type:Skirts(default-non-foot),Skirts,be-you-naiara-skirt-rde2798,PASS,suppressed,,false,,,,,false,,none,,,,https://e4no22mu9tsutcr4-52545421474.shopifypreview.com/products/be-you-naiara-skirt-rde2798
non-footwear,type:Pants(default-non-foot),Pants,harem-pants-rde2510,PASS,suppressed,,false,,,,,false,,none,,,,https://e4no22mu9tsutcr4-52545421474.shopifypreview.com/products/harem-pants-rde2510
non-footwear,title-exclude:Short,Jumpsuits & Rompers,andrea-short-romper-rde2480,PASS,suppressed,,false,,,,,false,,none,,,,https://e4no22mu9tsutcr4-52545421474.shopifypreview.com/products/andrea-short-romper-rde2480
non-footwear,type:Leotards & Unitards(default-non-foot),Leotards & Unitards,be-you-giulia-rde2462,PASS,suppressed,,false,,,,,false,,none,,,,https://e4no22mu9tsutcr4-52545421474.shopifypreview.com/products/be-you-giulia-rde2462
non-footwear,type:Leotards & Unitards(default-non-foot),Leotards & Unitards,meline-rde2416,PASS,suppressed,,false,,,,,false,,none,,,,https://e4no22mu9tsutcr4-52545421474.shopifypreview.com/products/meline-rde2416
non-footwear,type:Shirts & Tops,Shirts & Tops,brise-top-tp156,PASS,suppressed,,false,,,,,false,,none,,,,https://e4no22mu9tsutcr4-52545421474.shopifypreview.com/products/brise-top-tp156
non-footwear,type:Skort(default-non-foot),Skort,brise-skort-tp157,PASS,suppressed,,false,,,,,false,,none,,,,https://e4no22mu9tsutcr4-52545421474.shopifypreview.com/products/brise-skort-tp157
non-footwear,title-exclude:Duffel,Luggage & Bags,duffel-bag-bp05,PASS,suppressed,,false,,,,,true,bag,excluded,,,,https://e4no22mu9tsutcr4-52545421474.shopifypreview.com/products/duffel-bag-bp05
non-footwear,type:Leg Warmers(default-non-foot),Leg Warmers,lacey-e8778,PASS,suppressed,,false,,,,,false,,none,,,,https://e4no22mu9tsutcr4-52545421474.shopifypreview.com/products/lacey-e8778
non-footwear,type:Pants(default-non-foot),Pants,studio-pants-sp01,PASS,suppressed,,false,,,,,false,,none,,,,https://e4no22mu9tsutcr4-52545421474.shopifypreview.com/products/studio-pants-sp01
non-footwear,type-exclude:Backpack,Backpacks,mini-black-backpack-bg604,PASS,suppressed,,false,,,,,true,backpack,excluded,,,,https://e4no22mu9tsutcr4-52545421474.shopifypreview.com/products/mini-black-backpack-bg604
non-footwear,type-exclude:Wallet,"Handbags, Wallets & Cases",ballet-handbag-bg718,PASS,suppressed,,false,,,,,true,bag,excluded,,,,https://e4no22mu9tsutcr4-52545421474.shopifypreview.com/products/ballet-handbag-bg718
non-footwear,type-exclude:Wallet,"Handbags, Wallets & Cases",ballet-backpack-bg717,PASS,suppressed,,false,,,,,true,backpack,excluded,,,,https://e4no22mu9tsutcr4-52545421474.shopifypreview.com/products/ballet-backpack-bg717
non-footwear,type:Leotards & Unitards(default-non-foot),Leotards & Unitards,penny-d400,PASS,suppressed,,false,,,,,false,,none,,,,https://e4no22mu9tsutcr4-52545421474.shopifypreview.com/products/penny-d400
non-footwear,type:Leotards & Unitards(default-non-foot),Leotards & Unitards,kenley-d398,PASS,suppressed,,false,,,,,false,,none,,,,https://e4no22mu9tsutcr4-52545421474.shopifypreview.com/products/kenley-d398
non-footwear,type:Legging,Legging,angel-kids-capri-d3671,PASS,suppressed,,false,,,,,false,,none,,,,https://e4no22mu9tsutcr4-52545421474.shopifypreview.com/products/angel-kids-capri-d3671
non-footwear,title-exclude:Legging,Pants,krafty-leggings-rde2066,PASS,suppressed,,false,,,,,false,,none,,,,https://e4no22mu9tsutcr4-52545421474.shopifypreview.com/products/krafty-leggings-rde2066
non-footwear,type:Leggings,Leggings,elevate-training-legging-f15153,PASS,suppressed,,false,,,,,false,,none,,,,https://e4no22mu9tsutcr4-52545421474.shopifypreview.com/products/elevate-training-legging-f15153
non-footwear,type:Shorts,Shorts,coraly-blue-jeans-shorts-jeggings-rde1673,PASS,suppressed,,false,,,,,false,,none,,,,https://e4no22mu9tsutcr4-52545421474.shopifypreview.com/products/coraly-blue-jeans-shorts-jeggings-rde1673
non-footwear,type:Sports Bra(default-non-foot),Sports Bra,vitality-sports-bra-f15118,PASS,suppressed,,false,,,,,false,,none,,,,https://e4no22mu9tsutcr4-52545421474.shopifypreview.com/products/vitality-sports-bra-f15118
non-footwear,type:Shorts,Shorts,empower-training-short-f15147,PASS,suppressed,,false,,,,,false,,none,,,,https://e4no22mu9tsutcr4-52545421474.shopifypreview.com/products/empower-training-short-f15147
non-footwear,type:Sports Bra(default-non-foot),Sports Bra,elevate-sports-bra-f15152,PASS,suppressed,,false,,,,,false,,none,,,,https://e4no22mu9tsutcr4-52545421474.shopifypreview.com/products/elevate-sports-bra-f15152
non-footwear,type:Sports Bra(default-non-foot),Sports Bra,flex-sports-bra-f15102,PASS,suppressed,,false,,,,,false,,none,,,,https://e4no22mu9tsutcr4-52545421474.shopifypreview.com/products/flex-sports-bra-f15102
non-footwear,type:Skirts(default-non-foot),Skirts,paso-doble-skirt-b1788,PASS,suppressed,,false,,,,,false,,none,,,,https://e4no22mu9tsutcr4-52545421474.shopifypreview.com/products/paso-doble-skirt-b1788
non-footwear,type:Skirts(default-non-foot),Skirts,foxtrot-skirt-d391,PASS,suppressed,,false,,,,,false,,none,,,,https://e4no22mu9tsutcr4-52545421474.shopifypreview.com/products/foxtrot-skirt-d391
non-footwear,type:Leotards & Unitards(default-non-foot),Leotards & Unitards,julie-v7096,PASS,suppressed,,false,,,,,,,,,,,https://e4no22mu9tsutcr4-52545421474.shopifypreview.com/products/julie-v7096
non-footwear,type:Shirts & Tops,Shirts & Tops,stacey-bralette-es13666,PASS,suppressed,,false,,,,,,,,,,,https://e4no22mu9tsutcr4-52545421474.shopifypreview.com/products/stacey-bralette-es13666
non-footwear,type:Leotards & Unitards(default-non-foot),Leotards & Unitards,allie-d253,PASS,suppressed,,false,,,,,false,,none,,,,https://e4no22mu9tsutcr4-52545421474.shopifypreview.com/products/allie-d253
non-footwear,type:Leotards & Unitards(default-non-foot),Leotards & Unitards,aggie-d358,PASS,suppressed,,false,,,,,false,,none,,,,https://e4no22mu9tsutcr4-52545421474.shopifypreview.com/products/aggie-d358
non-footwear,type:Shorts,Shorts,alice-shorts-d4503,PASS,suppressed,,false,,,,,false,,none,,,,https://e4no22mu9tsutcr4-52545421474.shopifypreview.com/products/alice-shorts-d4503
non-footwear,type:Leotards & Unitards(default-non-foot),Leotards & Unitards,anna-d1991,PASS,suppressed,,false,,,,,false,,none,,,,https://e4no22mu9tsutcr4-52545421474.shopifypreview.com/products/anna-d1991
non-footwear,type:Leotards & Unitards(default-non-foot),Leotards & Unitards,lili-d250,PASS,suppressed,,false,,,,,false,,none,,,,https://e4no22mu9tsutcr4-52545421474.shopifypreview.com/products/lili-d250
non-footwear,type:Shirts & Tops,Shirts & Tops,derick-d376,PASS,suppressed,,false,,,,,false,,none,,,,https://e4no22mu9tsutcr4-52545421474.shopifypreview.com/products/derick-d376
non-footwear,type:Jumpsuits & Rompers(default-non-foot),Jumpsuits & Rompers,tabatha-warmup-romper-rde2238,PASS,suppressed,,false,,,,,false,,none,,,,https://e4no22mu9tsutcr4-52545421474.shopifypreview.com/products/tabatha-warmup-romper-rde2238
non-footwear,type:Sports Bra(default-non-foot),Sports Bra,cami-bralette-rde1756,PASS,suppressed,,false,,,,,false,,none,,,,https://e4no22mu9tsutcr4-52545421474.shopifypreview.com/products/cami-bralette-rde1756
non-footwear,type:Pants(default-non-foot),Pants,cory-kids-blue-jeggings-rde1664,PASS,suppressed,,false,,,,,false,,none,,,,https://e4no22mu9tsutcr4-52545421474.shopifypreview.com/products/cory-kids-blue-jeggings-rde1664
non-footwear,type:Shorts,Shorts,georginna-d4674,PASS,suppressed,,false,,,,,false,,none,,,,https://e4no22mu9tsutcr4-52545421474.shopifypreview.com/products/georginna-d4674
non-footwear,type:Coats & Jackets(default-non-foot),Coats & Jackets,harmony-vest-f14342,ERROR,page.goto: net::ERR_NAME_NOT_RESOLVED at https://e4no22mu9tsutcr4-52545421474.shopifypreview.com/products/harmony-vest-f14342?realift-debug-,,,,,,,,,,,,,https://e4no22mu9tsutcr4-52545421474.shopifypreview.com/products/harmony-vest-f14342
non-footwear,type:Leggings,Leggings,promote-training-legging-f15178,ERROR,page.goto: net::ERR_NAME_NOT_RESOLVED at https://e4no22mu9tsutcr4-52545421474.shopifypreview.com/products/promote-training-legging-f15178?re,,,,,,,,,,,,,https://e4no22mu9tsutcr4-52545421474.shopifypreview.com/products/promote-training-legging-f15178
non-footwear,type:Sports Bra(default-non-foot),Sports Bra,illuminate-sports-bra-f15166,ERROR,page.goto: net::ERR_NAME_NOT_RESOLVED at https://e4no22mu9tsutcr4-52545421474.shopifypreview.com/products/illuminate-sports-bra-f15166?reali,,,,,,,,,,,,,https://e4no22mu9tsutcr4-52545421474.shopifypreview.com/products/illuminate-sports-bra-f15166
non-footwear,type:Shirts & Tops,Shirts & Tops,be-you-callie-rde2622,ERROR,page.goto: net::ERR_NAME_NOT_RESOLVED at https://e4no22mu9tsutcr4-52545421474.shopifypreview.com/products/be-you-callie-rde2622?realift-debu,,,,,,,,,,,,,https://e4no22mu9tsutcr4-52545421474.shopifypreview.com/products/be-you-callie-rde2622
non-footwear,type:Skirts(default-non-foot),Skirts,lupi-rde2218,ERROR,page.goto: net::ERR_NAME_NOT_RESOLVED at https://e4no22mu9tsutcr4-52545421474.shopifypreview.com/products/lupi-rde2218?realift-debug-console,,,,,,,,,,,,,https://e4no22mu9tsutcr4-52545421474.shopifypreview.com/products/lupi-rde2218
non-footwear,type:Leotards & Unitards(default-non-foot),Leotards & Unitards,maggie-lo04,ERROR,page.goto: net::ERR_NAME_NOT_RESOLVED at https://e4no22mu9tsutcr4-52545421474.shopifypreview.com/products/maggie-lo04?realift-debug-console=,,,,,,,,,,,,,https://e4no22mu9tsutcr4-52545421474.shopifypreview.com/products/maggie-lo04
non-footwear,type:Shorts,Shorts,vik-d3503,ERROR,page.goto: net::ERR_NAME_NOT_RESOLVED at https://e4no22mu9tsutcr4-52545421474.shopifypreview.com/products/vik-d3503?realift-debug-console=sh,,,,,,,,,,,,,https://e4no22mu9tsutcr4-52545421474.shopifypreview.com/products/vik-d3503
non-footwear,type:Leotards & Unitards(default-non-foot),Leotards & Unitards,geanie-d357,ERROR,page.goto: net::ERR_NAME_NOT_RESOLVED at https://e4no22mu9tsutcr4-52545421474.shopifypreview.com/products/geanie-d357?realift-debug-console=,,,,,,,,,,,,,https://e4no22mu9tsutcr4-52545421474.shopifypreview.com/products/geanie-d357
non-footwear,type:Leotards & Unitards(default-non-foot),Leotards & Unitards,georgia-d216,ERROR,page.goto: net::ERR_NAME_NOT_RESOLVED at https://e4no22mu9tsutcr4-52545421474.shopifypreview.com/products/georgia-d216?realift-debug-console,,,,,,,,,,,,,https://e4no22mu9tsutcr4-52545421474.shopifypreview.com/products/georgia-d216
non-footwear,type:Leotards & Unitards(default-non-foot),Leotards & Unitards,jade-d6500,ERROR,page.goto: net::ERR_NAME_NOT_RESOLVED at https://e4no22mu9tsutcr4-52545421474.shopifypreview.com/products/jade-d6500?realift-debug-console=s,,,,,,,,,,,,,https://e4no22mu9tsutcr4-52545421474.shopifypreview.com/products/jade-d6500
non-footwear,type:Leotards & Unitards(default-non-foot),Leotards & Unitards,mandy-d176,ERROR,page.goto: net::ERR_NAME_NOT_RESOLVED at https://e4no22mu9tsutcr4-52545421474.shopifypreview.com/products/mandy-d176?realift-debug-console=s,,,,,,,,,,,,,https://e4no22mu9tsutcr4-52545421474.shopifypreview.com/products/mandy-d176
non-footwear,type:Leotards & Unitards(default-non-foot),Leotards & Unitards,jenie-d163,ERROR,page.goto: net::ERR_NAME_NOT_RESOLVED at https://e4no22mu9tsutcr4-52545421474.shopifypreview.com/products/jenie-d163?realift-debug-console=s,,,,,,,,,,,,,https://e4no22mu9tsutcr4-52545421474.shopifypreview.com/products/jenie-d163
non-footwear,type:Leotards & Unitards(default-non-foot),Leotards & Unitards,gina-d162,ERROR,page.goto: net::ERR_NAME_NOT_RESOLVED at https://e4no22mu9tsutcr4-52545421474.shopifypreview.com/products/gina-d162?realift-debug-console=sh,,,,,,,,,,,,,https://e4no22mu9tsutcr4-52545421474.shopifypreview.com/products/gina-d162
non-footwear,type:Leotards & Unitards(default-non-foot),Leotards & Unitards,vally-d239,ERROR,page.goto: net::ERR_NAME_NOT_RESOLVED at https://e4no22mu9tsutcr4-52545421474.shopifypreview.com/products/vally-d239?realift-debug-console=s,,,,,,,,,,,,,https://e4no22mu9tsutcr4-52545421474.shopifypreview.com/products/vally-d239
non-footwear,type:Leotards & Unitards(default-non-foot),Leotards & Unitards,jessy-d181,ERROR,page.goto: net::ERR_NAME_NOT_RESOLVED at https://e4no22mu9tsutcr4-52545421474.shopifypreview.com/products/jessy-d181?realift-debug-console=s,,,,,,,,,,,,,https://e4no22mu9tsutcr4-52545421474.shopifypreview.com/products/jessy-d181
non-footwear,type:Leotards & Unitards(default-non-foot),Leotards & Unitards,atlanta-d240,ERROR,page.goto: net::ERR_NAME_NOT_RESOLVED at https://e4no22mu9tsutcr4-52545421474.shopifypreview.com/products/atlanta-d240?realift-debug-console,,,,,,,,,,,,,https://e4no22mu9tsutcr4-52545421474.shopifypreview.com/products/atlanta-d240
non-footwear,type:Pants(default-non-foot),Pants,snuggle-pl2056,ERROR,page.goto: net::ERR_NAME_NOT_RESOLVED at https://e4no22mu9tsutcr4-52545421474.shopifypreview.com/products/snuggle-pl2056?realift-debug-conso,,,,,,,,,,,,,https://e4no22mu9tsutcr4-52545421474.shopifypreview.com/products/snuggle-pl2056
non-footwear,type:Dress(default-non-foot),Dress,twirl-dress-d385,ERROR,page.goto: net::ERR_NAME_NOT_RESOLVED at https://e4no22mu9tsutcr4-52545421474.shopifypreview.com/products/twirl-dress-d385?realift-debug-con,,,,,,,,,,,,,https://e4no22mu9tsutcr4-52545421474.shopifypreview.com/products/twirl-dress-d385
non-footwear,type:Legging,Legging,juju-kids-cropped-pants-d3532,ERROR,page.goto: net::ERR_NAME_NOT_RESOLVED at https://e4no22mu9tsutcr4-52545421474.shopifypreview.com/products/juju-kids-cropped-pants-d3532?real,,,,,,,,,,,,,https://e4no22mu9tsutcr4-52545421474.shopifypreview.com/products/juju-kids-cropped-pants-d3532
non-footwear,type:Leotards & Unitards(default-non-foot),Leotards & Unitards,jessie-rde1522,ERROR,page.goto: net::ERR_NAME_NOT_RESOLVED at https://e4no22mu9tsutcr4-52545421474.shopifypreview.com/products/jessie-rde1522?realift-debug-conso,,,,,,,,,,,,,https://e4no22mu9tsutcr4-52545421474.shopifypreview.com/products/jessie-rde1522
non-footwear,type:Shirts & Tops,Shirts & Tops,mens-tap-dancer-shirt-d1052-men,ERROR,page.goto: net::ERR_NAME_NOT_RESOLVED at https://e4no22mu9tsutcr4-52545421474.shopifypreview.com/products/mens-tap-dancer-shirt-d1052-men?re,,,,,,,,,,,,,https://e4no22mu9tsutcr4-52545421474.shopifypreview.com/products/mens-tap-dancer-shirt-d1052-men
non-footwear,type:Shirts & Tops,Shirts & Tops,mens-tap-dance-muscle-tank-d1054-men,ERROR,page.goto: net::ERR_NAME_NOT_RESOLVED at https://e4no22mu9tsutcr4-52545421474.shopifypreview.com/products/mens-tap-dance-muscle-tank-d1054-m,,,,,,,,,,,,,https://e4no22mu9tsutcr4-52545421474.shopifypreview.com/products/mens-tap-dance-muscle-tank-d1054-men
non-footwear,type:Leotards & Unitards(default-non-foot),Leotards & Unitards,stella-rde1881,ERROR,page.goto: net::ERR_NAME_NOT_RESOLVED at https://e4no22mu9tsutcr4-52545421474.shopifypreview.com/products/stella-rde1881?realift-debug-conso,,,,,,,,,,,,,https://e4no22mu9tsutcr4-52545421474.shopifypreview.com/products/stella-rde1881
non-footwear,type:Leotards & Unitards(default-non-foot),Leotards & Unitards,evert-rde1885,ERROR,page.goto: net::ERR_NAME_NOT_RESOLVED at https://e4no22mu9tsutcr4-52545421474.shopifypreview.com/products/evert-rde1885?realift-debug-consol,,,,,,,,,,,,,https://e4no22mu9tsutcr4-52545421474.shopifypreview.com/products/evert-rde1885
non-footwear,type:Leotards & Unitards(default-non-foot),Leotards & Unitards,keeley-d378,ERROR,page.goto: net::ERR_NAME_NOT_RESOLVED at https://e4no22mu9tsutcr4-52545421474.shopifypreview.com/products/keeley-d378?realift-debug-console=,,,,,,,,,,,,,https://e4no22mu9tsutcr4-52545421474.shopifypreview.com/products/keeley-d378
non-footwear,type:Leotards & Unitards(default-non-foot),Leotards & Unitards,candy-d1328,ERROR,page.goto: net::ERR_NAME_NOT_RESOLVED at https://e4no22mu9tsutcr4-52545421474.shopifypreview.com/products/candy-d1328?realift-debug-console=,,,,,,,,,,,,,https://e4no22mu9tsutcr4-52545421474.shopifypreview.com/products/candy-d1328
non-footwear,type:Leotards & Unitards(default-non-foot),Leotards & Unitards,shannin-d264,ERROR,page.goto: net::ERR_NAME_NOT_RESOLVED at https://e4no22mu9tsutcr4-52545421474.shopifypreview.com/products/shannin-d264?realift-debug-console,,,,,,,,,,,,,https://e4no22mu9tsutcr4-52545421474.shopifypreview.com/products/shannin-d264
non-footwear,type:Leotards & Unitards(default-non-foot),Leotards & Unitards,anna-d262,ERROR,page.goto: net::ERR_NAME_NOT_RESOLVED at https://e4no22mu9tsutcr4-52545421474.shopifypreview.com/products/anna-d262?realift-debug-console=sh,,,,,,,,,,,,,https://e4no22mu9tsutcr4-52545421474.shopifypreview.com/products/anna-d262
non-footwear,type:Leotards & Unitards(default-non-foot),Leotards & Unitards,janey-d218,ERROR,page.goto: net::ERR_NAME_NOT_RESOLVED at https://e4no22mu9tsutcr4-52545421474.shopifypreview.com/products/janey-d218?realift-debug-console=s,,,,,,,,,,,,,https://e4no22mu9tsutcr4-52545421474.shopifypreview.com/products/janey-d218
non-footwear,type:Leotards & Unitards(default-non-foot),Leotards & Unitards,camila-d214,ERROR,page.goto: net::ERR_NAME_NOT_RESOLVED at https://e4no22mu9tsutcr4-52545421474.shopifypreview.com/products/camila-d214?realift-debug-console=,,,,,,,,,,,,,https://e4no22mu9tsutcr4-52545421474.shopifypreview.com/products/camila-d214
non-footwear,type:Leotards & Unitards(default-non-foot),Leotards & Unitards,miki-d6100,ERROR,page.goto: net::ERR_NAME_NOT_RESOLVED at https://e4no22mu9tsutcr4-52545421474.shopifypreview.com/products/miki-d6100?realift-debug-console=s,,,,,,,,,,,,,https://e4no22mu9tsutcr4-52545421474.shopifypreview.com/products/miki-d6100
non-footwear,type:Leotards & Unitards(default-non-foot),Leotards & Unitards,mimi-d190,ERROR,page.goto: net::ERR_NAME_NOT_RESOLVED at https://e4no22mu9tsutcr4-52545421474.shopifypreview.com/products/mimi-d190?realift-debug-console=sh,,,,,,,,,,,,,https://e4no22mu9tsutcr4-52545421474.shopifypreview.com/products/mimi-d190
non-footwear,type:Leotards & Unitards(default-non-foot),Leotards & Unitards,flo-d165,ERROR,page.goto: net::ERR_NAME_NOT_RESOLVED at https://e4no22mu9tsutcr4-52545421474.shopifypreview.com/products/flo-d165?realift-debug-console=sho,,,,,,,,,,,,,https://e4no22mu9tsutcr4-52545421474.shopifypreview.com/products/flo-d165
non-footwear,type:Leotards & Unitards(default-non-foot),Leotards & Unitards,joy-d164,ERROR,page.goto: net::ERR_NAME_NOT_RESOLVED at https://e4no22mu9tsutcr4-52545421474.shopifypreview.com/products/joy-d164?realift-debug-console=sho,,,,,,,,,,,,,https://e4no22mu9tsutcr4-52545421474.shopifypreview.com/products/joy-d164
non-footwear,type:Leotards & Unitards(default-non-foot),Leotards & Unitards,juliana-d153,ERROR,page.goto: net::ERR_NAME_NOT_RESOLVED at https://e4no22mu9tsutcr4-52545421474.shopifypreview.com/products/juliana-d153?realift-debug-console,,,,,,,,,,,,,https://e4no22mu9tsutcr4-52545421474.shopifypreview.com/products/juliana-d153
non-footwear,type:Shorts,Shorts,jessica-shorts-d4586,ERROR,page.goto: net::ERR_NAME_NOT_RESOLVED at https://e4no22mu9tsutcr4-52545421474.shopifypreview.com/products/jessica-shorts-d4586?realift-debug,,,,,,,,,,,,,https://e4no22mu9tsutcr4-52545421474.shopifypreview.com/products/jessica-shorts-d4586
non-footwear,type:Shorts,Shorts,bella-shorts-d4502,ERROR,page.goto: net::ERR_NAME_NOT_RESOLVED at https://e4no22mu9tsutcr4-52545421474.shopifypreview.com/products/bella-shorts-d4502?realift-debug-c,,,,,,,,,,,,,https://e4no22mu9tsutcr4-52545421474.shopifypreview.com/products/bella-shorts-d4502
non-footwear,type:Leotards & Unitards(default-non-foot),Leotards & Unitards,anne-d1491,ERROR,page.goto: net::ERR_NAME_NOT_RESOLVED at https://e4no22mu9tsutcr4-52545421474.shopifypreview.com/products/anne-d1491?realift-debug-console=s,,,,,,,,,,,,,https://e4no22mu9tsutcr4-52545421474.shopifypreview.com/products/anne-d1491
non-footwear,type:Leotards & Unitards(default-non-foot),Leotards & Unitards,mimi-d829,ERROR,page.goto: net::ERR_NAME_NOT_RESOLVED at https://e4no22mu9tsutcr4-52545421474.shopifypreview.com/products/mimi-d829?realift-debug-console=sh,,,,,,,,,,,,,https://e4no22mu9tsutcr4-52545421474.shopifypreview.com/products/mimi-d829
non-footwear,type:Leotards & Unitards(default-non-foot),Leotards & Unitards,josie-d715,ERROR,page.goto: net::ERR_NAME_NOT_RESOLVED at https://e4no22mu9tsutcr4-52545421474.shopifypreview.com/products/josie-d715?realift-debug-console=s,,,,,,,,,,,,,https://e4no22mu9tsutcr4-52545421474.shopifypreview.com/products/josie-d715
non-footwear,type:Leotards & Unitards(default-non-foot),Leotards & Unitards,madeline-d150,ERROR,page.goto: net::ERR_NAME_NOT_RESOLVED at https://e4no22mu9tsutcr4-52545421474.shopifypreview.com/products/madeline-d150?realift-debug-consol,,,,,,,,,,,,,https://e4no22mu9tsutcr4-52545421474.shopifypreview.com/products/madeline-d150
non-footwear,type:Leotards & Unitards(default-non-foot),Leotards & Unitards,pear-d404,ERROR,page.goto: net::ERR_NAME_NOT_RESOLVED at https://e4no22mu9tsutcr4-52545421474.shopifypreview.com/products/pear-d404?realift-debug-console=sh,,,,,,,,,,,,,https://e4no22mu9tsutcr4-52545421474.shopifypreview.com/products/pear-d404
non-footwear,type:Leotards & Unitards(default-non-foot),Leotards & Unitards,cherry-d402,ERROR,page.goto: net::ERR_NAME_NOT_RESOLVED at https://e4no22mu9tsutcr4-52545421474.shopifypreview.com/products/cherry-d402?realift-debug-console=,,,,,,,,,,,,,https://e4no22mu9tsutcr4-52545421474.shopifypreview.com/products/cherry-d402
non-footwear,type:Leotards & Unitards(default-non-foot),Leotards & Unitards,jinny-d255,ERROR,page.goto: net::ERR_NAME_NOT_RESOLVED at https://e4no22mu9tsutcr4-52545421474.shopifypreview.com/products/jinny-d255?realift-debug-console=s,,,,,,,,,,,,,https://e4no22mu9tsutcr4-52545421474.shopifypreview.com/products/jinny-d255
non-footwear,type:Leotards & Unitards(default-non-foot),Leotards & Unitards,bia-d243,ERROR,page.goto: net::ERR_NAME_NOT_RESOLVED at https://e4no22mu9tsutcr4-52545421474.shopifypreview.com/products/bia-d243?realift-debug-console=sho,,,,,,,,,,,,,https://e4no22mu9tsutcr4-52545421474.shopifypreview.com/products/bia-d243
non-footwear,type:Shirts & Tops,Shirts & Tops,be-you-marlee-rde2620,ERROR,page.goto: net::ERR_NAME_NOT_RESOLVED at https://e4no22mu9tsutcr4-52545421474.shopifypreview.com/products/be-you-marlee-rde2620?realift-debu,,,,,,,,,,,,,https://e4no22mu9tsutcr4-52545421474.shopifypreview.com/products/be-you-marlee-rde2620
non-footwear,type:Leotards & Unitards(default-non-foot),Leotards & Unitards,mika-d6600,ERROR,page.goto: net::ERR_NAME_NOT_RESOLVED at https://e4no22mu9tsutcr4-52545421474.shopifypreview.com/products/mika-d6600?realift-debug-console=s,,,,,,,,,,,,,https://e4no22mu9tsutcr4-52545421474.shopifypreview.com/products/mika-d6600
non-footwear,type:Leotards & Unitards(default-non-foot),Leotards & Unitards,josey-d192,ERROR,page.goto: net::ERR_NAME_NOT_RESOLVED at https://e4no22mu9tsutcr4-52545421474.shopifypreview.com/products/josey-d192?realift-debug-console=s,,,,,,,,,,,,,https://e4no22mu9tsutcr4-52545421474.shopifypreview.com/products/josey-d192
non-footwear,type:Leotards & Unitards(default-non-foot),Leotards & Unitards,jojo-d151,ERROR,page.goto: net::ERR_NAME_NOT_RESOLVED at https://e4no22mu9tsutcr4-52545421474.shopifypreview.com/products/jojo-d151?realift-debug-console=sh,,,,,,,,,,,,,https://e4no22mu9tsutcr4-52545421474.shopifypreview.com/products/jojo-d151
non-footwear,type:Leotards & Unitards(default-non-foot),Leotards & Unitards,jennay-d254,ERROR,page.goto: net::ERR_NAME_NOT_RESOLVED at https://e4no22mu9tsutcr4-52545421474.shopifypreview.com/products/jennay-d254?realift-debug-console=,,,,,,,,,,,,,https://e4no22mu9tsutcr4-52545421474.shopifypreview.com/products/jennay-d254
non-footwear,type:Leotards & Unitards(default-non-foot),Leotards & Unitards,nina-lo08,ERROR,page.goto: net::ERR_NAME_NOT_RESOLVED at https://e4no22mu9tsutcr4-52545421474.shopifypreview.com/products/nina-lo08?realift-debug-console=sh,,,,,,,,,,,,,https://e4no22mu9tsutcr4-52545421474.shopifypreview.com/products/nina-lo08
non-footwear,type:Shirts & Tops,Shirts & Tops,jade-d1564,ERROR,page.goto: net::ERR_NAME_NOT_RESOLVED at https://e4no22mu9tsutcr4-52545421474.shopifypreview.com/products/jade-d1564?realift-debug-console=s,,,,,,,,,,,,,https://e4no22mu9tsutcr4-52545421474.shopifypreview.com/products/jade-d1564
non-footwear,type:Leotards & Unitards(default-non-foot),Leotards & Unitards,d155,ERROR,page.goto: net::ERR_NAME_NOT_RESOLVED at https://e4no22mu9tsutcr4-52545421474.shopifypreview.com/products/d155?realift-debug-console=show Ca,,,,,,,,,,,,,https://e4no22mu9tsutcr4-52545421474.shopifypreview.com/products/d155
non-footwear,type:Shirts & Tops,Shirts & Tops,reverse-turn-skirt-d382,ERROR,page.goto: net::ERR_NAME_NOT_RESOLVED at https://e4no22mu9tsutcr4-52545421474.shopifypreview.com/products/reverse-turn-skirt-d382?realift-de,,,,,,,,,,,,,https://e4no22mu9tsutcr4-52545421474.shopifypreview.com/products/reverse-turn-skirt-d382
non-footwear,type:Skirts(default-non-foot),Skirts,swing-skirt-d381,ERROR,page.goto: net::ERR_NAME_NOT_RESOLVED at https://e4no22mu9tsutcr4-52545421474.shopifypreview.com/products/swing-skirt-d381?realift-debug-con,,,,,,,,,,,,,https://e4no22mu9tsutcr4-52545421474.shopifypreview.com/products/swing-skirt-d381
non-footwear,type:Skirts(default-non-foot),Skirts,waltz-skirt-d383,ERROR,page.goto: net::ERR_NAME_NOT_RESOLVED at https://e4no22mu9tsutcr4-52545421474.shopifypreview.com/products/waltz-skirt-d383?realift-debug-con,,,,,,,,,,,,,https://e4no22mu9tsutcr4-52545421474.shopifypreview.com/products/waltz-skirt-d383
non-footwear,type:Dress(default-non-foot),Dress,swing-dress-d384,ERROR,page.goto: net::ERR_NAME_NOT_RESOLVED at https://e4no22mu9tsutcr4-52545421474.shopifypreview.com/products/swing-dress-d384?realift-debug-con,,,,,,,,,,,,,https://e4no22mu9tsutcr4-52545421474.shopifypreview.com/products/swing-dress-d384
non-footwear,type:Leotards & Unitards(default-non-foot),Leotards & Unitards,tracy-d311,ERROR,page.goto: net::ERR_NAME_NOT_RESOLVED at https://e4no22mu9tsutcr4-52545421474.shopifypreview.com/products/tracy-d311?realift-debug-console=s,,,,,,,,,,,,,https://e4no22mu9tsutcr4-52545421474.shopifypreview.com/products/tracy-d311
non-footwear,type:Leotards & Unitards(default-non-foot),Leotards & Unitards,niki-d314,ERROR,page.goto: net::ERR_NAME_NOT_RESOLVED at https://e4no22mu9tsutcr4-52545421474.shopifypreview.com/products/niki-d314?realift-debug-console=sh,,,,,,,,,,,,,https://e4no22mu9tsutcr4-52545421474.shopifypreview.com/products/niki-d314
non-footwear,type:Leotards & Unitards(default-non-foot),Leotards & Unitards,daniela-d315,ERROR,page.goto: net::ERR_NAME_NOT_RESOLVED at https://e4no22mu9tsutcr4-52545421474.shopifypreview.com/products/daniela-d315?realift-debug-console,,,,,,,,,,,,,https://e4no22mu9tsutcr4-52545421474.shopifypreview.com/products/daniela-d315
non-footwear,type:Leotards & Unitards(default-non-foot),Leotards & Unitards,nikita-d313,ERROR,page.goto: net::ERR_NAME_NOT_RESOLVED at https://e4no22mu9tsutcr4-52545421474.shopifypreview.com/products/nikita-d313?realift-debug-console=,,,,,,,,,,,,,https://e4no22mu9tsutcr4-52545421474.shopifypreview.com/products/nikita-d313
non-footwear,type:Leotards & Unitards(default-non-foot),Leotards & Unitards,everlynn-rde1883,ERROR,page.goto: net::ERR_NAME_NOT_RESOLVED at https://e4no22mu9tsutcr4-52545421474.shopifypreview.com/products/everlynn-rde1883?realift-debug-con,,,,,,,,,,,,,https://e4no22mu9tsutcr4-52545421474.shopifypreview.com/products/everlynn-rde1883
non-footwear,type:Leotards & Unitards(default-non-foot),Leotards & Unitards,crissy-l754,ERROR,page.goto: net::ERR_NAME_NOT_RESOLVED at https://e4no22mu9tsutcr4-52545421474.shopifypreview.com/products/crissy-l754?realift-debug-console=,,,,,,,,,,,,,https://e4no22mu9tsutcr4-52545421474.shopifypreview.com/products/crissy-l754
non-footwear,type:Leotards & Unitards(default-non-foot),Leotards & Unitards,everly-rde1882,ERROR,page.goto: net::ERR_NAME_NOT_RESOLVED at https://e4no22mu9tsutcr4-52545421474.shopifypreview.com/products/everly-rde1882?realift-debug-conso,,,,,,,,,,,,,https://e4no22mu9tsutcr4-52545421474.shopifypreview.com/products/everly-rde1882
non-footwear,type:Leotards & Unitards(default-non-foot),Leotards & Unitards,jenny-d278,ERROR,page.goto: net::ERR_NAME_NOT_RESOLVED at https://e4no22mu9tsutcr4-52545421474.shopifypreview.com/products/jenny-d278?realift-debug-console=s,,,,,,,,,,,,,https://e4no22mu9tsutcr4-52545421474.shopifypreview.com/products/jenny-d278
non-footwear,type:Leotards & Unitards(default-non-foot),Leotards & Unitards,gabriela-rde1821,ERROR,page.goto: net::ERR_NAME_NOT_RESOLVED at https://e4no22mu9tsutcr4-52545421474.shopifypreview.com/products/gabriela-rde1821?realift-debug-con,,,,,,,,,,,,,https://e4no22mu9tsutcr4-52545421474.shopifypreview.com/products/gabriela-rde1821
non-footwear,type:Leotards & Unitards(default-non-foot),Leotards & Unitards,meres-rde1812,ERROR,page.goto: net::ERR_NAME_NOT_RESOLVED at https://e4no22mu9tsutcr4-52545421474.shopifypreview.com/products/meres-rde1812?realift-debug-consol,,,,,,,,,,,,,https://e4no22mu9tsutcr4-52545421474.shopifypreview.com/products/meres-rde1812
non-footwear,type:Leotards & Unitards(default-non-foot),Leotards & Unitards,julia-rde1563,ERROR,page.goto: net::ERR_NAME_NOT_RESOLVED at https://e4no22mu9tsutcr4-52545421474.shopifypreview.com/products/julia-rde1563?realift-debug-consol,,,,,,,,,,,,,https://e4no22mu9tsutcr4-52545421474.shopifypreview.com/products/julia-rde1563
non-footwear,type:Leotards & Unitards(default-non-foot),Leotards & Unitards,alice-d302,ERROR,page.goto: net::ERR_NAME_NOT_RESOLVED at https://e4no22mu9tsutcr4-52545421474.shopifypreview.com/products/alice-d302?realift-debug-console=s,,,,,,,,,,,,,https://e4no22mu9tsutcr4-52545421474.shopifypreview.com/products/alice-d302
non-footwear,type:Leotards & Unitards(default-non-foot),Leotards & Unitards,sherry-d291,ERROR,page.goto: net::ERR_NAME_NOT_RESOLVED at https://e4no22mu9tsutcr4-52545421474.shopifypreview.com/products/sherry-d291?realift-debug-console=,,,,,,,,,,,,,https://e4no22mu9tsutcr4-52545421474.shopifypreview.com/products/sherry-d291
non-footwear,type:Leotards & Unitards(default-non-foot),Leotards & Unitards,laura-d265,ERROR,page.goto: net::ERR_NAME_NOT_RESOLVED at https://e4no22mu9tsutcr4-52545421474.shopifypreview.com/products/laura-d265?realift-debug-console=s,,,,,,,,,,,,,https://e4no22mu9tsutcr4-52545421474.shopifypreview.com/products/laura-d265
non-footwear,type:Leotards & Unitards(default-non-foot),Leotards & Unitards,judy-d6000,ERROR,page.goto: net::ERR_NAME_NOT_RESOLVED at https://e4no22mu9tsutcr4-52545421474.shopifypreview.com/products/judy-d6000?realift-debug-console=s,,,,,,,,,,,,,https://e4no22mu9tsutcr4-52545421474.shopifypreview.com/products/judy-d6000
non-footwear,type:Shirts & Tops,Shirts & Tops,morgan-top-d4672,ERROR,page.goto: net::ERR_NAME_NOT_RESOLVED at https://e4no22mu9tsutcr4-52545421474.shopifypreview.com/products/morgan-top-d4672?realift-debug-con,,,,,,,,,,,,,https://e4no22mu9tsutcr4-52545421474.shopifypreview.com/products/morgan-top-d4672
non-footwear,type:Shorts,Shorts,cherry-kids-shorts-d3586,ERROR,page.goto: net::ERR_NAME_NOT_RESOLVED at https://e4no22mu9tsutcr4-52545421474.shopifypreview.com/products/cherry-kids-shorts-d3586?realift-d,,,,,,,,,,,,,https://e4no22mu9tsutcr4-52545421474.shopifypreview.com/products/cherry-kids-shorts-d3586
non-footwear,type:Shorts,Shorts,vally-d3502,ERROR,page.goto: net::ERR_NAME_NOT_RESOLVED at https://e4no22mu9tsutcr4-52545421474.shopifypreview.com/products/vally-d3502?realift-debug-console=,,,,,,,,,,,,,https://e4no22mu9tsutcr4-52545421474.shopifypreview.com/products/vally-d3502
non-footwear,type:Leotards & Unitards(default-non-foot),Leotards & Unitards,jaylee-rde2340,ERROR,page.goto: net::ERR_NAME_NOT_RESOLVED at https://e4no22mu9tsutcr4-52545421474.shopifypreview.com/products/jaylee-rde2340?realift-debug-conso,,,,,,,,,,,,,https://e4no22mu9tsutcr4-52545421474.shopifypreview.com/products/jaylee-rde2340
non-footwear,type:Skirts(default-non-foot),Skirts,peach-pull-on-skirt-d741-l741,ERROR,page.goto: net::ERR_NAME_NOT_RESOLVED at https://e4no22mu9tsutcr4-52545421474.shopifypreview.com/products/peach-pull-on-skirt-d741-l741?real,,,,,,,,,,,,,https://e4no22mu9tsutcr4-52545421474.shopifypreview.com/products/peach-pull-on-skirt-d741-l741
non-footwear,type:Leotards & Unitards(default-non-foot),Leotards & Unitards,harriet-d356,ERROR,page.goto: net::ERR_NAME_NOT_RESOLVED at https://e4no22mu9tsutcr4-52545421474.shopifypreview.com/products/harriet-d356?realift-debug-console,,,,,,,,,,,,,https://e4no22mu9tsutcr4-52545421474.shopifypreview.com/products/harriet-d356
non-footwear,type:Leotards & Unitards(default-non-foot),Leotards & Unitards,luna-d353,ERROR,page.goto: net::ERR_NAME_NOT_RESOLVED at https://e4no22mu9tsutcr4-52545421474.shopifypreview.com/products/luna-d353?realift-debug-console=sh,,,,,,,,,,,,,https://e4no22mu9tsutcr4-52545421474.shopifypreview.com/products/luna-d353
non-footwear,type:Leotards & Unitards(default-non-foot),Leotards & Unitards,nikki-d339,ERROR,page.goto: net::ERR_NAME_NOT_RESOLVED at https://e4no22mu9tsutcr4-52545421474.shopifypreview.com/products/nikki-d339?realift-debug-console=s,,,,,,,,,,,,,https://e4no22mu9tsutcr4-52545421474.shopifypreview.com/products/nikki-d339
non-footwear,type:Leotards & Unitards(default-non-foot),Leotards & Unitards,juliana-d292,ERROR,page.goto: net::ERR_NAME_NOT_RESOLVED at https://e4no22mu9tsutcr4-52545421474.shopifypreview.com/products/juliana-d292?realift-debug-console,,,,,,,,,,,,,https://e4no22mu9tsutcr4-52545421474.shopifypreview.com/products/juliana-d292
non-footwear,type:Leotards & Unitards(default-non-foot),Leotards & Unitards,bathilda-d273,ERROR,page.goto: net::ERR_NAME_NOT_RESOLVED at https://e4no22mu9tsutcr4-52545421474.shopifypreview.com/products/bathilda-d273?realift-debug-consol,,,,,,,,,,,,,https://e4no22mu9tsutcr4-52545421474.shopifypreview.com/products/bathilda-d273
non-footwear,type:Leotards & Unitards(default-non-foot),Leotards & Unitards,joslin-d193-d6094,ERROR,page.goto: net::ERR_NAME_NOT_RESOLVED at https://e4no22mu9tsutcr4-52545421474.shopifypreview.com/products/joslin-d193-d6094?realift-debug-co,,,,,,,,,,,,,https://e4no22mu9tsutcr4-52545421474.shopifypreview.com/products/joslin-d193-d6094
non-footwear,type:Shorts,Shorts,vikki-d157,ERROR,page.goto: net::ERR_NAME_NOT_RESOLVED at https://e4no22mu9tsutcr4-52545421474.shopifypreview.com/products/vikki-d157?realift-debug-console=s,,,,,,,,,,,,,https://e4no22mu9tsutcr4-52545421474.shopifypreview.com/products/vikki-d157
non-footwear,type:Leotards & Unitards(default-non-foot),Leotards & Unitards,romina-rde2582,ERROR,page.goto: net::ERR_NAME_NOT_RESOLVED at https://e4no22mu9tsutcr4-52545421474.shopifypreview.com/products/romina-rde2582?realift-debug-conso,,,,,,,,,,,,,https://e4no22mu9tsutcr4-52545421474.shopifypreview.com/products/romina-rde2582
non-footwear,type:Leotards & Unitards(default-non-foot),Leotards & Unitards,lucie-d152,ERROR,page.goto: net::ERR_NAME_NOT_RESOLVED at https://e4no22mu9tsutcr4-52545421474.shopifypreview.com/products/lucie-d152?realift-debug-console=s,,,,,,,,,,,,,https://e4no22mu9tsutcr4-52545421474.shopifypreview.com/products/lucie-d152
non-footwear,type:Leotards & Unitards(default-non-foot),Leotards & Unitards,olympia-d154,ERROR,page.goto: net::ERR_NAME_NOT_RESOLVED at https://e4no22mu9tsutcr4-52545421474.shopifypreview.com/products/olympia-d154?realift-debug-console,,,,,,,,,,,,,https://e4no22mu9tsutcr4-52545421474.shopifypreview.com/products/olympia-d154
non-footwear,type:Leotards & Unitards(default-non-foot),Leotards & Unitards,mandy-lo02,ERROR,page.goto: net::ERR_NAME_NOT_RESOLVED at https://e4no22mu9tsutcr4-52545421474.shopifypreview.com/products/mandy-lo02?realift-debug-console=s,,,,,,,,,,,,,https://e4no22mu9tsutcr4-52545421474.shopifypreview.com/products/mandy-lo02
non-footwear,title-exclude:Belt,Belts,child-waist-belt-with-buckle-d1701,ERROR,page.goto: net::ERR_NAME_NOT_RESOLVED at https://e4no22mu9tsutcr4-52545421474.shopifypreview.com/products/child-waist-belt-with-buckle-d1701,,,,,,,,,,,,,https://e4no22mu9tsutcr4-52545421474.shopifypreview.com/products/child-waist-belt-with-buckle-d1701
non-footwear,type:Drill & Screwdriver Accessories,Drill & Screwdriver Accessories,jacks-ac51,ERROR,page.goto: net::ERR_NAME_NOT_RESOLVED at https://e4no22mu9tsutcr4-52545421474.shopifypreview.com/products/jacks-ac51?realift-debug-console=s,,,,,,,,,,,,,https://e4no22mu9tsutcr4-52545421474.shopifypreview.com/products/jacks-ac51
non-footwear,type-exclude:Belt,Quilted Dance Belt,hero-rde8144,ERROR,page.goto: net::ERR_NAME_NOT_RESOLVED at https://e4no22mu9tsutcr4-52545421474.shopifypreview.com/products/hero-rde8144?realift-debug-console,,,,,,,,,,,,,https://e4no22mu9tsutcr4-52545421474.shopifypreview.com/products/hero-rde8144
non-footwear,type:Leotards & Unitards(default-non-foot),Leotards & Unitards,bess-d345,ERROR,page.goto: net::ERR_NAME_NOT_RESOLVED at https://e4no22mu9tsutcr4-52545421474.shopifypreview.com/products/bess-d345?realift-debug-console=sh,,,,,,,,,,,,,https://e4no22mu9tsutcr4-52545421474.shopifypreview.com/products/bess-d345
non-footwear,type:Leotards & Unitards(default-non-foot),Leotards & Unitards,bessie-d245,ERROR,page.goto: net::ERR_NAME_NOT_RESOLVED at https://e4no22mu9tsutcr4-52545421474.shopifypreview.com/products/bessie-d245?realift-debug-console=,,,,,,,,,,,,,https://e4no22mu9tsutcr4-52545421474.shopifypreview.com/products/bessie-d245
non-footwear,type:Leotards & Unitards(default-non-foot),Leotards & Unitards,meilani-body-liner-ug214,ERROR,page.goto: net::ERR_NAME_NOT_RESOLVED at https://e4no22mu9tsutcr4-52545421474.shopifypreview.com/products/meilani-body-liner-ug214?realift-d,,,,,,,,,,,,,https://e4no22mu9tsutcr4-52545421474.shopifypreview.com/products/meilani-body-liner-ug214
non-footwear,type:Leotards & Unitards(default-non-foot),Leotards & Unitards,arianna-sl209,ERROR,page.goto: net::ERR_NAME_NOT_RESOLVED at https://e4no22mu9tsutcr4-52545421474.shopifypreview.com/products/arianna-sl209?realift-debug-consol,,,,,,,,,,,,,https://e4no22mu9tsutcr4-52545421474.shopifypreview.com/products/arianna-sl209
non-footwear,type:Leotards & Unitards(default-non-foot),Leotards & Unitards,be-you-ayesha-by06c-child,ERROR,page.goto: net::ERR_NAME_NOT_RESOLVED at https://e4no22mu9tsutcr4-52545421474.shopifypreview.com/products/be-you-ayesha-by06c-child?realift-,,,,,,,,,,,,,https://e4no22mu9tsutcr4-52545421474.shopifypreview.com/products/be-you-ayesha-by06c-child
non-footwear,type:Leotards & Unitards(default-non-foot),Leotards & Unitards,be-you-aisha-by06,ERROR,page.goto: net::ERR_NAME_NOT_RESOLVED at https://e4no22mu9tsutcr4-52545421474.shopifypreview.com/products/be-you-aisha-by06?realift-debug-co,,,,,,,,,,,,,https://e4no22mu9tsutcr4-52545421474.shopifypreview.com/products/be-you-aisha-by06
non-footwear,type:Leotards & Unitards(default-non-foot),Leotards & Unitards,be-you-martina-by05c-child,ERROR,page.goto: net::ERR_NAME_NOT_RESOLVED at https://e4no22mu9tsutcr4-52545421474.shopifypreview.com/products/be-you-martina-by05c-child?realift,,,,,,,,,,,,,https://e4no22mu9tsutcr4-52545421474.shopifypreview.com/products/be-you-martina-by05c-child
non-footwear,type:Leotards & Unitards(default-non-foot),Leotards & Unitards,be-you-nydia-by09c-child,ERROR,page.goto: net::ERR_NAME_NOT_RESOLVED at https://e4no22mu9tsutcr4-52545421474.shopifypreview.com/products/be-you-nydia-by09c-child?realift-d,,,,,,,,,,,,,https://e4no22mu9tsutcr4-52545421474.shopifypreview.com/products/be-you-nydia-by09c-child
non-footwear,type:Leotards & Unitards(default-non-foot),Leotards & Unitards,be-you-nydia-by09,ERROR,page.goto: net::ERR_NAME_NOT_RESOLVED at https://e4no22mu9tsutcr4-52545421474.shopifypreview.com/products/be-you-nydia-by09?realift-debug-co,,,,,,,,,,,,,https://e4no22mu9tsutcr4-52545421474.shopifypreview.com/products/be-you-nydia-by09
non-footwear,type:Leotards & Unitards(default-non-foot),Leotards & Unitards,be-you-noemi-by08,ERROR,page.goto: net::ERR_NAME_NOT_RESOLVED at https://e4no22mu9tsutcr4-52545421474.shopifypreview.com/products/be-you-noemi-by08?realift-debug-co,,,,,,,,,,,,,https://e4no22mu9tsutcr4-52545421474.shopifypreview.com/products/be-you-noemi-by08
non-footwear,type:Leotards & Unitards(default-non-foot),Leotards & Unitards,be-you-mirella-by03,ERROR,page.goto: net::ERR_NAME_NOT_RESOLVED at https://e4no22mu9tsutcr4-52545421474.shopifypreview.com/products/be-you-mirella-by03?realift-debug-,,,,,,,,,,,,,https://e4no22mu9tsutcr4-52545421474.shopifypreview.com/products/be-you-mirella-by03
non-footwear,type:Hair Accessories,Hair Accessories,spin-me-round-spiral-pins-ac56,ERROR,page.goto: net::ERR_NAME_NOT_RESOLVED at https://e4no22mu9tsutcr4-52545421474.shopifypreview.com/products/spin-me-round-spiral-pins-ac56?rea,,,,,,,,,,,,,https://e4no22mu9tsutcr4-52545421474.shopifypreview.com/products/spin-me-round-spiral-pins-ac56
non-footwear,type:Ribbons & Trim(default-non-foot),Ribbons & Trim,see-through-elastic-yard-roll-ac03,ERROR,page.goto: net::ERR_NAME_NOT_RESOLVED at https://e4no22mu9tsutcr4-52545421474.shopifypreview.com/products/see-through-elastic-yard-roll-ac03,,,,,,,,,,,,,https://e4no22mu9tsutcr4-52545421474.shopifypreview.com/products/see-through-elastic-yard-roll-ac03
non-footwear,type:Shoe Accessories,Shoe Accessories,pointe-shoe-toe-pads-mb14,ERROR,page.goto: net::ERR_NAME_NOT_RESOLVED at https://e4no22mu9tsutcr4-52545421474.shopifypreview.com/products/pointe-shoe-toe-pads-mb14?realift-,,,,,,,,,,,,,https://e4no22mu9tsutcr4-52545421474.shopifypreview.com/products/pointe-shoe-toe-pads-mb14
non-footwear,type:Hair Accessories,Hair Accessories,bun-kit-ac35,ERROR,page.goto: net::ERR_NAME_NOT_RESOLVED at https://e4no22mu9tsutcr4-52545421474.shopifypreview.com/products/bun-kit-ac35?realift-debug-console,,,,,,,,,,,,,https://e4no22mu9tsutcr4-52545421474.shopifypreview.com/products/bun-kit-ac35
non-footwear,type:Ribbons & Trim(default-non-foot),Ribbons & Trim,ribbons-with-elastic-inserts-set-of-4-ac04,ERROR,page.goto: net::ERR_NAME_NOT_RESOLVED at https://e4no22mu9tsutcr4-52545421474.shopifypreview.com/products/ribbons-with-elastic-inserts-set-o,,,,,,,,,,,,,https://e4no22mu9tsutcr4-52545421474.shopifypreview.com/products/ribbons-with-elastic-inserts-set-of-4-ac04
non-footwear,title-exclude:Bag,Luggage & Bags,ballet-bag-mb04,ERROR,page.goto: net::ERR_NAME_NOT_RESOLVED at https://e4no22mu9tsutcr4-52545421474.shopifypreview.com/products/ballet-bag-mb04?realift-debug-cons,,,,,,,,,,,,,https://e4no22mu9tsutcr4-52545421474.shopifypreview.com/products/ballet-bag-mb04
non-footwear,type:Activewear(default-non-foot),Activewear,event-item-ebg01,ERROR,page.goto: net::ERR_NAME_NOT_RESOLVED at https://e4no22mu9tsutcr4-52545421474.shopifypreview.com/products/event-item-ebg01?realift-debug-con,,,,,,,,,,,,,https://e4no22mu9tsutcr4-52545421474.shopifypreview.com/products/event-item-ebg01
non-footwear,type:Leotards & Unitards(default-non-foot),Leotards & Unitards,myti-child-sizes-tp91,ERROR,page.goto: net::ERR_NAME_NOT_RESOLVED at https://e4no22mu9tsutcr4-52545421474.shopifypreview.com/products/myti-child-sizes-tp91?realift-debu,,,,,,,,,,,,,https://e4no22mu9tsutcr4-52545421474.shopifypreview.com/products/myti-child-sizes-tp91
non-footwear,type:Leotards & Unitards(default-non-foot),Leotards & Unitards,princess-tp90,ERROR,page.goto: net::ERR_NAME_NOT_RESOLVED at https://e4no22mu9tsutcr4-52545421474.shopifypreview.com/products/princess-tp90?realift-debug-consol,,,,,,,,,,,,,https://e4no22mu9tsutcr4-52545421474.shopifypreview.com/products/princess-tp90
non-footwear,type:Leotards & Unitards(default-non-foot),Leotards & Unitards,tiler-tp78,ERROR,page.goto: net::ERR_NAME_NOT_RESOLVED at https://e4no22mu9tsutcr4-52545421474.shopifypreview.com/products/tiler-tp78?realift-debug-console=s,,,,,,,,,,,,,https://e4no22mu9tsutcr4-52545421474.shopifypreview.com/products/tiler-tp78
non-footwear,type:Leotards & Unitards(default-non-foot),Leotards & Unitards,sweetcheeks-child-sizes-tp75,ERROR,page.goto: net::ERR_NAME_NOT_RESOLVED at https://e4no22mu9tsutcr4-52545421474.shopifypreview.com/products/sweetcheeks-child-sizes-tp75?reali,,,,,,,,,,,,,https://e4no22mu9tsutcr4-52545421474.shopifypreview.com/products/sweetcheeks-child-sizes-tp75
non-footwear,type:Leotards & Unitards(default-non-foot),Leotards & Unitards,sweetheart-tp74,ERROR,page.goto: net::ERR_NAME_NOT_RESOLVED at https://e4no22mu9tsutcr4-52545421474.shopifypreview.com/products/sweetheart-tp74?realift-debug-cons,,,,,,,,,,,,,https://e4no22mu9tsutcr4-52545421474.shopifypreview.com/products/sweetheart-tp74
non-footwear,type:Shoe Accessories,Shoe Accessories,heeling-powers-ac53,ERROR,page.goto: net::ERR_NAME_NOT_RESOLVED at https://e4no22mu9tsutcr4-52545421474.shopifypreview.com/products/heeling-powers-ac53?realift-debug-,,,,,,,,,,,,,https://e4no22mu9tsutcr4-52545421474.shopifypreview.com/products/heeling-powers-ac53
non-footwear,type-exclude:Backpack,Backpacks,swirly-whirl-drawstring-bag-bp03,ERROR,page.goto: net::ERR_NAME_NOT_RESOLVED at https://e4no22mu9tsutcr4-52545421474.shopifypreview.com/products/swirly-whirl-drawstring-bag-bp03?r,,,,,,,,,,,,,https://e4no22mu9tsutcr4-52545421474.shopifypreview.com/products/swirly-whirl-drawstring-bag-bp03
non-footwear,type:Health and Beauty(default-non-foot),Health and Beauty,ac57-so-lacey-perfume,ERROR,page.goto: net::ERR_NAME_NOT_RESOLVED at https://e4no22mu9tsutcr4-52545421474.shopifypreview.com/products/ac57-so-lacey-perfume?realift-debu,,,,,,,,,,,,,https://e4no22mu9tsutcr4-52545421474.shopifypreview.com/products/ac57-so-lacey-perfume
non-footwear,type:Leotards & Unitards(default-non-foot),Leotards & Unitards,keila-sl178,ERROR,page.goto: net::ERR_NAME_NOT_RESOLVED at https://e4no22mu9tsutcr4-52545421474.shopifypreview.com/products/keila-sl178?realift-debug-console=,,,,,,,,,,,,,https://e4no22mu9tsutcr4-52545421474.shopifypreview.com/products/keila-sl178
non-footwear,type:Coats & Jackets(default-non-foot),Coats & Jackets,keth-yagp-jacket,ERROR,page.goto: net::ERR_NAME_NOT_RESOLVED at https://e4no22mu9tsutcr4-52545421474.shopifypreview.com/products/keth-yagp-jacket?realift-debug-con,,,,,,,,,,,,,https://e4no22mu9tsutcr4-52545421474.shopifypreview.com/products/keth-yagp-jacket
non-footwear,type:Shirts & Tops,Shirts & Tops,dew-drop-jacket-tp57,ERROR,page.goto: net::ERR_NAME_NOT_RESOLVED at https://e4no22mu9tsutcr4-52545421474.shopifypreview.com/products/dew-drop-jacket-tp57?realift-debug,,,,,,,,,,,,,https://e4no22mu9tsutcr4-52545421474.shopifypreview.com/products/dew-drop-jacket-tp57
non-footwear,type:Leotards & Unitards(default-non-foot),Leotards & Unitards,natalia-child-sizes-tp54,ERROR,page.goto: net::ERR_NAME_NOT_RESOLVED at https://e4no22mu9tsutcr4-52545421474.shopifypreview.com/products/natalia-child-sizes-tp54?realift-d,,,,,,,,,,,,,https://e4no22mu9tsutcr4-52545421474.shopifypreview.com/products/natalia-child-sizes-tp54
non-footwear,type:Leotards & Unitards(default-non-foot),Leotards & Unitards,other-dances-tp53,ERROR,page.goto: net::ERR_NAME_NOT_RESOLVED at https://e4no22mu9tsutcr4-52545421474.shopifypreview.com/products/other-dances-tp53?realift-debug-co,,,,,,,,,,,,,https://e4no22mu9tsutcr4-52545421474.shopifypreview.com/products/other-dances-tp53
non-footwear,type:Leotards & Unitards(default-non-foot),Leotards & Unitards,patricia-child-sizes-tp43,ERROR,page.goto: net::ERR_NAME_NOT_RESOLVED at https://e4no22mu9tsutcr4-52545421474.shopifypreview.com/products/patricia-child-sizes-tp43?realift-,,,,,,,,,,,,,https://e4no22mu9tsutcr4-52545421474.shopifypreview.com/products/patricia-child-sizes-tp43
non-footwear,type:Leotards & Unitards(default-non-foot),Leotards & Unitards,who-cares-tp42,ERROR,page.goto: net::ERR_NAME_NOT_RESOLVED at https://e4no22mu9tsutcr4-52545421474.shopifypreview.com/products/who-cares-tp42?realift-debug-conso,,,,,,,,,,,,,https://e4no22mu9tsutcr4-52545421474.shopifypreview.com/products/who-cares-tp42
non-footwear,type:Leotards & Unitards(default-non-foot),Leotards & Unitards,raymonda-tp49,ERROR,page.goto: net::ERR_NAME_NOT_RESOLVED at https://e4no22mu9tsutcr4-52545421474.shopifypreview.com/products/raymonda-tp49?realift-debug-consol,,,,,,,,,,,,,https://e4no22mu9tsutcr4-52545421474.shopifypreview.com/products/raymonda-tp49
non-footwear,type:Skirts(default-non-foot),Skirts,maria-kids-skirt-tpe11,ERROR,page.goto: net::ERR_NAME_NOT_RESOLVED at https://e4no22mu9tsutcr4-52545421474.shopifypreview.com/products/maria-kids-skirt-tpe11?realift-deb,,,,,,,,,,,,,https://e4no22mu9tsutcr4-52545421474.shopifypreview.com/products/maria-kids-skirt-tpe11
non-footwear,type:Skirts(default-non-foot),Skirts,maria-skirt-tp10,ERROR,page.goto: net::ERR_NAME_NOT_RESOLVED at https://e4no22mu9tsutcr4-52545421474.shopifypreview.com/products/maria-skirt-tp10?realift-debug-con,,,,,,,,,,,,,https://e4no22mu9tsutcr4-52545421474.shopifypreview.com/products/maria-skirt-tp10
non-footwear,type:Ribbons & Trim(default-non-foot),Ribbons & Trim,ribbon-yard-roll-ac01,ERROR,page.goto: net::ERR_NAME_NOT_RESOLVED at https://e4no22mu9tsutcr4-52545421474.shopifypreview.com/products/ribbon-yard-roll-ac01?realift-debu,,,,,,,,,,,,,https://e4no22mu9tsutcr4-52545421474.shopifypreview.com/products/ribbon-yard-roll-ac01
non-footwear,type:Socks,Socks,kya-socks-md23-md24,ERROR,page.goto: net::ERR_NAME_NOT_RESOLVED at https://e4no22mu9tsutcr4-52545421474.shopifypreview.com/products/kya-socks-md23-md24?realift-debug-,,,,,,,,,,,,,https://e4no22mu9tsutcr4-52545421474.shopifypreview.com/products/kya-socks-md23-md24
non-footwear,type:Ballet Accessories,Ballet Accessories,fp-599,ERROR,page.goto: net::ERR_NAME_NOT_RESOLVED at https://e4no22mu9tsutcr4-52545421474.shopifypreview.com/products/fp-599?realift-debug-console=show ,,,,,,,,,,,,,https://e4no22mu9tsutcr4-52545421474.shopifypreview.com/products/fp-599
non-footwear,type:Shoe Accessories,Shoe Accessories,level-up-ac28-ac29,ERROR,page.goto: net::ERR_NAME_NOT_RESOLVED at https://e4no22mu9tsutcr4-52545421474.shopifypreview.com/products/level-up-ac28-ac29?realift-debug-c,,,,,,,,,,,,,https://e4no22mu9tsutcr4-52545421474.shopifypreview.com/products/level-up-ac28-ac29
non-footwear,type:Shoe Accessories,Shoe Accessories,cloud-9-ac36,ERROR,page.goto: net::ERR_NAME_NOT_RESOLVED at https://e4no22mu9tsutcr4-52545421474.shopifypreview.com/products/cloud-9-ac36?realift-debug-console,,,,,,,,,,,,,https://e4no22mu9tsutcr4-52545421474.shopifypreview.com/products/cloud-9-ac36
non-footwear,type:Ballet Accessories,Ballet Accessories,spray-rosin-ac34,ERROR,page.goto: net::ERR_NAME_NOT_RESOLVED at https://e4no22mu9tsutcr4-52545421474.shopifypreview.com/products/spray-rosin-ac34?realift-debug-con,,,,,,,,,,,,,https://e4no22mu9tsutcr4-52545421474.shopifypreview.com/products/spray-rosin-ac34
non-footwear,type:Shorts,Shorts,nila-kids-shorts-sl225,ERROR,page.goto: net::ERR_NAME_NOT_RESOLVED at https://e4no22mu9tsutcr4-52545421474.shopifypreview.com/products/nila-kids-shorts-sl225?realift-deb,,,,,,,,,,,,,https://e4no22mu9tsutcr4-52545421474.shopifypreview.com/products/nila-kids-shorts-sl225
non-footwear,type:Shorts,Shorts,nila-shorts-sl223,ERROR,page.goto: net::ERR_NAME_NOT_RESOLVED at https://e4no22mu9tsutcr4-52545421474.shopifypreview.com/products/nila-shorts-sl223?realift-debug-co,,,,,,,,,,,,,https://e4no22mu9tsutcr4-52545421474.shopifypreview.com/products/nila-shorts-sl223
non-footwear,type:Shorts,Shorts,sydney-kids-shorts-sl221,ERROR,page.goto: net::ERR_NAME_NOT_RESOLVED at https://e4no22mu9tsutcr4-52545421474.shopifypreview.com/products/sydney-kids-shorts-sl221?realift-d,,,,,,,,,,,,,https://e4no22mu9tsutcr4-52545421474.shopifypreview.com/products/sydney-kids-shorts-sl221
non-footwear,type:Shorts,Shorts,sydney-shorts-sl219,ERROR,page.goto: net::ERR_NAME_NOT_RESOLVED at https://e4no22mu9tsutcr4-52545421474.shopifypreview.com/products/sydney-shorts-sl219?realift-debug-,,,,,,,,,,,,,https://e4no22mu9tsutcr4-52545421474.shopifypreview.com/products/sydney-shorts-sl219
non-footwear,type:Skirts(default-non-foot),Skirts,cordelia-curvy-skirt-sl235,ERROR,page.goto: net::ERR_NAME_NOT_RESOLVED at https://e4no22mu9tsutcr4-52545421474.shopifypreview.com/products/cordelia-curvy-skirt-sl235?realift,,,,,,,,,,,,,https://e4no22mu9tsutcr4-52545421474.shopifypreview.com/products/cordelia-curvy-skirt-sl235
non-footwear,type:Activewear(default-non-foot),Activewear,kay-kids-pants-sl162,ERROR,page.goto: net::ERR_NAME_NOT_RESOLVED at https://e4no22mu9tsutcr4-52545421474.shopifypreview.com/products/kay-kids-pants-sl162?realift-debug,,,,,,,,,,,,,https://e4no22mu9tsutcr4-52545421474.shopifypreview.com/products/kay-kids-pants-sl162
non-footwear,type:Shirts & Tops,Shirts & Tops,hay-kids-jacket-sl161,ERROR,page.goto: net::ERR_NAME_NOT_RESOLVED at https://e4no22mu9tsutcr4-52545421474.shopifypreview.com/products/hay-kids-jacket-sl161?realift-debu,,,,,,,,,,,,,https://e4no22mu9tsutcr4-52545421474.shopifypreview.com/products/hay-kids-jacket-sl161
non-footwear,type:Skirts(default-non-foot),Skirts,wave-kids-pull-on-skirt-sl217,ERROR,page.goto: net::ERR_NAME_NOT_RESOLVED at https://e4no22mu9tsutcr4-52545421474.shopifypreview.com/products/wave-kids-pull-on-skirt-sl217?real,,,,,,,,,,,,,https://e4no22mu9tsutcr4-52545421474.shopifypreview.com/products/wave-kids-pull-on-skirt-sl217
non-footwear,type:Skirts(default-non-foot),Skirts,wave-skirt-sl216,ERROR,page.goto: net::ERR_NAME_NOT_RESOLVED at https://e4no22mu9tsutcr4-52545421474.shopifypreview.com/products/wave-skirt-sl216?realift-debug-con,,,,,,,,,,,,,https://e4no22mu9tsutcr4-52545421474.shopifypreview.com/products/wave-skirt-sl216
non-footwear,type:Shirts & Tops,Shirts & Tops,naya-kids-top-sl224,ERROR,page.goto: net::ERR_NAME_NOT_RESOLVED at https://e4no22mu9tsutcr4-52545421474.shopifypreview.com/products/naya-kids-top-sl224?realift-debug-,,,,,,,,,,,,,https://e4no22mu9tsutcr4-52545421474.shopifypreview.com/products/naya-kids-top-sl224
non-footwear,type:Shirts & Tops,Shirts & Tops,naya-top-sl222,ERROR,page.goto: net::ERR_NAME_NOT_RESOLVED at https://e4no22mu9tsutcr4-52545421474.shopifypreview.com/products/naya-top-sl222?realift-debug-conso,,,,,,,,,,,,,https://e4no22mu9tsutcr4-52545421474.shopifypreview.com/products/naya-top-sl222
non-footwear,type:Shirts & Tops,Shirts & Tops,sloane-kids-top-sl220,ERROR,page.goto: net::ERR_NAME_NOT_RESOLVED at https://e4no22mu9tsutcr4-52545421474.shopifypreview.com/products/sloane-kids-top-sl220?realift-debu,,,,,,,,,,,,,https://e4no22mu9tsutcr4-52545421474.shopifypreview.com/products/sloane-kids-top-sl220
non-footwear,type:Shirts & Tops,Shirts & Tops,sloane-top-sl218,ERROR,page.goto: net::ERR_NAME_NOT_RESOLVED at https://e4no22mu9tsutcr4-52545421474.shopifypreview.com/products/sloane-top-sl218?realift-debug-con,,,,,,,,,,,,,https://e4no22mu9tsutcr4-52545421474.shopifypreview.com/products/sloane-top-sl218
non-footwear,type:Leotards & Unitards(default-non-foot),Leotards & Unitards,polea-sl213,ERROR,page.goto: net::ERR_NAME_NOT_RESOLVED at https://e4no22mu9tsutcr4-52545421474.shopifypreview.com/products/polea-sl213?realift-debug-console=,,,,,,,,,,,,,https://e4no22mu9tsutcr4-52545421474.shopifypreview.com/products/polea-sl213
non-footwear,type:Leotards & Unitards(default-non-foot),Leotards & Unitards,gemina-sl212,ERROR,page.goto: net::ERR_NAME_NOT_RESOLVED at https://e4no22mu9tsutcr4-52545421474.shopifypreview.com/products/gemina-sl212?realift-debug-console,,,,,,,,,,,,,https://e4no22mu9tsutcr4-52545421474.shopifypreview.com/products/gemina-sl212
non-footwear,type:Leotards & Unitards(default-non-foot),Leotards & Unitards,maren-sl210,ERROR,page.goto: net::ERR_NAME_NOT_RESOLVED at https://e4no22mu9tsutcr4-52545421474.shopifypreview.com/products/maren-sl210?realift-debug-console=,,,,,,,,,,,,,https://e4no22mu9tsutcr4-52545421474.shopifypreview.com/products/maren-sl210
non-footwear,type:Leotards & Unitards(default-non-foot),Leotards & Unitards,marla-sl211,ERROR,page.goto: net::ERR_NAME_NOT_RESOLVED at https://e4no22mu9tsutcr4-52545421474.shopifypreview.com/products/marla-sl211?realift-debug-console=,,,,,,,,,,,,,https://e4no22mu9tsutcr4-52545421474.shopifypreview.com/products/marla-sl211
non-footwear,type:Shirts & Tops,Shirts & Tops,anala-sl226,ERROR,page.goto: net::ERR_NAME_NOT_RESOLVED at https://e4no22mu9tsutcr4-52545421474.shopifypreview.com/products/anala-sl226?realift-debug-console=,,,,,,,,,,,,,https://e4no22mu9tsutcr4-52545421474.shopifypreview.com/products/anala-sl226
non-footwear,type:Shirts & Tops,Shirts & Tops,vivara-sl177,ERROR,page.goto: net::ERR_NAME_NOT_RESOLVED at https://e4no22mu9tsutcr4-52545421474.shopifypreview.com/products/vivara-sl177?realift-debug-console,,,,,,,,,,,,,https://e4no22mu9tsutcr4-52545421474.shopifypreview.com/products/vivara-sl177
non-footwear,type:Leotards & Unitards(default-non-foot),Leotards & Unitards,sissy-sl215,ERROR,page.goto: net::ERR_NAME_NOT_RESOLVED at https://e4no22mu9tsutcr4-52545421474.shopifypreview.com/products/sissy-sl215?realift-debug-console=,,,,,,,,,,,,,https://e4no22mu9tsutcr4-52545421474.shopifypreview.com/products/sissy-sl215
non-footwear,type:Leotards & Unitards(default-non-foot),Leotards & Unitards,sierra-sl214,ERROR,page.goto: net::ERR_NAME_NOT_RESOLVED at https://e4no22mu9tsutcr4-52545421474.shopifypreview.com/products/sierra-sl214?realift-debug-console,,,,,,,,,,,,,https://e4no22mu9tsutcr4-52545421474.shopifypreview.com/products/sierra-sl214
non-footwear,type-exclude:Charm,Charms & Pendants,lacey-charms,ERROR,page.goto: net::ERR_NAME_NOT_RESOLVED at https://e4no22mu9tsutcr4-52545421474.shopifypreview.com/products/lacey-charms?realift-debug-console,,,,,,,,,,,,,https://e4no22mu9tsutcr4-52545421474.shopifypreview.com/products/lacey-charms
non-footwear,type:Shirts & Tops,Shirts & Tops,sl236-so-danca-hoodie,ERROR,page.goto: net::ERR_NAME_NOT_RESOLVED at https://e4no22mu9tsutcr4-52545421474.shopifypreview.com/products/sl236-so-danca-hoodie?realift-debu,,,,,,,,,,,,,https://e4no22mu9tsutcr4-52545421474.shopifypreview.com/products/sl236-so-danca-hoodie
non-footwear,type-exclude:Charm,Charms & Pendants,shoe-charms-ac45-49,ERROR,page.goto: net::ERR_NAME_NOT_RESOLVED at https://e4no22mu9tsutcr4-52545421474.shopifypreview.com/products/shoe-charms-ac45-49?realift-debug-,,,,,,,,,,,,,https://e4no22mu9tsutcr4-52545421474.shopifypreview.com/products/shoe-charms-ac45-49
non-footwear,title-exclude:Shirt,Activewear,promo-t-shirt,ERROR,page.goto: net::ERR_NAME_NOT_RESOLVED at https://e4no22mu9tsutcr4-52545421474.shopifypreview.com/products/promo-t-shirt?realift-debug-consol,,,,,,,,,,,,,https://e4no22mu9tsutcr4-52545421474.shopifypreview.com/products/promo-t-shirt
non-footwear,type:Shoe Accessories,Shoe Accessories,toe-tally-covered-toe-pads-ht07,ERROR,page.goto: net::ERR_NAME_NOT_RESOLVED at https://e4no22mu9tsutcr4-52545421474.shopifypreview.com/products/toe-tally-covered-toe-pads-ht07?re,,,,,,,,,,,,,https://e4no22mu9tsutcr4-52545421474.shopifypreview.com/products/toe-tally-covered-toe-pads-ht07
non-footwear,type:Leotards & Unitards(default-non-foot),Leotards & Unitards,tillie-sl172,ERROR,page.goto: net::ERR_NAME_NOT_RESOLVED at https://e4no22mu9tsutcr4-52545421474.shopifypreview.com/products/tillie-sl172?realift-debug-console,,,,,,,,,,,,,https://e4no22mu9tsutcr4-52545421474.shopifypreview.com/products/tillie-sl172
non-footwear,type:Leotards & Unitards(default-non-foot),Leotards & Unitards,truly-sl171,ERROR,page.goto: net::ERR_NAME_NOT_RESOLVED at https://e4no22mu9tsutcr4-52545421474.shopifypreview.com/products/truly-sl171?realift-debug-console=,,,,,,,,,,,,,https://e4no22mu9tsutcr4-52545421474.shopifypreview.com/products/truly-sl171
non-footwear,type:Leotards & Unitards(default-non-foot),Leotards & Unitards,keilia-sl179,ERROR,page.goto: net::ERR_NAME_NOT_RESOLVED at https://e4no22mu9tsutcr4-52545421474.shopifypreview.com/products/keilia-sl179?realift-debug-console,,,,,,,,,,,,,https://e4no22mu9tsutcr4-52545421474.shopifypreview.com/products/keilia-sl179
non-footwear,type:Leggings,Leggings,marguerite-leggings-tp17,ERROR,page.goto: net::ERR_NAME_NOT_RESOLVED at https://e4no22mu9tsutcr4-52545421474.shopifypreview.com/products/marguerite-leggings-tp17?realift-d,,,,,,,,,,,,,https://e4no22mu9tsutcr4-52545421474.shopifypreview.com/products/marguerite-leggings-tp17
non-footwear,type:Shirts & Tops,Shirts & Tops,marguerite-top-tp16,ERROR,page.goto: net::ERR_NAME_NOT_RESOLVED at https://e4no22mu9tsutcr4-52545421474.shopifypreview.com/products/marguerite-top-tp16?realift-debug-,,,,,,,,,,,,,https://e4no22mu9tsutcr4-52545421474.shopifypreview.com/products/marguerite-top-tp16
non-footwear,type:Shorts,Shorts,debbie-shorts-tp13,ERROR,page.goto: net::ERR_NAME_NOT_RESOLVED at https://e4no22mu9tsutcr4-52545421474.shopifypreview.com/products/debbie-shorts-tp13?realift-debug-c,,,,,,,,,,,,,https://e4no22mu9tsutcr4-52545421474.shopifypreview.com/products/debbie-shorts-tp13
non-footwear,type:Shirts & Tops,Shirts & Tops,debbie-top-tp12,ERROR,page.goto: net::ERR_NAME_NOT_RESOLVED at https://e4no22mu9tsutcr4-52545421474.shopifypreview.com/products/debbie-top-tp12?realift-debug-cons,,,,,,,,,,,,,https://e4no22mu9tsutcr4-52545421474.shopifypreview.com/products/debbie-top-tp12
non-footwear,type:Leotards & Unitards(default-non-foot),Leotards & Unitards,tina-tpe09,ERROR,page.goto: net::ERR_NAME_NOT_RESOLVED at https://e4no22mu9tsutcr4-52545421474.shopifypreview.com/products/tina-tpe09?realift-debug-console=s,,,,,,,,,,,,,https://e4no22mu9tsutcr4-52545421474.shopifypreview.com/products/tina-tpe09
non-footwear,type:Leotards & Unitards(default-non-foot),Leotards & Unitards,natasha-tpe22,ERROR,page.goto: net::ERR_NAME_NOT_RESOLVED at https://e4no22mu9tsutcr4-52545421474.shopifypreview.com/products/natasha-tpe22?realift-debug-consol,,,,,,,,,,,,,https://e4no22mu9tsutcr4-52545421474.shopifypreview.com/products/natasha-tpe22
non-footwear,type-exclude:Backpack,Backpacks,cali-backpack-bp04,ERROR,page.goto: net::ERR_NAME_NOT_RESOLVED at https://e4no22mu9tsutcr4-52545421474.shopifypreview.com/products/cali-backpack-bp04?realift-debug-c,,,,,,,,,,,,,https://e4no22mu9tsutcr4-52545421474.shopifypreview.com/products/cali-backpack-bp04
non-footwear,type:Ballet Accessories,Ballet Accessories,flex-ac30,ERROR,page.goto: net::ERR_NAME_NOT_RESOLVED at https://e4no22mu9tsutcr4-52545421474.shopifypreview.com/products/flex-ac30?realift-debug-console=sh,,,,,,,,,,,,,https://e4no22mu9tsutcr4-52545421474.shopifypreview.com/products/flex-ac30
non-footwear,type:Ballet Accessories,Ballet Accessories,glue-teus-maximus-ac33,ERROR,page.goto: net::ERR_NAME_NOT_RESOLVED at https://e4no22mu9tsutcr4-52545421474.shopifypreview.com/products/glue-teus-maximus-ac33?realift-deb,,,,,,,,,,,,,https://e4no22mu9tsutcr4-52545421474.shopifypreview.com/products/glue-teus-maximus-ac33
non-footwear,type:Hosiery(default-non-foot),Hosiery,tights-ts99,ERROR,page.goto: net::ERR_NAME_NOT_RESOLVED at https://e4no22mu9tsutcr4-52545421474.shopifypreview.com/products/tights-ts99?realift-debug-console=,,,,,,,,,,,,,https://e4no22mu9tsutcr4-52545421474.shopifypreview.com/products/tights-ts99
non-footwear,type:Hosiery(default-non-foot),Hosiery,tights-ts100,ERROR,page.goto: net::ERR_NAME_NOT_RESOLVED at https://e4no22mu9tsutcr4-52545421474.shopifypreview.com/products/tights-ts100?realift-debug-console,,,,,,,,,,,,,https://e4no22mu9tsutcr4-52545421474.shopifypreview.com/products/tights-ts100
non-footwear,type-exclude:Backpack,Backpacks,the-tutu-bag-bg699,ERROR,page.goto: net::ERR_NAME_NOT_RESOLVED at https://e4no22mu9tsutcr4-52545421474.shopifypreview.com/products/the-tutu-bag-bg699?realift-debug-c,,,,,,,,,,,,,https://e4no22mu9tsutcr4-52545421474.shopifypreview.com/products/the-tutu-bag-bg699
non-footwear,type:Shorts,Shorts,rayna-shorts-sl170,ERROR,page.goto: net::ERR_NAME_NOT_RESOLVED at https://e4no22mu9tsutcr4-52545421474.shopifypreview.com/products/rayna-shorts-sl170?realift-debug-c,,,,,,,,,,,,,https://e4no22mu9tsutcr4-52545421474.shopifypreview.com/products/rayna-shorts-sl170
non-footwear,type:Shorts,Shorts,raya-shorts-sl169,ERROR,page.goto: net::ERR_NAME_NOT_RESOLVED at https://e4no22mu9tsutcr4-52545421474.shopifypreview.com/products/raya-shorts-sl169?realift-debug-co,,,,,,,,,,,,,https://e4no22mu9tsutcr4-52545421474.shopifypreview.com/products/raya-shorts-sl169
non-footwear,type:Shirts & Tops,Shirts & Tops,ember-kids-top-sl206,ERROR,page.goto: net::ERR_NAME_NOT_RESOLVED at https://e4no22mu9tsutcr4-52545421474.shopifypreview.com/products/ember-kids-top-sl206?realift-debug,,,,,,,,,,,,,https://e4no22mu9tsutcr4-52545421474.shopifypreview.com/products/ember-kids-top-sl206
non-footwear,type:Shirts & Tops,Shirts & Tops,ember-top-sl205,ERROR,page.goto: net::ERR_NAME_NOT_RESOLVED at https://e4no22mu9tsutcr4-52545421474.shopifypreview.com/products/ember-top-sl205?realift-debug-cons,,,,,,,,,,,,,https://e4no22mu9tsutcr4-52545421474.shopifypreview.com/products/ember-top-sl205
non-footwear,type:Leotards & Unitards(default-non-foot),Leotards & Unitards,mystery-bag-leotard,ERROR,page.goto: net::ERR_NAME_NOT_RESOLVED at https://e4no22mu9tsutcr4-52545421474.shopifypreview.com/products/mystery-bag-leotard?realift-debug-,,,,,,,,,,,,,https://e4no22mu9tsutcr4-52545421474.shopifypreview.com/products/mystery-bag-leotard
non-footwear,type:Exercise Balls(default-non-foot),Exercise Balls,footsie-rolls-ac26,ERROR,page.goto: net::ERR_NAME_NOT_RESOLVED at https://e4no22mu9tsutcr4-52545421474.shopifypreview.com/products/footsie-rolls-ac26?realift-debug-c,,,,,,,,,,,,,https://e4no22mu9tsutcr4-52545421474.shopifypreview.com/products/footsie-rolls-ac26
non-footwear,type:Leotards & Unitards(default-non-foot),Leotards & Unitards,harper-sl186,ERROR,page.goto: net::ERR_NAME_NOT_RESOLVED at https://e4no22mu9tsutcr4-52545421474.shopifypreview.com/products/harper-sl186?realift-debug-console,,,,,,,,,,,,,https://e4no22mu9tsutcr4-52545421474.shopifypreview.com/products/harper-sl186
non-footwear,type:Leotards & Unitards(default-non-foot),Leotards & Unitards,mirielle-sl208,ERROR,page.goto: net::ERR_NAME_NOT_RESOLVED at https://e4no22mu9tsutcr4-52545421474.shopifypreview.com/products/mirielle-sl208?realift-debug-conso,,,,,,,,,,,,,https://e4no22mu9tsutcr4-52545421474.shopifypreview.com/products/mirielle-sl208
non-footwear,type:Shirts & Tops,Shirts & Tops,show-kids-top-sl200,ERROR,page.goto: net::ERR_NAME_NOT_RESOLVED at https://e4no22mu9tsutcr4-52545421474.shopifypreview.com/products/show-kids-top-sl200?realift-debug-,,,,,,,,,,,,,https://e4no22mu9tsutcr4-52545421474.shopifypreview.com/products/show-kids-top-sl200
non-footwear,type:Shirts & Tops,Shirts & Tops,show-top-sl199,ERROR,page.goto: net::ERR_NAME_NOT_RESOLVED at https://e4no22mu9tsutcr4-52545421474.shopifypreview.com/products/show-top-sl199?realift-debug-conso,,,,,,,,,,,,,https://e4no22mu9tsutcr4-52545421474.shopifypreview.com/products/show-top-sl199
non-footwear,type:Leotards & Unitards(default-non-foot),Leotards & Unitards,tricia-sl196,ERROR,page.goto: net::ERR_NAME_NOT_RESOLVED at https://e4no22mu9tsutcr4-52545421474.shopifypreview.com/products/tricia-sl196?realift-debug-console,,,,,,,,,,,,,https://e4no22mu9tsutcr4-52545421474.shopifypreview.com/products/tricia-sl196
non-footwear,type:Shirts & Tops,Shirts & Tops,rida-sl207,ERROR,page.goto: net::ERR_NAME_NOT_RESOLVED at https://e4no22mu9tsutcr4-52545421474.shopifypreview.com/products/rida-sl207?realift-debug-console=s,,,,,,,,,,,,,https://e4no22mu9tsutcr4-52545421474.shopifypreview.com/products/rida-sl207
non-footwear,type:Shirts & Tops,Shirts & Tops,frida-sl191,ERROR,page.goto: net::ERR_NAME_NOT_RESOLVED at https://e4no22mu9tsutcr4-52545421474.shopifypreview.com/products/frida-sl191?realift-debug-console=,,,,,,,,,,,,,https://e4no22mu9tsutcr4-52545421474.shopifypreview.com/products/frida-sl191
non-footwear,type:Leotards & Unitards(default-non-foot),Leotards & Unitards,keilani-sl173,ERROR,page.goto: net::ERR_NAME_NOT_RESOLVED at https://e4no22mu9tsutcr4-52545421474.shopifypreview.com/products/keilani-sl173?realift-debug-consol,,,,,,,,,,,,,https://e4no22mu9tsutcr4-52545421474.shopifypreview.com/products/keilani-sl173
non-footwear,type:Activewear(default-non-foot),Activewear,glow-control-towel,ERROR,page.goto: net::ERR_NAME_NOT_RESOLVED at https://e4no22mu9tsutcr4-52545421474.shopifypreview.com/products/glow-control-towel?realift-debug-c,,,,,,,,,,,,,https://e4no22mu9tsutcr4-52545421474.shopifypreview.com/products/glow-control-towel
non-footwear,type:Leotards & Unitards(default-non-foot),Leotards & Unitards,tyra-sl195,ERROR,page.goto: net::ERR_NAME_NOT_RESOLVED at https://e4no22mu9tsutcr4-52545421474.shopifypreview.com/products/tyra-sl195?realift-debug-console=s,,,,,,,,,,,,,https://e4no22mu9tsutcr4-52545421474.shopifypreview.com/products/tyra-sl195
non-footwear,type:Leotards & Unitards(default-non-foot),Leotards & Unitards,briony-sl194,ERROR,page.goto: net::ERR_NAME_NOT_RESOLVED at https://e4no22mu9tsutcr4-52545421474.shopifypreview.com/products/briony-sl194?realift-debug-console,,,,,,,,,,,,,https://e4no22mu9tsutcr4-52545421474.shopifypreview.com/products/briony-sl194
non-footwear,type:Leotards & Unitards(default-non-foot),Leotards & Unitards,leanne-sl193,ERROR,page.goto: net::ERR_NAME_NOT_RESOLVED at https://e4no22mu9tsutcr4-52545421474.shopifypreview.com/products/leanne-sl193?realift-debug-console,,,,,,,,,,,,,https://e4no22mu9tsutcr4-52545421474.shopifypreview.com/products/leanne-sl193
non-footwear,type:Leotards & Unitards(default-non-foot),Leotards & Unitards,kirsty-sl202,ERROR,page.goto: net::ERR_NAME_NOT_RESOLVED at https://e4no22mu9tsutcr4-52545421474.shopifypreview.com/products/kirsty-sl202?realift-debug-console,,,,,,,,,,,,,https://e4no22mu9tsutcr4-52545421474.shopifypreview.com/products/kirsty-sl202
non-footwear,type:Leotards & Unitards(default-non-foot),Leotards & Unitards,kirsten-sl201,ERROR,page.goto: net::ERR_NAME_NOT_RESOLVED at https://e4no22mu9tsutcr4-52545421474.shopifypreview.com/products/kirsten-sl201?realift-debug-consol,,,,,,,,,,,,,https://e4no22mu9tsutcr4-52545421474.shopifypreview.com/products/kirsten-sl201
non-footwear,type:Leotards & Unitards(default-non-foot),Leotards & Unitards,miley-sl192,ERROR,page.goto: net::ERR_NAME_NOT_RESOLVED at https://e4no22mu9tsutcr4-52545421474.shopifypreview.com/products/miley-sl192?realift-debug-console=,,,,,,,,,,,,,https://e4no22mu9tsutcr4-52545421474.shopifypreview.com/products/miley-sl192
non-footwear,type:Leotards & Unitards(default-non-foot),Leotards & Unitards,kenna-sl197,ERROR,page.goto: net::ERR_NAME_NOT_RESOLVED at https://e4no22mu9tsutcr4-52545421474.shopifypreview.com/products/kenna-sl197?realift-debug-console=,,,,,,,,,,,,,https://e4no22mu9tsutcr4-52545421474.shopifypreview.com/products/kenna-sl197
non-footwear,title-exclude:Legging,Pants,nivi-leggings-sl198,ERROR,page.goto: net::ERR_NAME_NOT_RESOLVED at https://e4no22mu9tsutcr4-52545421474.shopifypreview.com/products/nivi-leggings-sl198?realift-debug-,,,,,,,,,,,,,https://e4no22mu9tsutcr4-52545421474.shopifypreview.com/products/nivi-leggings-sl198
non-footwear,type:Pants(default-non-foot),Pants,izzy-kids-leggings-sl204,ERROR,page.goto: net::ERR_NAME_NOT_RESOLVED at https://e4no22mu9tsutcr4-52545421474.shopifypreview.com/products/izzy-kids-leggings-sl204?realift-d,,,,,,,,,,,,,https://e4no22mu9tsutcr4-52545421474.shopifypreview.com/products/izzy-kids-leggings-sl204
non-footwear,type:Pants(default-non-foot),Pants,izzy-leggings-sl203,ERROR,page.goto: net::ERR_NAME_NOT_RESOLVED at https://e4no22mu9tsutcr4-52545421474.shopifypreview.com/products/izzy-leggings-sl203?realift-debug-,,,,,,,,,,,,,https://e4no22mu9tsutcr4-52545421474.shopifypreview.com/products/izzy-leggings-sl203
non-footwear,type:Hair Accessories,Hair Accessories,hairclip,ERROR,page.goto: net::ERR_NAME_NOT_RESOLVED at https://e4no22mu9tsutcr4-52545421474.shopifypreview.com/products/hairclip?realift-debug-console=sho,,,,,,,,,,,,,https://e4no22mu9tsutcr4-52545421474.shopifypreview.com/products/hairclip
non-footwear,type:Leotards & Unitards(default-non-foot),Leotards & Unitards,yvonna-sl184,ERROR,page.goto: net::ERR_NAME_NOT_RESOLVED at https://e4no22mu9tsutcr4-52545421474.shopifypreview.com/products/yvonna-sl184?realift-debug-console,,,,,,,,,,,,,https://e4no22mu9tsutcr4-52545421474.shopifypreview.com/products/yvonna-sl184
non-footwear,type:Leotards & Unitards(default-non-foot),Leotards & Unitards,gal-sl183,ERROR,page.goto: net::ERR_NAME_NOT_RESOLVED at https://e4no22mu9tsutcr4-52545421474.shopifypreview.com/products/gal-sl183?realift-debug-console=sh,,,,,,,,,,,,,https://e4no22mu9tsutcr4-52545421474.shopifypreview.com/products/gal-sl183
non-footwear,type:Leotards & Unitards(default-non-foot),Leotards & Unitards,amaya-sl182,ERROR,page.goto: net::ERR_NAME_NOT_RESOLVED at https://e4no22mu9tsutcr4-52545421474.shopifypreview.com/products/amaya-sl182?realift-debug-console=,,,,,,,,,,,,,https://e4no22mu9tsutcr4-52545421474.shopifypreview.com/products/amaya-sl182
non-footwear,type:Leotards & Unitards(default-non-foot),Leotards & Unitards,edileia-sl185,ERROR,page.goto: net::ERR_NAME_NOT_RESOLVED at https://e4no22mu9tsutcr4-52545421474.shopifypreview.com/products/edileia-sl185?realift-debug-consol,,,,,,,,,,,,,https://e4no22mu9tsutcr4-52545421474.shopifypreview.com/products/edileia-sl185
non-footwear,type:Skirts(default-non-foot),Skirts,evelyn-skirt-sl227,ERROR,page.goto: net::ERR_NAME_NOT_RESOLVED at https://e4no22mu9tsutcr4-52545421474.shopifypreview.com/products/evelyn-skirt-sl227?realift-debug-c,,,,,,,,,,,,,https://e4no22mu9tsutcr4-52545421474.shopifypreview.com/products/evelyn-skirt-sl227
non-footwear,type:Leotards & Unitards(default-non-foot),Leotards & Unitards,lucille-sl174,ERROR,page.goto: net::ERR_NAME_NOT_RESOLVED at https://e4no22mu9tsutcr4-52545421474.shopifypreview.com/products/lucille-sl174?realift-debug-consol,,,,,,,,,,,,,https://e4no22mu9tsutcr4-52545421474.shopifypreview.com/products/lucille-sl174
non-footwear,type:Leotards & Unitards(default-non-foot),Leotards & Unitards,luci-sl175,ERROR,page.goto: net::ERR_NAME_NOT_RESOLVED at https://e4no22mu9tsutcr4-52545421474.shopifypreview.com/products/luci-sl175?realift-debug-console=s,,,,,,,,,,,,,https://e4no22mu9tsutcr4-52545421474.shopifypreview.com/products/luci-sl175
non-footwear,type:Leotards & Unitards(default-non-foot),Leotards & Unitards,yvonnette-sl166,ERROR,page.goto: net::ERR_NAME_NOT_RESOLVED at https://e4no22mu9tsutcr4-52545421474.shopifypreview.com/products/yvonnette-sl166?realift-debug-cons,,,,,,,,,,,,,https://e4no22mu9tsutcr4-52545421474.shopifypreview.com/products/yvonnette-sl166
non-footwear,type:Leotards & Unitards(default-non-foot),Leotards & Unitards,yvonne-sl165,ERROR,page.goto: net::ERR_NAME_NOT_RESOLVED at https://e4no22mu9tsutcr4-52545421474.shopifypreview.com/products/yvonne-sl165?realift-debug-console,,,,,,,,,,,,,https://e4no22mu9tsutcr4-52545421474.shopifypreview.com/products/yvonne-sl165
non-footwear,type:Shoe Accessories,Shoe Accessories,silicone-toe-pads-ht03,ERROR,page.goto: net::ERR_NAME_NOT_RESOLVED at https://e4no22mu9tsutcr4-52545421474.shopifypreview.com/products/silicone-toe-pads-ht03?realift-deb,,,,,,,,,,,,,https://e4no22mu9tsutcr4-52545421474.shopifypreview.com/products/silicone-toe-pads-ht03
non-footwear,type:Shoe Accessories,Shoe Accessories,nylon-toe-pads-ht02,ERROR,page.goto: net::ERR_NAME_NOT_RESOLVED at https://e4no22mu9tsutcr4-52545421474.shopifypreview.com/products/nylon-toe-pads-ht02?realift-debug-,,,,,,,,,,,,,https://e4no22mu9tsutcr4-52545421474.shopifypreview.com/products/nylon-toe-pads-ht02
non-footwear,type:Leotards & Unitards(default-non-foot),Leotards & Unitards,sorsha-sl176,ERROR,page.goto: net::ERR_NAME_NOT_RESOLVED at https://e4no22mu9tsutcr4-52545421474.shopifypreview.com/products/sorsha-sl176?realift-debug-console,,,,,,,,,,,,,https://e4no22mu9tsutcr4-52545421474.shopifypreview.com/products/sorsha-sl176
non-footwear,title-exclude:Short,Bodyliner,riya-adult-body-liner-shorts-ug211,ERROR,page.goto: net::ERR_NAME_NOT_RESOLVED at https://e4no22mu9tsutcr4-52545421474.shopifypreview.com/products/riya-adult-body-liner-shorts-ug211,,,,,,,,,,,,,https://e4no22mu9tsutcr4-52545421474.shopifypreview.com/products/riya-adult-body-liner-shorts-ug211
non-footwear,type:Bodyliner(default-non-foot),Bodyliner,lyra-adult-body-liner-briefs-ug210,ERROR,page.goto: net::ERR_NAME_NOT_RESOLVED at https://e4no22mu9tsutcr4-52545421474.shopifypreview.com/products/lyra-adult-body-liner-briefs-ug210,,,,,,,,,,,,,https://e4no22mu9tsutcr4-52545421474.shopifypreview.com/products/lyra-adult-body-liner-briefs-ug210
non-footwear,type:Camisole Bodyliner(default-non-foot),Camisole Bodyliner,luella-tank-body-liner-ug213,ERROR,page.goto: net::ERR_NAME_NOT_RESOLVED at https://e4no22mu9tsutcr4-52545421474.shopifypreview.com/products/luella-tank-body-liner-ug213?reali,,,,,,,,,,,,,https://e4no22mu9tsutcr4-52545421474.shopifypreview.com/products/luella-tank-body-liner-ug213
non-footwear,type:Camisole Bodyliner(default-non-foot),Camisole Bodyliner,paloma-body-liner-ug212,ERROR,page.goto: net::ERR_NAME_NOT_RESOLVED at https://e4no22mu9tsutcr4-52545421474.shopifypreview.com/products/paloma-body-liner-ug212?realift-de,,,,,,,,,,,,,https://e4no22mu9tsutcr4-52545421474.shopifypreview.com/products/paloma-body-liner-ug212
non-footwear,type:Bodyliner(default-non-foot),Bodyliner,chana-body-liner-top-ug209,ERROR,page.goto: net::ERR_NAME_NOT_RESOLVED at https://e4no22mu9tsutcr4-52545421474.shopifypreview.com/products/chana-body-liner-top-ug209?realift,,,,,,,,,,,,,https://e4no22mu9tsutcr4-52545421474.shopifypreview.com/products/chana-body-liner-top-ug209
non-footwear,type:Bodyliner(default-non-foot),Bodyliner,nina-dance-bra-top-ug203,ERROR,page.goto: net::ERR_NAME_NOT_RESOLVED at https://e4no22mu9tsutcr4-52545421474.shopifypreview.com/products/nina-dance-bra-top-ug203?realift-d,,,,,,,,,,,,,https://e4no22mu9tsutcr4-52545421474.shopifypreview.com/products/nina-dance-bra-top-ug203
non-footwear,type:One-Pieces(default-non-foot),One-Pieces,stark-biketard-ug217,ERROR,page.goto: net::ERR_NAME_NOT_RESOLVED at https://e4no22mu9tsutcr4-52545421474.shopifypreview.com/products/stark-biketard-ug217?realift-debug,,,,,,,,,,,,,https://e4no22mu9tsutcr4-52545421474.shopifypreview.com/products/stark-biketard-ug217
non-footwear,type:One-Pieces(default-non-foot),One-Pieces,tyrian-leotard-ug218,ERROR,page.goto: net::ERR_NAME_NOT_RESOLVED at https://e4no22mu9tsutcr4-52545421474.shopifypreview.com/products/tyrian-leotard-ug218?realift-debug,,,,,,,,,,,,,https://e4no22mu9tsutcr4-52545421474.shopifypreview.com/products/tyrian-leotard-ug218
non-footwear,type:Tights(default-non-foot),Tights,beau-tights-ug216,ERROR,page.goto: net::ERR_NAME_NOT_RESOLVED at https://e4no22mu9tsutcr4-52545421474.shopifypreview.com/products/beau-tights-ug216?realift-debug-co,,,,,,,,,,,,,https://e4no22mu9tsutcr4-52545421474.shopifypreview.com/products/beau-tights-ug216
non-footwear,type:Shirts & Tops,Shirts & Tops,milo-top-ug215,ERROR,page.goto: net::ERR_NAME_NOT_RESOLVED at https://e4no22mu9tsutcr4-52545421474.shopifypreview.com/products/milo-top-ug215?realift-debug-conso,,,,,,,,,,,,,https://e4no22mu9tsutcr4-52545421474.shopifypreview.com/products/milo-top-ug215
non-footwear,type:Shorts,Shorts,logan-shorts-ug222,ERROR,page.goto: net::ERR_NAME_NOT_RESOLVED at https://e4no22mu9tsutcr4-52545421474.shopifypreview.com/products/logan-shorts-ug222?realift-debug-c,,,,,,,,,,,,,https://e4no22mu9tsutcr4-52545421474.shopifypreview.com/products/logan-shorts-ug222
non-footwear,type:Shorts,Shorts,luca-shorts-ug221,ERROR,page.goto: net::ERR_NAME_NOT_RESOLVED at https://e4no22mu9tsutcr4-52545421474.shopifypreview.com/products/luca-shorts-ug221?realift-debug-co,,,,,,,,,,,,,https://e4no22mu9tsutcr4-52545421474.shopifypreview.com/products/luca-shorts-ug221
non-footwear,type-exclude:Belt,Quilted Dance Belt,maverick-ug220,ERROR,page.goto: net::ERR_NAME_NOT_RESOLVED at https://e4no22mu9tsutcr4-52545421474.shopifypreview.com/products/maverick-ug220?realift-debug-conso,,,,,,,,,,,,,https://e4no22mu9tsutcr4-52545421474.shopifypreview.com/products/maverick-ug220
non-footwear,type-exclude:Belt,Quilted Dance Belt,leonardo-ug219,ERROR,page.goto: net::ERR_NAME_NOT_RESOLVED at https://e4no22mu9tsutcr4-52545421474.shopifypreview.com/products/leonardo-ug219?realift-debug-conso,,,,,,,,,,,,,https://e4no22mu9tsutcr4-52545421474.shopifypreview.com/products/leonardo-ug219
non-footwear,type:Leotards & Unitards(default-non-foot),Leotards & Unitards,fran-sl168,ERROR,page.goto: net::ERR_NAME_NOT_RESOLVED at https://e4no22mu9tsutcr4-52545421474.shopifypreview.com/products/fran-sl168?realift-debug-console=s,,,,,,,,,,,,,https://e4no22mu9tsutcr4-52545421474.shopifypreview.com/products/fran-sl168
non-footwear,type:Leotards & Unitards(default-non-foot),Leotards & Unitards,franca-sl167,ERROR,page.goto: net::ERR_NAME_NOT_RESOLVED at https://e4no22mu9tsutcr4-52545421474.shopifypreview.com/products/franca-sl167?realift-debug-console,,,,,,,,,,,,,https://e4no22mu9tsutcr4-52545421474.shopifypreview.com/products/franca-sl167
non-footwear,type:Skirts(default-non-foot),Skirts,camille-sl234,ERROR,page.goto: net::ERR_NAME_NOT_RESOLVED at https://e4no22mu9tsutcr4-52545421474.shopifypreview.com/products/camille-sl234?realift-debug-consol,,,,,,,,,,,,,https://e4no22mu9tsutcr4-52545421474.shopifypreview.com/products/camille-sl234
non-footwear,type:Shirts & Tops,Shirts & Tops,kylie-kids-top-sl146,ERROR,page.goto: net::ERR_NAME_NOT_RESOLVED at https://e4no22mu9tsutcr4-52545421474.shopifypreview.com/products/kylie-kids-top-sl146?realift-debug,,,,,,,,,,,,,https://e4no22mu9tsutcr4-52545421474.shopifypreview.com/products/kylie-kids-top-sl146
non-footwear,type:Shirts & Tops,Shirts & Tops,kylia-top-sl145,ERROR,page.goto: net::ERR_NAME_NOT_RESOLVED at https://e4no22mu9tsutcr4-52545421474.shopifypreview.com/products/kylia-top-sl145?realift-debug-cons,,,,,,,,,,,,,https://e4no22mu9tsutcr4-52545421474.shopifypreview.com/products/kylia-top-sl145
non-footwear,type:Shirts & Tops,Shirts & Tops,layla-kids-top-sl144,ERROR,page.goto: net::ERR_NAME_NOT_RESOLVED at https://e4no22mu9tsutcr4-52545421474.shopifypreview.com/products/layla-kids-top-sl144?realift-debug,,,,,,,,,,,,,https://e4no22mu9tsutcr4-52545421474.shopifypreview.com/products/layla-kids-top-sl144
non-footwear,type:Shirts & Tops,Shirts & Tops,layla-top-sl143,ERROR,page.goto: net::ERR_NAME_NOT_RESOLVED at https://e4no22mu9tsutcr4-52545421474.shopifypreview.com/products/layla-top-sl143?realift-debug-cons,,,,,,,,,,,,,https://e4no22mu9tsutcr4-52545421474.shopifypreview.com/products/layla-top-sl143
non-footwear,type:Shirts & Tops,Shirts & Tops,greta-kids-top-sl142,ERROR,page.goto: net::ERR_NAME_NOT_RESOLVED at https://e4no22mu9tsutcr4-52545421474.shopifypreview.com/products/greta-kids-top-sl142?realift-debug,,,,,,,,,,,,,https://e4no22mu9tsutcr4-52545421474.shopifypreview.com/products/greta-kids-top-sl142
non-footwear,type:Shirts & Tops,Shirts & Tops,greta-top-sl141,ERROR,page.goto: net::ERR_NAME_NOT_RESOLVED at https://e4no22mu9tsutcr4-52545421474.shopifypreview.com/products/greta-top-sl141?realift-debug-cons,,,,,,,,,,,,,https://e4no22mu9tsutcr4-52545421474.shopifypreview.com/products/greta-top-sl141
non-footwear,type:Leotards & Unitards(default-non-foot),Leotards & Unitards,gillian-sl123,ERROR,page.goto: net::ERR_NAME_NOT_RESOLVED at https://e4no22mu9tsutcr4-52545421474.shopifypreview.com/products/gillian-sl123?realift-debug-consol,,,,,,,,,,,,,https://e4no22mu9tsutcr4-52545421474.shopifypreview.com/products/gillian-sl123
non-footwear,type:Leotards & Unitards(default-non-foot),Leotards & Unitards,christabel-sl122,ERROR,page.goto: net::ERR_NAME_NOT_RESOLVED at https://e4no22mu9tsutcr4-52545421474.shopifypreview.com/products/christabel-sl122?realift-debug-con,,,,,,,,,,,,,https://e4no22mu9tsutcr4-52545421474.shopifypreview.com/products/christabel-sl122
non-footwear,type:Leotards & Unitards(default-non-foot),Leotards & Unitards,talulla-sl121,ERROR,page.goto: net::ERR_NAME_NOT_RESOLVED at https://e4no22mu9tsutcr4-52545421474.shopifypreview.com/products/talulla-sl121?realift-debug-consol,,,,,,,,,,,,,https://e4no22mu9tsutcr4-52545421474.shopifypreview.com/products/talulla-sl121
non-footwear,type:Leotards & Unitards(default-non-foot),Leotards & Unitards,lucinda-sl120,ERROR,page.goto: net::ERR_NAME_NOT_RESOLVED at https://e4no22mu9tsutcr4-52545421474.shopifypreview.com/products/lucinda-sl120?realift-debug-consol,,,,,,,,,,,,,https://e4no22mu9tsutcr4-52545421474.shopifypreview.com/products/lucinda-sl120
non-footwear,type:Skirts(default-non-foot),Skirts,yoli-skirt-sl148,ERROR,page.goto: net::ERR_NAME_NOT_RESOLVED at https://e4no22mu9tsutcr4-52545421474.shopifypreview.com/products/yoli-skirt-sl148?realift-debug-con,,,,,,,,,,,,,https://e4no22mu9tsutcr4-52545421474.shopifypreview.com/products/yoli-skirt-sl148
non-footwear,type:Skirts(default-non-foot),Skirts,yolanda-skirt-sl147,ERROR,page.goto: net::ERR_NAME_NOT_RESOLVED at https://e4no22mu9tsutcr4-52545421474.shopifypreview.com/products/yolanda-skirt-sl147?realift-debug-,,,,,,,,,,,,,https://e4no22mu9tsutcr4-52545421474.shopifypreview.com/products/yolanda-skirt-sl147
non-footwear,type:Skirts(default-non-foot),Skirts,yasmina-skirt-sl150,ERROR,page.goto: net::ERR_NAME_NOT_RESOLVED at https://e4no22mu9tsutcr4-52545421474.shopifypreview.com/products/yasmina-skirt-sl150?realift-debug-,,,,,,,,,,,,,https://e4no22mu9tsutcr4-52545421474.shopifypreview.com/products/yasmina-skirt-sl150
non-footwear,type:Skirts(default-non-foot),Skirts,yasmin-skirt-sl149,ERROR,page.goto: net::ERR_NAME_NOT_RESOLVED at https://e4no22mu9tsutcr4-52545421474.shopifypreview.com/products/yasmin-skirt-sl149?realift-debug-c,,,,,,,,,,,,,https://e4no22mu9tsutcr4-52545421474.shopifypreview.com/products/yasmin-skirt-sl149
non-footwear,type:Leggings,Leggings,klera-kids-leggings-sl156,ERROR,page.goto: net::ERR_NAME_NOT_RESOLVED at https://e4no22mu9tsutcr4-52545421474.shopifypreview.com/products/klera-kids-leggings-sl156?realift-,,,,,,,,,,,,,https://e4no22mu9tsutcr4-52545421474.shopifypreview.com/products/klera-kids-leggings-sl156
non-footwear,type:Leggings,Leggings,klera-pants-sl155,ERROR,page.goto: net::ERR_NAME_NOT_RESOLVED at https://e4no22mu9tsutcr4-52545421474.shopifypreview.com/products/klera-pants-sl155?realift-debug-co,,,,,,,,,,,,,https://e4no22mu9tsutcr4-52545421474.shopifypreview.com/products/klera-pants-sl155
non-footwear,type:Leggings,Leggings,fara-kids-pants-sl154,ERROR,page.goto: net::ERR_NAME_NOT_RESOLVED at https://e4no22mu9tsutcr4-52545421474.shopifypreview.com/products/fara-kids-pants-sl154?realift-debu,,,,,,,,,,,,,https://e4no22mu9tsutcr4-52545421474.shopifypreview.com/products/fara-kids-pants-sl154
non-footwear,type:Pants(default-non-foot),Pants,fara-leggings-sl153,ERROR,page.goto: net::ERR_NAME_NOT_RESOLVED at https://e4no22mu9tsutcr4-52545421474.shopifypreview.com/products/fara-leggings-sl153?realift-debug-,,,,,,,,,,,,,https://e4no22mu9tsutcr4-52545421474.shopifypreview.com/products/fara-leggings-sl153
non-footwear,type:Leggings,Leggings,ekta-kids-leggings-sl152,ERROR,page.goto: net::ERR_NAME_NOT_RESOLVED at https://e4no22mu9tsutcr4-52545421474.shopifypreview.com/products/ekta-kids-leggings-sl152?realift-d,,,,,,,,,,,,,https://e4no22mu9tsutcr4-52545421474.shopifypreview.com/products/ekta-kids-leggings-sl152
non-footwear,type:Leggings,Leggings,ekta-pants-sl151,ERROR,page.goto: net::ERR_NAME_NOT_RESOLVED at https://e4no22mu9tsutcr4-52545421474.shopifypreview.com/products/ekta-pants-sl151?realift-debug-con,,,,,,,,,,,,,https://e4no22mu9tsutcr4-52545421474.shopifypreview.com/products/ekta-pants-sl151
non-footwear,type:Leotards & Unitards(default-non-foot),Leotards & Unitards,nikita-sl140,ERROR,page.goto: net::ERR_NAME_NOT_RESOLVED at https://e4no22mu9tsutcr4-52545421474.shopifypreview.com/products/nikita-sl140?realift-debug-console,,,,,,,,,,,,,https://e4no22mu9tsutcr4-52545421474.shopifypreview.com/products/nikita-sl140
non-footwear,type:Leotards & Unitards(default-non-foot),Leotards & Unitards,fab-deb-sl139,ERROR,page.goto: net::ERR_NAME_NOT_RESOLVED at https://e4no22mu9tsutcr4-52545421474.shopifypreview.com/products/fab-deb-sl139?realift-debug-consol,,,,,,,,,,,,,https://e4no22mu9tsutcr4-52545421474.shopifypreview.com/products/fab-deb-sl139
non-footwear,type:Leotards & Unitards(default-non-foot),Leotards & Unitards,gemette-sl128,ERROR,page.goto: net::ERR_NAME_NOT_RESOLVED at https://e4no22mu9tsutcr4-52545421474.shopifypreview.com/products/gemette-sl128?realift-debug-consol,,,,,,,,,,,,,https://e4no22mu9tsutcr4-52545421474.shopifypreview.com/products/gemette-sl128
non-footwear,type:Leotards & Unitards(default-non-foot),Leotards & Unitards,gem-sl127,ERROR,page.goto: net::ERR_NAME_NOT_RESOLVED at https://e4no22mu9tsutcr4-52545421474.shopifypreview.com/products/gem-sl127?realift-debug-console=sh,,,,,,,,,,,,,https://e4no22mu9tsutcr4-52545421474.shopifypreview.com/products/gem-sl127
non-footwear,type:Leotards & Unitards(default-non-foot),Leotards & Unitards,enya-sl133,ERROR,page.goto: net::ERR_NAME_NOT_RESOLVED at https://e4no22mu9tsutcr4-52545421474.shopifypreview.com/products/enya-sl133?realift-debug-console=s,,,,,,,,,,,,,https://e4no22mu9tsutcr4-52545421474.shopifypreview.com/products/enya-sl133
non-footwear,type:Leotards & Unitards(default-non-foot),Leotards & Unitards,gionata-sl126,ERROR,page.goto: net::ERR_NAME_NOT_RESOLVED at https://e4no22mu9tsutcr4-52545421474.shopifypreview.com/products/gionata-sl126?realift-debug-consol,,,,,,,,,,,,,https://e4no22mu9tsutcr4-52545421474.shopifypreview.com/products/gionata-sl126
non-footwear,type:Leotards & Unitards(default-non-foot),Leotards & Unitards,edda-sl115,ERROR,page.goto: net::ERR_NAME_NOT_RESOLVED at https://e4no22mu9tsutcr4-52545421474.shopifypreview.com/products/edda-sl115?realift-debug-console=s,,,,,,,,,,,,,https://e4no22mu9tsutcr4-52545421474.shopifypreview.com/products/edda-sl115
non-footwear,type:Leotards & Unitards(default-non-foot),Leotards & Unitards,editta-sl116,ERROR,page.goto: net::ERR_NAME_NOT_RESOLVED at https://e4no22mu9tsutcr4-52545421474.shopifypreview.com/products/editta-sl116?realift-debug-console,,,,,,,,,,,,,https://e4no22mu9tsutcr4-52545421474.shopifypreview.com/products/editta-sl116
non-footwear,type:Leotards & Unitards(default-non-foot),Leotards & Unitards,joelle-sl132,ERROR,page.goto: net::ERR_NAME_NOT_RESOLVED at https://e4no22mu9tsutcr4-52545421474.shopifypreview.com/products/joelle-sl132?realift-debug-console,,,,,,,,,,,,,https://e4no22mu9tsutcr4-52545421474.shopifypreview.com/products/joelle-sl132
non-footwear,type:Leotards & Unitards(default-non-foot),Leotards & Unitards,josephine-sl131,ERROR,page.goto: net::ERR_NAME_NOT_RESOLVED at https://e4no22mu9tsutcr4-52545421474.shopifypreview.com/products/josephine-sl131?realift-debug-cons,,,,,,,,,,,,,https://e4no22mu9tsutcr4-52545421474.shopifypreview.com/products/josephine-sl131
non-footwear,title-exclude:Charm,Leotards & Unitards,charmaine-sl119,ERROR,page.goto: net::ERR_NAME_NOT_RESOLVED at https://e4no22mu9tsutcr4-52545421474.shopifypreview.com/products/charmaine-sl119?realift-debug-cons,,,,,,,,,,,,,https://e4no22mu9tsutcr4-52545421474.shopifypreview.com/products/charmaine-sl119
non-footwear,type:Leotards & Unitards(default-non-foot),Leotards & Unitards,flametta-sl114,ERROR,page.goto: net::ERR_NAME_NOT_RESOLVED at https://e4no22mu9tsutcr4-52545421474.shopifypreview.com/products/flametta-sl114?realift-debug-conso,,,,,,,,,,,,,https://e4no22mu9tsutcr4-52545421474.shopifypreview.com/products/flametta-sl114
non-footwear,type:Leotards & Unitards(default-non-foot),Leotards & Unitards,flamma-sl113,ERROR,page.goto: net::ERR_NAME_NOT_RESOLVED at https://e4no22mu9tsutcr4-52545421474.shopifypreview.com/products/flamma-sl113?realift-debug-console,,,,,,,,,,,,,https://e4no22mu9tsutcr4-52545421474.shopifypreview.com/products/flamma-sl113
non-footwear,type:Gift Card,Gift Card,so-danca-usa-gift-card-1,ERROR,page.goto: net::ERR_NAME_NOT_RESOLVED at https://e4no22mu9tsutcr4-52545421474.shopifypreview.com/products/so-danca-usa-gift-card-1?realift-d,,,,,,,,,,,,,https://e4no22mu9tsutcr4-52545421474.shopifypreview.com/products/so-danca-usa-gift-card-1
non-footwear,type:Leotards & Unitards(default-non-foot),Leotards & Unitards,perla-sl136,ERROR,page.goto: net::ERR_NAME_NOT_RESOLVED at https://e4no22mu9tsutcr4-52545421474.shopifypreview.com/products/perla-sl136?realift-debug-console=,,,,,,,,,,,,,https://e4no22mu9tsutcr4-52545421474.shopifypreview.com/products/perla-sl136
non-footwear,type:Pants(default-non-foot),Pants,kai-pants-sl158,ERROR,page.goto: net::ERR_NAME_NOT_RESOLVED at https://e4no22mu9tsutcr4-52545421474.shopifypreview.com/products/kai-pants-sl158?realift-debug-cons,,,,,,,,,,,,,https://e4no22mu9tsutcr4-52545421474.shopifypreview.com/products/kai-pants-sl158
non-footwear,type:Coats & Jackets(default-non-foot),Coats & Jackets,hai-jacket-sl157,ERROR,page.goto: net::ERR_NAME_NOT_RESOLVED at https://e4no22mu9tsutcr4-52545421474.shopifypreview.com/products/hai-jacket-sl157?realift-debug-con,,,,,,,,,,,,,https://e4no22mu9tsutcr4-52545421474.shopifypreview.com/products/hai-jacket-sl157
non-footwear,type:Coats & Jackets(default-non-foot),Coats & Jackets,jessie-jk01,ERROR,page.goto: net::ERR_NAME_NOT_RESOLVED at https://e4no22mu9tsutcr4-52545421474.shopifypreview.com/products/jessie-jk01?realift-debug-console=,,,,,,,,,,,,,https://e4no22mu9tsutcr4-52545421474.shopifypreview.com/products/jessie-jk01
non-footwear,type:Shirts & Tops,Shirts & Tops,franco-kid-top-sl112,ERROR,page.goto: net::ERR_NAME_NOT_RESOLVED at https://e4no22mu9tsutcr4-52545421474.shopifypreview.com/products/franco-kid-top-sl112?realift-debug,,,,,,,,,,,,,https://e4no22mu9tsutcr4-52545421474.shopifypreview.com/products/franco-kid-top-sl112
non-footwear,type:Pants(default-non-foot),Pants,jacob-kids-tights-sl160,ERROR,page.goto: net::ERR_NAME_NOT_RESOLVED at https://e4no22mu9tsutcr4-52545421474.shopifypreview.com/products/jacob-kids-tights-sl160?realift-de,,,,,,,,,,,,,https://e4no22mu9tsutcr4-52545421474.shopifypreview.com/products/jacob-kids-tights-sl160
non-footwear,type:Tights(default-non-foot),Tights,jacob-tights-sl159,ERROR,page.goto: net::ERR_NAME_NOT_RESOLVED at https://e4no22mu9tsutcr4-52545421474.shopifypreview.com/products/jacob-tights-sl159?realift-debug-c,,,,,,,,,,,,,https://e4no22mu9tsutcr4-52545421474.shopifypreview.com/products/jacob-tights-sl159
non-footwear,type:Leotards & Unitards(default-non-foot),Leotards & Unitards,jennifer-sl06,ERROR,page.goto: net::ERR_NAME_NOT_RESOLVED at https://e4no22mu9tsutcr4-52545421474.shopifypreview.com/products/jennifer-sl06?realift-debug-consol,,,,,,,,,,,,,https://e4no22mu9tsutcr4-52545421474.shopifypreview.com/products/jennifer-sl06
non-footwear,type:Clothing Accessories,Clothing Accessories,you-mocha-me-crazy-ac19,ERROR,page.goto: net::ERR_NAME_NOT_RESOLVED at https://e4no22mu9tsutcr4-52545421474.shopifypreview.com/products/you-mocha-me-crazy-ac19?realift-de,,,,,,,,,,,,,https://e4no22mu9tsutcr4-52545421474.shopifypreview.com/products/you-mocha-me-crazy-ac19
non-footwear,type:Leotards & Unitards(default-non-foot),Leotards & Unitards,pratish-sl03,ERROR,page.goto: net::ERR_NAME_NOT_RESOLVED at https://e4no22mu9tsutcr4-52545421474.shopifypreview.com/products/pratish-sl03?realift-debug-console,,,,,,,,,,,,,https://e4no22mu9tsutcr4-52545421474.shopifypreview.com/products/pratish-sl03
non-footwear,type:Leotards & Unitards(default-non-foot),Leotards & Unitards,paolina-sl130,ERROR,page.goto: net::ERR_NAME_NOT_RESOLVED at https://e4no22mu9tsutcr4-52545421474.shopifypreview.com/products/paolina-sl130?realift-debug-consol,,,,,,,,,,,,,https://e4no22mu9tsutcr4-52545421474.shopifypreview.com/products/paolina-sl130
non-footwear,type:Leotards & Unitards(default-non-foot),Leotards & Unitards,paola-sl129,ERROR,page.goto: net::ERR_NAME_NOT_RESOLVED at https://e4no22mu9tsutcr4-52545421474.shopifypreview.com/products/paola-sl129?realift-debug-console=,,,,,,,,,,,,,https://e4no22mu9tsutcr4-52545421474.shopifypreview.com/products/paola-sl129
non-footwear,type:Leotards & Unitards(default-non-foot),Leotards & Unitards,gaia-sl117,ERROR,page.goto: net::ERR_NAME_NOT_RESOLVED at https://e4no22mu9tsutcr4-52545421474.shopifypreview.com/products/gaia-sl117?realift-debug-console=s,,,,,,,,,,,,,https://e4no22mu9tsutcr4-52545421474.shopifypreview.com/products/gaia-sl117
non-footwear,type:Leotards & Unitards(default-non-foot),Leotards & Unitards,galilea-sl118,ERROR,page.goto: net::ERR_NAME_NOT_RESOLVED at https://e4no22mu9tsutcr4-52545421474.shopifypreview.com/products/galilea-sl118?realift-debug-consol,,,,,,,,,,,,,https://e4no22mu9tsutcr4-52545421474.shopifypreview.com/products/galilea-sl118
non-footwear,type:Headbands(default-non-foot),Headbands,sl94,ERROR,page.goto: net::ERR_NAME_NOT_RESOLVED at https://e4no22mu9tsutcr4-52545421474.shopifypreview.com/products/sl94?realift-debug-console=show Ca,,,,,,,,,,,,,https://e4no22mu9tsutcr4-52545421474.shopifypreview.com/products/sl94
non-footwear,type:Leotards & Unitards(default-non-foot),Leotards & Unitards,gioconda-sl96,ERROR,page.goto: net::ERR_NAME_NOT_RESOLVED at https://e4no22mu9tsutcr4-52545421474.shopifypreview.com/products/gioconda-sl96?realift-debug-consol,,,,,,,,,,,,,https://e4no22mu9tsutcr4-52545421474.shopifypreview.com/products/gioconda-sl96
non-footwear,type:Leotards & Unitards(default-non-foot),Leotards & Unitards,lorna-sl106,ERROR,page.goto: net::ERR_NAME_NOT_RESOLVED at https://e4no22mu9tsutcr4-52545421474.shopifypreview.com/products/lorna-sl106?realift-debug-console=,,,,,,,,,,,,,https://e4no22mu9tsutcr4-52545421474.shopifypreview.com/products/lorna-sl106
non-footwear,type:Leotards & Unitards(default-non-foot),Leotards & Unitards,lorena-sl105,ERROR,page.goto: net::ERR_NAME_NOT_RESOLVED at https://e4no22mu9tsutcr4-52545421474.shopifypreview.com/products/lorena-sl105?realift-debug-console,,,,,,,,,,,,,https://e4no22mu9tsutcr4-52545421474.shopifypreview.com/products/lorena-sl105
non-footwear,type:Leotards & Unitards(default-non-foot),Leotards & Unitards,lory-sl104,ERROR,page.goto: net::ERR_NAME_NOT_RESOLVED at https://e4no22mu9tsutcr4-52545421474.shopifypreview.com/products/lory-sl104?realift-debug-console=s,,,,,,,,,,,,,https://e4no22mu9tsutcr4-52545421474.shopifypreview.com/products/lory-sl104
non-footwear,type:Keychains(default-non-foot),Keychains,tap-keychain-kc14,ERROR,page.goto: net::ERR_NAME_NOT_RESOLVED at https://e4no22mu9tsutcr4-52545421474.shopifypreview.com/products/tap-keychain-kc14?realift-debug-co,,,,,,,,,,,,,https://e4no22mu9tsutcr4-52545421474.shopifypreview.com/products/tap-keychain-kc14
non-footwear,title-exclude:Bag,Luggage & Bags,vero-sbsd1,ERROR,page.goto: net::ERR_NAME_NOT_RESOLVED at https://e4no22mu9tsutcr4-52545421474.shopifypreview.com/products/vero-sbsd1?realift-debug-console=s,,,,,,,,,,,,,https://e4no22mu9tsutcr4-52545421474.shopifypreview.com/products/vero-sbsd1
non-footwear,type:Skirts(default-non-foot),Skirts,lois-sl93,ERROR,page.goto: net::ERR_NAME_NOT_RESOLVED at https://e4no22mu9tsutcr4-52545421474.shopifypreview.com/products/lois-sl93?realift-debug-console=sh,,,,,,,,,,,,,https://e4no22mu9tsutcr4-52545421474.shopifypreview.com/products/lois-sl93
non-footwear,type:Leotards & Unitards(default-non-foot),Leotards & Unitards,sl134,ERROR,page.goto: net::ERR_NAME_NOT_RESOLVED at https://e4no22mu9tsutcr4-52545421474.shopifypreview.com/products/sl134?realift-debug-console=show C,,,,,,,,,,,,,https://e4no22mu9tsutcr4-52545421474.shopifypreview.com/products/sl134
non-footwear,type:Hosiery(default-non-foot),Hosiery,ts87,ERROR,page.goto: net::ERR_NAME_NOT_RESOLVED at https://e4no22mu9tsutcr4-52545421474.shopifypreview.com/products/ts87?realift-debug-console=show Ca,,,,,,,,,,,,,https://e4no22mu9tsutcr4-52545421474.shopifypreview.com/products/ts87
non-footwear,type:Skirts(default-non-foot),Skirts,nancy-skirt-sl66,ERROR,page.goto: net::ERR_NAME_NOT_RESOLVED at https://e4no22mu9tsutcr4-52545421474.shopifypreview.com/products/nancy-skirt-sl66?realift-debug-con,,,,,,,,,,,,,https://e4no22mu9tsutcr4-52545421474.shopifypreview.com/products/nancy-skirt-sl66
non-footwear,type:Skirts(default-non-foot),Skirts,toulon-skirt-sl65,ERROR,page.goto: net::ERR_NAME_NOT_RESOLVED at https://e4no22mu9tsutcr4-52545421474.shopifypreview.com/products/toulon-skirt-sl65?realift-debug-co,,,,,,,,,,,,,https://e4no22mu9tsutcr4-52545421474.shopifypreview.com/products/toulon-skirt-sl65
non-footwear,type:Leotards & Unitards(default-non-foot),Leotards & Unitards,marley-sl21,ERROR,page.goto: net::ERR_NAME_NOT_RESOLVED at https://e4no22mu9tsutcr4-52545421474.shopifypreview.com/products/marley-sl21?realift-debug-console=,,,,,,,,,,,,,https://e4no22mu9tsutcr4-52545421474.shopifypreview.com/products/marley-sl21
non-footwear,type:Skirts(default-non-foot),Skirts,loire-sl64,ERROR,page.goto: net::ERR_NAME_NOT_RESOLVED at https://e4no22mu9tsutcr4-52545421474.shopifypreview.com/products/loire-sl64?realift-debug-console=s,,,,,,,,,,,,,https://e4no22mu9tsutcr4-52545421474.shopifypreview.com/products/loire-sl64
non-footwear,type:Leotards & Unitards(default-non-foot),Leotards & Unitards,mari-sl20,ERROR,page.goto: net::ERR_NAME_NOT_RESOLVED at https://e4no22mu9tsutcr4-52545421474.shopifypreview.com/products/mari-sl20?realift-debug-console=sh,,,,,,,,,,,,,https://e4no22mu9tsutcr4-52545421474.shopifypreview.com/products/mari-sl20
non-footwear,type:Leotards & Unitards(default-non-foot),Leotards & Unitards,lynn-sl19,ERROR,page.goto: net::ERR_NAME_NOT_RESOLVED at https://e4no22mu9tsutcr4-52545421474.shopifypreview.com/products/lynn-sl19?realift-debug-console=sh,,,,,,,,,,,,,https://e4no22mu9tsutcr4-52545421474.shopifypreview.com/products/lynn-sl19
non-footwear,type:Leotards & Unitards(default-non-foot),Leotards & Unitards,marilyn-sl18,ERROR,page.goto: net::ERR_NAME_NOT_RESOLVED at https://e4no22mu9tsutcr4-52545421474.shopifypreview.com/products/marilyn-sl18?realift-debug-console,,,,,,,,,,,,,https://e4no22mu9tsutcr4-52545421474.shopifypreview.com/products/marilyn-sl18
non-footwear,type:Skirts(default-non-foot),Skirts,florence-skirt-sl61,ERROR,page.goto: net::ERR_NAME_NOT_RESOLVED at https://e4no22mu9tsutcr4-52545421474.shopifypreview.com/products/florence-skirt-sl61?realift-debug-,,,,,,,,,,,,,https://e4no22mu9tsutcr4-52545421474.shopifypreview.com/products/florence-skirt-sl61
non-footwear,type:Skirts(default-non-foot),Skirts,ankara-skirt-sl60,ERROR,page.goto: net::ERR_NAME_NOT_RESOLVED at https://e4no22mu9tsutcr4-52545421474.shopifypreview.com/products/ankara-skirt-sl60?realift-debug-co,,,,,,,,,,,,,https://e4no22mu9tsutcr4-52545421474.shopifypreview.com/products/ankara-skirt-sl60
non-footwear,type:Shorts,Shorts,alli-sl83,ERROR,page.goto: net::ERR_NAME_NOT_RESOLVED at https://e4no22mu9tsutcr4-52545421474.shopifypreview.com/products/alli-sl83?realift-debug-console=sh,,,,,,,,,,,,,https://e4no22mu9tsutcr4-52545421474.shopifypreview.com/products/alli-sl83
non-footwear,type:Skirts(default-non-foot),Skirts,bellino-skirt-sl63,ERROR,page.goto: net::ERR_NAME_NOT_RESOLVED at https://e4no22mu9tsutcr4-52545421474.shopifypreview.com/products/bellino-skirt-sl63?realift-debug-c,,,,,,,,,,,,,https://e4no22mu9tsutcr4-52545421474.shopifypreview.com/products/bellino-skirt-sl63
non-footwear,type:Leotards & Unitards(default-non-foot),Leotards & Unitards,loretta-sl22,ERROR,page.goto: net::ERR_NAME_NOT_RESOLVED at https://e4no22mu9tsutcr4-52545421474.shopifypreview.com/products/loretta-sl22?realift-debug-console,,,,,,,,,,,,,https://e4no22mu9tsutcr4-52545421474.shopifypreview.com/products/loretta-sl22
non-footwear,type:Shorts,Shorts,allison-sl82,ERROR,page.goto: net::ERR_NAME_NOT_RESOLVED at https://e4no22mu9tsutcr4-52545421474.shopifypreview.com/products/allison-sl82?realift-debug-console,,,,,,,,,,,,,https://e4no22mu9tsutcr4-52545421474.shopifypreview.com/products/allison-sl82
non-footwear,type:Leotards & Unitards(default-non-foot),Leotards & Unitards,tilly-sl17,ERROR,page.goto: net::ERR_NAME_NOT_RESOLVED at https://e4no22mu9tsutcr4-52545421474.shopifypreview.com/products/tilly-sl17?realift-debug-console=s,,,,,,,,,,,,,https://e4no22mu9tsutcr4-52545421474.shopifypreview.com/products/tilly-sl17
non-footwear,type:Leotards & Unitards(default-non-foot),Leotards & Unitards,matilda-sl16,ERROR,page.goto: net::ERR_NAME_NOT_RESOLVED at https://e4no22mu9tsutcr4-52545421474.shopifypreview.com/products/matilda-sl16?realift-debug-console,,,,,,,,,,,,,https://e4no22mu9tsutcr4-52545421474.shopifypreview.com/products/matilda-sl16
non-footwear,type:Leotards & Unitards(default-non-foot),Leotards & Unitards,camilla-sl14,ERROR,page.goto: net::ERR_NAME_NOT_RESOLVED at https://e4no22mu9tsutcr4-52545421474.shopifypreview.com/products/camilla-sl14?realift-debug-console,,,,,,,,,,,,,https://e4no22mu9tsutcr4-52545421474.shopifypreview.com/products/camilla-sl14
non-footwear,type:Leotards & Unitards(default-non-foot),Leotards & Unitards,millie-sl11,ERROR,page.goto: net::ERR_NAME_NOT_RESOLVED at https://e4no22mu9tsutcr4-52545421474.shopifypreview.com/products/millie-sl11?realift-debug-console=,,,,,,,,,,,,,https://e4no22mu9tsutcr4-52545421474.shopifypreview.com/products/millie-sl11
non-footwear,type:Leotards & Unitards(default-non-foot),Leotards & Unitards,cami-sl15,ERROR,page.goto: net::ERR_NAME_NOT_RESOLVED at https://e4no22mu9tsutcr4-52545421474.shopifypreview.com/products/cami-sl15?realift-debug-console=sh,,,,,,,,,,,,,https://e4no22mu9tsutcr4-52545421474.shopifypreview.com/products/cami-sl15
non-footwear,type:Leotards & Unitards(default-non-foot),Leotards & Unitards,olivia-sl08,ERROR,page.goto: net::ERR_NAME_NOT_RESOLVED at https://e4no22mu9tsutcr4-52545421474.shopifypreview.com/products/olivia-sl08?realift-debug-console=,,,,,,,,,,,,,https://e4no22mu9tsutcr4-52545421474.shopifypreview.com/products/olivia-sl08
non-footwear,type:Leotards & Unitards(default-non-foot),Leotards & Unitards,jenny-sl07,ERROR,page.goto: net::ERR_NAME_NOT_RESOLVED at https://e4no22mu9tsutcr4-52545421474.shopifypreview.com/products/jenny-sl07?realift-debug-console=s,,,,,,,,,,,,,https://e4no22mu9tsutcr4-52545421474.shopifypreview.com/products/jenny-sl07
non-footwear,type:Leotards & Unitards(default-non-foot),Leotards & Unitards,patricia-sl02,ERROR,page.goto: net::ERR_NAME_NOT_RESOLVED at https://e4no22mu9tsutcr4-52545421474.shopifypreview.com/products/patricia-sl02?realift-debug-consol,,,,,,,,,,,,,https://e4no22mu9tsutcr4-52545421474.shopifypreview.com/products/patricia-sl02
non-footwear,type:Leotards & Unitards(default-non-foot),Leotards & Unitards,amelia-sl10,ERROR,page.goto: net::ERR_NAME_NOT_RESOLVED at https://e4no22mu9tsutcr4-52545421474.shopifypreview.com/products/amelia-sl10?realift-debug-console=,,,,,,,,,,,,,https://e4no22mu9tsutcr4-52545421474.shopifypreview.com/products/amelia-sl10
non-footwear,type:Leotards & Unitards(default-non-foot),Leotards & Unitards,stephanie-sl04,ERROR,page.goto: net::ERR_NAME_NOT_RESOLVED at https://e4no22mu9tsutcr4-52545421474.shopifypreview.com/products/stephanie-sl04?realift-debug-conso,,,,,,,,,,,,,https://e4no22mu9tsutcr4-52545421474.shopifypreview.com/products/stephanie-sl04
non-footwear,type:Leotards & Unitards(default-non-foot),Leotards & Unitards,steffi-sl05,ERROR,page.goto: net::ERR_NAME_NOT_RESOLVED at https://e4no22mu9tsutcr4-52545421474.shopifypreview.com/products/steffi-sl05?realift-debug-console=,,,,,,,,,,,,,https://e4no22mu9tsutcr4-52545421474.shopifypreview.com/products/steffi-sl05
non-footwear,type:Shorts,Shorts,aubrey-sl80,ERROR,page.goto: net::ERR_NAME_NOT_RESOLVED at https://e4no22mu9tsutcr4-52545421474.shopifypreview.com/products/aubrey-sl80?realift-debug-console=,,,,,,,,,,,,,https://e4no22mu9tsutcr4-52545421474.shopifypreview.com/products/aubrey-sl80
non-footwear,type:Leotards & Unitards(default-non-foot),Leotards & Unitards,beatrice-sl12,ERROR,page.goto: net::ERR_NAME_NOT_RESOLVED at https://e4no22mu9tsutcr4-52545421474.shopifypreview.com/products/beatrice-sl12?realift-debug-consol,,,,,,,,,,,,,https://e4no22mu9tsutcr4-52545421474.shopifypreview.com/products/beatrice-sl12
non-footwear,type:Leotards & Unitards(default-non-foot),Leotards & Unitards,livy-sl09,ERROR,page.goto: net::ERR_NAME_NOT_RESOLVED at https://e4no22mu9tsutcr4-52545421474.shopifypreview.com/products/livy-sl09?realift-debug-console=sh,,,,,,,,,,,,,https://e4no22mu9tsutcr4-52545421474.shopifypreview.com/products/livy-sl09
non-footwear,type:Shorts,Shorts,sl81,ERROR,page.goto: net::ERR_NAME_NOT_RESOLVED at https://e4no22mu9tsutcr4-52545421474.shopifypreview.com/products/sl81?realift-debug-console=show Ca,,,,,,,,,,,,,https://e4no22mu9tsutcr4-52545421474.shopifypreview.com/products/sl81
non-footwear,type:Leotards & Unitards(default-non-foot),Leotards & Unitards,trissie-sl13,ERROR,page.goto: net::ERR_NAME_NOT_RESOLVED at https://e4no22mu9tsutcr4-52545421474.shopifypreview.com/products/trissie-sl13?realift-debug-console,,,,,,,,,,,,,https://e4no22mu9tsutcr4-52545421474.shopifypreview.com/products/trissie-sl13
non-footwear,type:Hosiery(default-non-foot),Hosiery,ts95,ERROR,page.goto: net::ERR_NAME_NOT_RESOLVED at https://e4no22mu9tsutcr4-52545421474.shopifypreview.com/products/ts95?realift-debug-console=show Ca,,,,,,,,,,,,,https://e4no22mu9tsutcr4-52545421474.shopifypreview.com/products/ts95
non-footwear,type:Hosiery(default-non-foot),Hosiery,ts96,ERROR,page.goto: net::ERR_NAME_NOT_RESOLVED at https://e4no22mu9tsutcr4-52545421474.shopifypreview.com/products/ts96?realift-debug-console=show Ca,,,,,,,,,,,,,https://e4no22mu9tsutcr4-52545421474.shopifypreview.com/products/ts96
non-footwear,type:Hosiery(default-non-foot),Hosiery,ts98,ERROR,page.goto: net::ERR_NAME_NOT_RESOLVED at https://e4no22mu9tsutcr4-52545421474.shopifypreview.com/products/ts98?realift-debug-console=show Ca,,,,,,,,,,,,,https://e4no22mu9tsutcr4-52545421474.shopifypreview.com/products/ts98
non-footwear,type:Leotards & Unitards(default-non-foot),Leotards & Unitards,polina-sl135,ERROR,page.goto: net::ERR_NAME_NOT_RESOLVED at https://e4no22mu9tsutcr4-52545421474.shopifypreview.com/products/polina-sl135?realift-debug-console,,,,,,,,,,,,,https://e4no22mu9tsutcr4-52545421474.shopifypreview.com/products/polina-sl135
non-footwear,type:Leotards & Unitards(default-non-foot),Leotards & Unitards,desiree-sl109,ERROR,page.goto: net::ERR_NAME_NOT_RESOLVED at https://e4no22mu9tsutcr4-52545421474.shopifypreview.com/products/desiree-sl109?realift-debug-consol,,,,,,,,,,,,,https://e4no22mu9tsutcr4-52545421474.shopifypreview.com/products/desiree-sl109
non-footwear,type:Leotards & Unitards(default-non-foot),Leotards & Unitards,marcelle-sl137,ERROR,page.goto: net::ERR_NAME_NOT_RESOLVED at https://e4no22mu9tsutcr4-52545421474.shopifypreview.com/products/marcelle-sl137?realift-debug-conso,,,,,,,,,,,,,https://e4no22mu9tsutcr4-52545421474.shopifypreview.com/products/marcelle-sl137
non-footwear,type:Bodyliner(default-non-foot),Bodyliner,dorotea-dance-brief-ug208,ERROR,page.goto: net::ERR_NAME_NOT_RESOLVED at https://e4no22mu9tsutcr4-52545421474.shopifypreview.com/products/dorotea-dance-brief-ug208?realift-,,,,,,,,,,,,,https://e4no22mu9tsutcr4-52545421474.shopifypreview.com/products/dorotea-dance-brief-ug208
non-footwear,type:Bodyliner(default-non-foot),Bodyliner,sabrina-ug204,ERROR,page.goto: net::ERR_NAME_NOT_RESOLVED at https://e4no22mu9tsutcr4-52545421474.shopifypreview.com/products/sabrina-ug204?realift-debug-consol,,,,,,,,,,,,,https://e4no22mu9tsutcr4-52545421474.shopifypreview.com/products/sabrina-ug204
non-footwear,type:Camisole Bodyliner(default-non-foot),Camisole Bodyliner,antonella-ug202,ERROR,page.goto: net::ERR_NAME_NOT_RESOLVED at https://e4no22mu9tsutcr4-52545421474.shopifypreview.com/products/antonella-ug202?realift-debug-cons,,,,,,,,,,,,,https://e4no22mu9tsutcr4-52545421474.shopifypreview.com/products/antonella-ug202
non-footwear,type:Hosiery(default-non-foot),Hosiery,ts78,ERROR,page.goto: net::ERR_NAME_NOT_RESOLVED at https://e4no22mu9tsutcr4-52545421474.shopifypreview.com/products/ts78?realift-debug-console=show Ca,,,,,,,,,,,,,https://e4no22mu9tsutcr4-52545421474.shopifypreview.com/products/ts78
non-footwear,type:Hosiery(default-non-foot),Hosiery,ts70,ERROR,page.goto: net::ERR_NAME_NOT_RESOLVED at https://e4no22mu9tsutcr4-52545421474.shopifypreview.com/products/ts70?realift-debug-console=show Ca,,,,,,,,,,,,,https://e4no22mu9tsutcr4-52545421474.shopifypreview.com/products/ts70
non-footwear,type:Hosiery(default-non-foot),Hosiery,ts74,ERROR,page.goto: net::ERR_NAME_NOT_RESOLVED at https://e4no22mu9tsutcr4-52545421474.shopifypreview.com/products/ts74?realift-debug-console=show Ca,,,,,,,,,,,,,https://e4no22mu9tsutcr4-52545421474.shopifypreview.com/products/ts74
non-footwear,type:Hosiery(default-non-foot),Hosiery,ts81,ERROR,page.goto: net::ERR_NAME_NOT_RESOLVED at https://e4no22mu9tsutcr4-52545421474.shopifypreview.com/products/ts81?realift-debug-console=show Ca,,,,,,,,,,,,,https://e4no22mu9tsutcr4-52545421474.shopifypreview.com/products/ts81
non-footwear,type:Bodyliner(default-non-foot),Bodyliner,tea-ug207,ERROR,page.goto: net::ERR_NAME_NOT_RESOLVED at https://e4no22mu9tsutcr4-52545421474.shopifypreview.com/products/tea-ug207?realift-debug-console=sh,,,,,,,,,,,,,https://e4no22mu9tsutcr4-52545421474.shopifypreview.com/products/tea-ug207
non-footwear,type:Hosiery(default-non-foot),Hosiery,ts77,ERROR,page.goto: net::ERR_NAME_NOT_RESOLVED at https://e4no22mu9tsutcr4-52545421474.shopifypreview.com/products/ts77?realift-debug-console=show Ca,,,,,,,,,,,,,https://e4no22mu9tsutcr4-52545421474.shopifypreview.com/products/ts77
non-footwear,type:Leotards & Unitards(default-non-foot),Leotards & Unitards,ella-ug201,ERROR,page.goto: net::ERR_NAME_NOT_RESOLVED at https://e4no22mu9tsutcr4-52545421474.shopifypreview.com/products/ella-ug201?realift-debug-console=s,,,,,,,,,,,,,https://e4no22mu9tsutcr4-52545421474.shopifypreview.com/products/ella-ug201
non-footwear,type:Hosiery(default-non-foot),Hosiery,ts73,ERROR,page.goto: net::ERR_NAME_NOT_RESOLVED at https://e4no22mu9tsutcr4-52545421474.shopifypreview.com/products/ts73?realift-debug-console=show Ca,,,,,,,,,,,,,https://e4no22mu9tsutcr4-52545421474.shopifypreview.com/products/ts73
non-footwear,type:Hosiery(default-non-foot),Hosiery,ts69,ERROR,page.goto: net::ERR_NAME_NOT_RESOLVED at https://e4no22mu9tsutcr4-52545421474.shopifypreview.com/products/ts69?realift-debug-console=show Ca,,,,,,,,,,,,,https://e4no22mu9tsutcr4-52545421474.shopifypreview.com/products/ts69
non-footwear,type:Hosiery(default-non-foot),Hosiery,ts82,ERROR,page.goto: net::ERR_NAME_NOT_RESOLVED at https://e4no22mu9tsutcr4-52545421474.shopifypreview.com/products/ts82?realift-debug-console=show Ca,,,,,,,,,,,,,https://e4no22mu9tsutcr4-52545421474.shopifypreview.com/products/ts82
non-footwear,type:Apparel & Accessories,Apparel & Accessories,pointe-shoe-cover-ac12,ERROR,page.goto: net::ERR_NAME_NOT_RESOLVED at https://e4no22mu9tsutcr4-52545421474.shopifypreview.com/products/pointe-shoe-cover-ac12?realift-deb,,,,,,,,,,,,,https://e4no22mu9tsutcr4-52545421474.shopifypreview.com/products/pointe-shoe-cover-ac12
non-footwear,type:Leotards & Unitards(default-non-foot),Leotards & Unitards,marlie-sl125,ERROR,page.goto: net::ERR_NAME_NOT_RESOLVED at https://e4no22mu9tsutcr4-52545421474.shopifypreview.com/products/marlie-sl125?realift-debug-console,,,,,,,,,,,,,https://e4no22mu9tsutcr4-52545421474.shopifypreview.com/products/marlie-sl125
non-footwear,type:Apparel & Accessories,Apparel & Accessories,mini-jazz-shoe-keychain-kc04,ERROR,page.goto: net::ERR_NAME_NOT_RESOLVED at https://e4no22mu9tsutcr4-52545421474.shopifypreview.com/products/mini-jazz-shoe-keychain-kc04?reali,,,,,,,,,,,,,https://e4no22mu9tsutcr4-52545421474.shopifypreview.com/products/mini-jazz-shoe-keychain-kc04
non-footwear,type:Leotards & Unitards(default-non-foot),Leotards & Unitards,ashley-sl27,ERROR,page.goto: net::ERR_NAME_NOT_RESOLVED at https://e4no22mu9tsutcr4-52545421474.shopifypreview.com/products/ashley-sl27?realift-debug-console=,,,,,,,,,,,,,https://e4no22mu9tsutcr4-52545421474.shopifypreview.com/products/ashley-sl27
non-footwear,type:Leotards & Unitards(default-non-foot),Leotards & Unitards,margaret-sl25,ERROR,page.goto: net::ERR_NAME_NOT_RESOLVED at https://e4no22mu9tsutcr4-52545421474.shopifypreview.com/products/margaret-sl25?realift-debug-consol,,,,,,,,,,,,,https://e4no22mu9tsutcr4-52545421474.shopifypreview.com/products/margaret-sl25
non-footwear,type:Leotards & Unitards(default-non-foot),Leotards & Unitards,maggie-sl26,ERROR,page.goto: net::ERR_NAME_NOT_RESOLVED at https://e4no22mu9tsutcr4-52545421474.shopifypreview.com/products/maggie-sl26?realift-debug-console=,,,,,,,,,,,,,https://e4no22mu9tsutcr4-52545421474.shopifypreview.com/products/maggie-sl26
non-footwear,type:Skirts(default-non-foot),Skirts,lyon-skirt-sl67,ERROR,page.goto: net::ERR_NAME_NOT_RESOLVED at https://e4no22mu9tsutcr4-52545421474.shopifypreview.com/products/lyon-skirt-sl67?realift-debug-cons,,,,,,,,,,,,,https://e4no22mu9tsutcr4-52545421474.shopifypreview.com/products/lyon-skirt-sl67
non-footwear,type:Leotards & Unitards(default-non-foot),Leotards & Unitards,marlena-sl124,ERROR,page.goto: net::ERR_NAME_NOT_RESOLVED at https://e4no22mu9tsutcr4-52545421474.shopifypreview.com/products/marlena-sl124?realift-debug-consol,,,,,,,,,,,,,https://e4no22mu9tsutcr4-52545421474.shopifypreview.com/products/marlena-sl124
non-footwear,type:Shirts & Tops,Shirts & Tops,franco-top-sl111,ERROR,page.goto: net::ERR_NAME_NOT_RESOLVED at https://e4no22mu9tsutcr4-52545421474.shopifypreview.com/products/franco-top-sl111?realift-debug-con,,,,,,,,,,,,,https://e4no22mu9tsutcr4-52545421474.shopifypreview.com/products/franco-top-sl111
non-footwear,type:Skirts(default-non-foot),Skirts,lyonese-skirt-sl68,ERROR,page.goto: net::ERR_NAME_NOT_RESOLVED at https://e4no22mu9tsutcr4-52545421474.shopifypreview.com/products/lyonese-skirt-sl68?realift-debug-c,,,,,,,,,,,,,https://e4no22mu9tsutcr4-52545421474.shopifypreview.com/products/lyonese-skirt-sl68
non-footwear,type:Mystery Bag,Mystery Bag,mystery-bags,ERROR,page.goto: net::ERR_NAME_NOT_RESOLVED at https://e4no22mu9tsutcr4-52545421474.shopifypreview.com/products/mystery-bags?realift-debug-console,,,,,,,,,,,,,https://e4no22mu9tsutcr4-52545421474.shopifypreview.com/products/mystery-bags
non-footwear,type:Ribbons & Trim(default-non-foot),Ribbons & Trim,home-stretch-ac18,ERROR,page.goto: net::ERR_NAME_NOT_RESOLVED at https://e4no22mu9tsutcr4-52545421474.shopifypreview.com/products/home-stretch-ac18?realift-debug-co,,,,,,,,,,,,,https://e4no22mu9tsutcr4-52545421474.shopifypreview.com/products/home-stretch-ac18
non-footwear,type-exclude:Kit,Stitch Kit,sew-what-st01,ERROR,page.goto: net::ERR_NAME_NOT_RESOLVED at https://e4no22mu9tsutcr4-52545421474.shopifypreview.com/products/sew-what-st01?realift-debug-consol,,,,,,,,,,,,,https://e4no22mu9tsutcr4-52545421474.shopifypreview.com/products/sew-what-st01
